destination,destination_code,month,traveler_style,daily_cost_inr
shimla,0,1,0,1852
shimla,0,1,0,2185
shimla,0,1,0,2058
shimla,0,1,0,1981
shimla,0,1,0,1726
shimla,0,1,0,1726
shimla,0,1,0,1669
shimla,0,1,0,2136
shimla,0,1,0,1983
shimla,0,1,0,2045
shimla,0,1,0,1648
shimla,0,1,0,2196
shimla,0,1,0,2116
shimla,0,1,0,1758
shimla,0,1,0,1741
shimla,0,1,0,1742
shimla,0,1,0,1811
shimla,0,1,0,1939
shimla,0,1,0,1885
shimla,0,1,0,1804
shimla,0,1,0,1989
shimla,0,1,0,1716
shimla,0,1,0,1804
shimla,0,1,0,1847
shimla,0,1,0,1899
shimla,0,1,0,2089
shimla,0,1,0,1751
shimla,0,1,0,1933
shimla,0,1,0,1978
shimla,0,1,0,1663
shimla,0,1,0,1987
shimla,0,1,0,1734
shimla,0,1,0,1673
shimla,0,1,0,2184
shimla,0,1,0,2193
shimla,0,1,0,2103
shimla,0,1,0,1812
shimla,0,1,0,1692
shimla,0,1,0,2031
shimla,0,1,0,1890
shimla,0,1,0,1706
shimla,0,1,0,1922
shimla,0,1,0,1656
shimla,0,1,0,2161
shimla,0,1,0,1785
shimla,0,1,0,2018
shimla,0,1,0,1816
shimla,0,1,0,1936
shimla,0,1,0,1951
shimla,0,1,0,1743
shimla,0,2,0,1568
shimla,0,2,0,1488
shimla,0,2,0,1556
shimla,0,2,0,1537
shimla,0,2,0,1415
shimla,0,2,0,1549
shimla,0,2,0,1205
shimla,0,2,0,1249
shimla,0,2,0,1187
shimla,0,2,0,1302
shimla,0,2,0,1329
shimla,0,2,0,1280
shimla,0,2,0,1510
shimla,0,2,0,1315
shimla,0,2,0,1284
shimla,0,2,0,1392
shimla,0,2,0,1226
shimla,0,2,0,1499
shimla,0,2,0,1199
shimla,0,2,0,1575
shimla,0,2,0,1487
shimla,0,2,0,1250
shimla,0,2,0,1171
shimla,0,2,0,1505
shimla,0,2,0,1460
shimla,0,2,0,1469
shimla,0,2,0,1486
shimla,0,2,0,1199
shimla,0,2,0,1316
shimla,0,2,0,1216
shimla,0,2,0,1524
shimla,0,2,0,1425
shimla,0,2,0,1305
shimla,0,2,0,1194
shimla,0,2,0,1297
shimla,0,2,0,1302
shimla,0,2,0,1469
shimla,0,2,0,1431
shimla,0,2,0,1534
shimla,0,2,0,1363
shimla,0,2,0,1218
shimla,0,2,0,1462
shimla,0,2,0,1482
shimla,0,2,0,1400
shimla,0,2,0,1486
shimla,0,2,0,1372
shimla,0,2,0,1384
shimla,0,2,0,1345
shimla,0,2,0,1179
shimla,0,2,0,1213
shimla,0,3,0,1181
shimla,0,3,0,1431
shimla,0,3,0,1298
shimla,0,3,0,1378
shimla,0,3,0,1543
shimla,0,3,0,1271
shimla,0,3,0,1338
shimla,0,3,0,1480
shimla,0,3,0,1263
shimla,0,3,0,1200
shimla,0,3,0,1288
shimla,0,3,0,1235
shimla,0,3,0,1552
shimla,0,3,0,1502
shimla,0,3,0,1430
shimla,0,3,0,1528
shimla,0,3,0,1500
shimla,0,3,0,1245
shimla,0,3,0,1536
shimla,0,3,0,1391
shimla,0,3,0,1501
shimla,0,3,0,1538
shimla,0,3,0,1299
shimla,0,3,0,1214
shimla,0,3,0,1262
shimla,0,3,0,1344
shimla,0,3,0,1506
shimla,0,3,0,1523
shimla,0,3,0,1171
shimla,0,3,0,1379
shimla,0,3,0,1340
shimla,0,3,0,1260
shimla,0,3,0,1218
shimla,0,3,0,1308
shimla,0,3,0,1557
shimla,0,3,0,1302
shimla,0,3,0,1382
shimla,0,3,0,1458
shimla,0,3,0,1318
shimla,0,3,0,1569
shimla,0,3,0,1565
shimla,0,3,0,1272
shimla,0,3,0,1373
shimla,0,3,0,1292
shimla,0,3,0,1286
shimla,0,3,0,1183
shimla,0,3,0,1420
shimla,0,3,0,1376
shimla,0,3,0,1189
shimla,0,3,0,1283
shimla,0,4,0,1543
shimla,0,4,0,1267
shimla,0,4,0,1228
shimla,0,4,0,1370
shimla,0,4,0,1575
shimla,0,4,0,1268
shimla,0,4,0,1446
shimla,0,4,0,1482
shimla,0,4,0,1266
shimla,0,4,0,1469
shimla,0,4,0,1320
shimla,0,4,0,1429
shimla,0,4,0,1430
shimla,0,4,0,1389
shimla,0,4,0,1205
shimla,0,4,0,1513
shimla,0,4,0,1301
shimla,0,4,0,1245
shimla,0,4,0,1185
shimla,0,4,0,1412
shimla,0,4,0,1448
shimla,0,4,0,1175
shimla,0,4,0,1379
shimla,0,4,0,1262
shimla,0,4,0,1434
shimla,0,4,0,1240
shimla,0,4,0,1453
shimla,0,4,0,1328
shimla,0,4,0,1555
shimla,0,4,0,1225
shimla,0,4,0,1309
shimla,0,4,0,1215
shimla,0,4,0,1550
shimla,0,4,0,1530
shimla,0,4,0,1275
shimla,0,4,0,1440
shimla,0,4,0,1505
shimla,0,4,0,1397
shimla,0,4,0,1387
shimla,0,4,0,1268
shimla,0,4,0,1207
shimla,0,4,0,1538
shimla,0,4,0,1540
shimla,0,4,0,1429
shimla,0,4,0,1308
shimla,0,4,0,1312
shimla,0,4,0,1468
shimla,0,4,0,1538
shimla,0,4,0,1534
shimla,0,4,0,1490
shimla,0,5,0,2293
shimla,0,5,0,1925
shimla,0,5,0,1976
shimla,0,5,0,2463
shimla,0,5,0,2270
shimla,0,5,0,1876
shimla,0,5,0,1936
shimla,0,5,0,2307
shimla,0,5,0,1873
shimla,0,5,0,1976
shimla,0,5,0,2232
shimla,0,5,0,2326
shimla,0,5,0,2300
shimla,0,5,0,2018
shimla,0,5,0,2340
shimla,0,5,0,2026
shimla,0,5,0,2084
shimla,0,5,0,2362
shimla,0,5,0,2298
shimla,0,5,0,2430
shimla,0,5,0,2304
shimla,0,5,0,2245
shimla,0,5,0,1931
shimla,0,5,0,2112
shimla,0,5,0,2045
shimla,0,5,0,2031
shimla,0,5,0,2512
shimla,0,5,0,2129
shimla,0,5,0,2458
shimla,0,5,0,2286
shimla,0,5,0,2394
shimla,0,5,0,2201
shimla,0,5,0,2250
shimla,0,5,0,2195
shimla,0,5,0,1998
shimla,0,5,0,2346
shimla,0,5,0,2055
shimla,0,5,0,1886
shimla,0,5,0,2296
shimla,0,5,0,1986
shimla,0,5,0,2490
shimla,0,5,0,2499
shimla,0,5,0,2473
shimla,0,5,0,2114
shimla,0,5,0,1880
shimla,0,5,0,2482
shimla,0,5,0,2152
shimla,0,5,0,2507
shimla,0,5,0,2505
shimla,0,5,0,2432
shimla,0,6,0,2064
shimla,0,6,0,2124
shimla,0,6,0,2431
shimla,0,6,0,2079
shimla,0,6,0,1981
shimla,0,6,0,2237
shimla,0,6,0,2487
shimla,0,6,0,2329
shimla,0,6,0,2246
shimla,0,6,0,1934
shimla,0,6,0,2275
shimla,0,6,0,2523
shimla,0,6,0,1962
shimla,0,6,0,2212
shimla,0,6,0,2449
shimla,0,6,0,2358
shimla,0,6,0,2330
shimla,0,6,0,2333
shimla,0,6,0,2107
shimla,0,6,0,2063
shimla,0,6,0,2404
shimla,0,6,0,2404
shimla,0,6,0,2442
shimla,0,6,0,2472
shimla,0,6,0,2207
shimla,0,6,0,2201
shimla,0,6,0,2396
shimla,0,6,0,2298
shimla,0,6,0,2333
shimla,0,6,0,2395
shimla,0,6,0,2457
shimla,0,6,0,2093
shimla,0,6,0,2117
shimla,0,6,0,1932
shimla,0,6,0,2251
shimla,0,6,0,1893
shimla,0,6,0,2177
shimla,0,6,0,2228
shimla,0,6,0,2059
shimla,0,6,0,2259
shimla,0,6,0,1890
shimla,0,6,0,1894
shimla,0,6,0,2412
shimla,0,6,0,2107
shimla,0,6,0,1953
shimla,0,6,0,2214
shimla,0,6,0,2378
shimla,0,6,0,2012
shimla,0,6,0,2281
shimla,0,6,0,1926
shimla,0,7,0,892
shimla,0,7,0,1040
shimla,0,7,0,1043
shimla,0,7,0,1073
shimla,0,7,0,1101
shimla,0,7,0,1178
shimla,0,7,0,1036
shimla,0,7,0,976
shimla,0,7,0,1122
shimla,0,7,0,960
shimla,0,7,0,1012
shimla,0,7,0,900
shimla,0,7,0,884
shimla,0,7,0,1174
shimla,0,7,0,1135
shimla,0,7,0,1091
shimla,0,7,0,1003
shimla,0,7,0,930
shimla,0,7,0,924
shimla,0,7,0,953
shimla,0,7,0,1046
shimla,0,7,0,1097
shimla,0,7,0,1080
shimla,0,7,0,963
shimla,0,7,0,1171
shimla,0,7,0,1104
shimla,0,7,0,1048
shimla,0,7,0,1065
shimla,0,7,0,1006
shimla,0,7,0,953
shimla,0,7,0,986
shimla,0,7,0,1111
shimla,0,7,0,881
shimla,0,7,0,912
shimla,0,7,0,890
shimla,0,7,0,889
shimla,0,7,0,1141
shimla,0,7,0,1094
shimla,0,7,0,1023
shimla,0,7,0,906
shimla,0,7,0,1028
shimla,0,7,0,1023
shimla,0,7,0,930
shimla,0,7,0,1010
shimla,0,7,0,999
shimla,0,7,0,1067
shimla,0,7,0,1073
shimla,0,7,0,890
shimla,0,7,0,992
shimla,0,7,0,1070
shimla,0,8,0,1032
shimla,0,8,0,1141
shimla,0,8,0,1080
shimla,0,8,0,926
shimla,0,8,0,898
shimla,0,8,0,1075
shimla,0,8,0,884
shimla,0,8,0,1057
shimla,0,8,0,1167
shimla,0,8,0,1054
shimla,0,8,0,996
shimla,0,8,0,1075
shimla,0,8,0,1018
shimla,0,8,0,1045
shimla,0,8,0,1167
shimla,0,8,0,996
shimla,0,8,0,1173
shimla,0,8,0,1156
shimla,0,8,0,937
shimla,0,8,0,898
shimla,0,8,0,907
shimla,0,8,0,882
shimla,0,8,0,905
shimla,0,8,0,1087
shimla,0,8,0,898
shimla,0,8,0,975
shimla,0,8,0,1137
shimla,0,8,0,883
shimla,0,8,0,1128
shimla,0,8,0,963
shimla,0,8,0,913
shimla,0,8,0,1092
shimla,0,8,0,1071
shimla,0,8,0,1148
shimla,0,8,0,1103
shimla,0,8,0,1125
shimla,0,8,0,963
shimla,0,8,0,931
shimla,0,8,0,1108
shimla,0,8,0,1126
shimla,0,8,0,1183
shimla,0,8,0,1004
shimla,0,8,0,991
shimla,0,8,0,1116
shimla,0,8,0,981
shimla,0,8,0,1164
shimla,0,8,0,1142
shimla,0,8,0,1009
shimla,0,8,0,1108
shimla,0,8,0,1109
shimla,0,9,0,1211
shimla,0,9,0,1541
shimla,0,9,0,1377
shimla,0,9,0,1509
shimla,0,9,0,1300
shimla,0,9,0,1538
shimla,0,9,0,1329
shimla,0,9,0,1173
shimla,0,9,0,1542
shimla,0,9,0,1206
shimla,0,9,0,1300
shimla,0,9,0,1560
shimla,0,9,0,1560
shimla,0,9,0,1405
shimla,0,9,0,1429
shimla,0,9,0,1353
shimla,0,9,0,1289
shimla,0,9,0,1304
shimla,0,9,0,1446
shimla,0,9,0,1479
shimla,0,9,0,1495
shimla,0,9,0,1494
shimla,0,9,0,1206
shimla,0,9,0,1372
shimla,0,9,0,1192
shimla,0,9,0,1395
shimla,0,9,0,1350
shimla,0,9,0,1534
shimla,0,9,0,1313
shimla,0,9,0,1217
shimla,0,9,0,1227
shimla,0,9,0,1482
shimla,0,9,0,1423
shimla,0,9,0,1210
shimla,0,9,0,1203
shimla,0,9,0,1457
shimla,0,9,0,1198
shimla,0,9,0,1507
shimla,0,9,0,1460
shimla,0,9,0,1202
shimla,0,9,0,1203
shimla,0,9,0,1575
shimla,0,9,0,1323
shimla,0,9,0,1321
shimla,0,9,0,1504
shimla,0,9,0,1559
shimla,0,9,0,1575
shimla,0,9,0,1479
shimla,0,9,0,1323
shimla,0,9,0,1203
shimla,0,10,0,1489
shimla,0,10,0,1399
shimla,0,10,0,1343
shimla,0,10,0,1542
shimla,0,10,0,1214
shimla,0,10,0,1371
shimla,0,10,0,1173
shimla,0,10,0,1362
shimla,0,10,0,1191
shimla,0,10,0,1217
shimla,0,10,0,1217
shimla,0,10,0,1436
shimla,0,10,0,1476
shimla,0,10,0,1409
shimla,0,10,0,1565
shimla,0,10,0,1323
shimla,0,10,0,1286
shimla,0,10,0,1527
shimla,0,10,0,1260
shimla,0,10,0,1566
shimla,0,10,0,1173
shimla,0,10,0,1568
shimla,0,10,0,1186
shimla,0,10,0,1536
shimla,0,10,0,1386
shimla,0,10,0,1578
shimla,0,10,0,1199
shimla,0,10,0,1397
shimla,0,10,0,1568
shimla,0,10,0,1384
shimla,0,10,0,1428
shimla,0,10,0,1455
shimla,0,10,0,1356
shimla,0,10,0,1427
shimla,0,10,0,1409
shimla,0,10,0,1540
shimla,0,10,0,1187
shimla,0,10,0,1284
shimla,0,10,0,1560
shimla,0,10,0,1535
shimla,0,10,0,1356
shimla,0,10,0,1424
shimla,0,10,0,1283
shimla,0,10,0,1246
shimla,0,10,0,1360
shimla,0,10,0,1314
shimla,0,10,0,1409
shimla,0,10,0,1200
shimla,0,10,0,1570
shimla,0,10,0,1575
shimla,0,11,0,1456
shimla,0,11,0,1389
shimla,0,11,0,1296
shimla,0,11,0,1504
shimla,0,11,0,1451
shimla,0,11,0,1235
shimla,0,11,0,1544
shimla,0,11,0,1508
shimla,0,11,0,1560
shimla,0,11,0,1468
shimla,0,11,0,1421
shimla,0,11,0,1341
shimla,0,11,0,1553
shimla,0,11,0,1526
shimla,0,11,0,1187
shimla,0,11,0,1179
shimla,0,11,0,1324
shimla,0,11,0,1503
shimla,0,11,0,1576
shimla,0,11,0,1230
shimla,0,11,0,1413
shimla,0,11,0,1325
shimla,0,11,0,1568
shimla,0,11,0,1516
shimla,0,11,0,1514
shimla,0,11,0,1362
shimla,0,11,0,1339
shimla,0,11,0,1281
shimla,0,11,0,1192
shimla,0,11,0,1525
shimla,0,11,0,1504
shimla,0,11,0,1581
shimla,0,11,0,1579
shimla,0,11,0,1397
shimla,0,11,0,1485
shimla,0,11,0,1558
shimla,0,11,0,1519
shimla,0,11,0,1270
shimla,0,11,0,1354
shimla,0,11,0,1222
shimla,0,11,0,1562
shimla,0,11,0,1418
shimla,0,11,0,1263
shimla,0,11,0,1445
shimla,0,11,0,1423
shimla,0,11,0,1316
shimla,0,11,0,1215
shimla,0,11,0,1445
shimla,0,11,0,1383
shimla,0,11,0,1487
shimla,0,12,0,1936
shimla,0,12,0,2128
shimla,0,12,0,1954
shimla,0,12,0,1960
shimla,0,12,0,2142
shimla,0,12,0,1869
shimla,0,12,0,1713
shimla,0,12,0,1652
shimla,0,12,0,2072
shimla,0,12,0,1994
shimla,0,12,0,2042
shimla,0,12,0,1759
shimla,0,12,0,1715
shimla,0,12,0,1644
shimla,0,12,0,1838
shimla,0,12,0,1976
shimla,0,12,0,1862
shimla,0,12,0,1888
shimla,0,12,0,2158
shimla,0,12,0,1837
shimla,0,12,0,1933
shimla,0,12,0,2088
shimla,0,12,0,1865
shimla,0,12,0,1995
shimla,0,12,0,2134
shimla,0,12,0,2184
shimla,0,12,0,1721
shimla,0,12,0,2171
shimla,0,12,0,1920
shimla,0,12,0,1785
shimla,0,12,0,1901
shimla,0,12,0,2202
shimla,0,12,0,1920
shimla,0,12,0,1826
shimla,0,12,0,2002
shimla,0,12,0,1774
shimla,0,12,0,1680
shimla,0,12,0,1710
shimla,0,12,0,1710
shimla,0,12,0,1723
shimla,0,12,0,1716
shimla,0,12,0,2006
shimla,0,12,0,1741
shimla,0,12,0,1835
shimla,0,12,0,2154
shimla,0,12,0,1909
shimla,0,12,0,2021
shimla,0,12,0,1735
shimla,0,12,0,1747
shimla,0,12,0,1659
shimla,0,1,1,3152
shimla,0,1,1,3267
shimla,0,1,1,3160
shimla,0,1,1,3068
shimla,0,1,1,3101
shimla,0,1,1,3458
shimla,0,1,1,3191
shimla,0,1,1,3357
shimla,0,1,1,3503
shimla,0,1,1,3699
shimla,0,1,1,3016
shimla,0,1,1,3814
shimla,0,1,1,3634
shimla,0,1,1,3060
shimla,0,1,1,3892
shimla,0,1,1,3941
shimla,0,1,1,3039
shimla,0,1,1,3265
shimla,0,1,1,3821
shimla,0,1,1,3760
shimla,0,1,1,3168
shimla,0,1,1,3194
shimla,0,1,1,3363
shimla,0,1,1,3483
shimla,0,1,1,3624
shimla,0,1,1,3362
shimla,0,1,1,3460
shimla,0,1,1,3759
shimla,0,1,1,3013
shimla,0,1,1,3240
shimla,0,1,1,3724
shimla,0,1,1,3914
shimla,0,1,1,3512
shimla,0,1,1,3533
shimla,0,1,1,3087
shimla,0,1,1,3444
shimla,0,1,1,3534
shimla,0,1,1,3229
shimla,0,1,1,3257
shimla,0,1,1,3371
shimla,0,1,1,2996
shimla,0,1,1,3313
shimla,0,1,1,3197
shimla,0,1,1,3318
shimla,0,1,1,3100
shimla,0,1,1,3910
shimla,0,1,1,3598
shimla,0,1,1,3688
shimla,0,1,1,3803
shimla,0,1,1,3498
shimla,0,2,1,2190
shimla,0,2,1,2527
shimla,0,2,1,2565
shimla,0,2,1,2684
shimla,0,2,1,2448
shimla,0,2,1,2220
shimla,0,2,1,2337
shimla,0,2,1,2397
shimla,0,2,1,2609
shimla,0,2,1,2553
shimla,0,2,1,2392
shimla,0,2,1,2864
shimla,0,2,1,2579
shimla,0,2,1,2302
shimla,0,2,1,2201
shimla,0,2,1,2239
shimla,0,2,1,2309
shimla,0,2,1,2245
shimla,0,2,1,2264
shimla,0,2,1,2338
shimla,0,2,1,2255
shimla,0,2,1,2797
shimla,0,2,1,2185
shimla,0,2,1,2518
shimla,0,2,1,2432
shimla,0,2,1,2861
shimla,0,2,1,2209
shimla,0,2,1,2423
shimla,0,2,1,2852
shimla,0,2,1,2774
shimla,0,2,1,2737
shimla,0,2,1,2318
shimla,0,2,1,2253
shimla,0,2,1,2626
shimla,0,2,1,2822
shimla,0,2,1,2542
shimla,0,2,1,2553
shimla,0,2,1,2334
shimla,0,2,1,2702
shimla,0,2,1,2265
shimla,0,2,1,2367
shimla,0,2,1,2444
shimla,0,2,1,2505
shimla,0,2,1,2306
shimla,0,2,1,2211
shimla,0,2,1,2582
shimla,0,2,1,2341
shimla,0,2,1,2560
shimla,0,2,1,2240
shimla,0,2,1,2485
shimla,0,3,1,2524
shimla,0,3,1,2163
shimla,0,3,1,2377
shimla,0,3,1,2225
shimla,0,3,1,2172
shimla,0,3,1,2867
shimla,0,3,1,2366
shimla,0,3,1,2732
shimla,0,3,1,2315
shimla,0,3,1,2636
shimla,0,3,1,2695
shimla,0,3,1,2571
shimla,0,3,1,2478
shimla,0,3,1,2433
shimla,0,3,1,2386
shimla,0,3,1,2822
shimla,0,3,1,2747
shimla,0,3,1,2848
shimla,0,3,1,2218
shimla,0,3,1,2673
shimla,0,3,1,2828
shimla,0,3,1,2260
shimla,0,3,1,2174
shimla,0,3,1,2680
shimla,0,3,1,2555
shimla,0,3,1,2756
shimla,0,3,1,2229
shimla,0,3,1,2721
shimla,0,3,1,2276
shimla,0,3,1,2247
shimla,0,3,1,2248
shimla,0,3,1,2735
shimla,0,3,1,2623
shimla,0,3,1,2517
shimla,0,3,1,2394
shimla,0,3,1,2782
shimla,0,3,1,2419
shimla,0,3,1,2737
shimla,0,3,1,2454
shimla,0,3,1,2407
shimla,0,3,1,2472
shimla,0,3,1,2351
shimla,0,3,1,2685
shimla,0,3,1,2502
shimla,0,3,1,2299
shimla,0,3,1,2799
shimla,0,3,1,2412
shimla,0,3,1,2532
shimla,0,3,1,2804
shimla,0,3,1,2593
shimla,0,4,1,2212
shimla,0,4,1,2829
shimla,0,4,1,2595
shimla,0,4,1,2376
shimla,0,4,1,2229
shimla,0,4,1,2720
shimla,0,4,1,2590
shimla,0,4,1,2525
shimla,0,4,1,2795
shimla,0,4,1,2716
shimla,0,4,1,2238
shimla,0,4,1,2358
shimla,0,4,1,2311
shimla,0,4,1,2682
shimla,0,4,1,2150
shimla,0,4,1,2552
shimla,0,4,1,2696
shimla,0,4,1,2782
shimla,0,4,1,2381
shimla,0,4,1,2740
shimla,0,4,1,2207
shimla,0,4,1,2759
shimla,0,4,1,2220
shimla,0,4,1,2422
shimla,0,4,1,2722
shimla,0,4,1,2237
shimla,0,4,1,2296
shimla,0,4,1,2666
shimla,0,4,1,2665
shimla,0,4,1,2605
shimla,0,4,1,2645
shimla,0,4,1,2532
shimla,0,4,1,2313
shimla,0,4,1,2384
shimla,0,4,1,2261
shimla,0,4,1,2806
shimla,0,4,1,2562
shimla,0,4,1,2425
shimla,0,4,1,2471
shimla,0,4,1,2835
shimla,0,4,1,2240
shimla,0,4,1,2564
shimla,0,4,1,2504
shimla,0,4,1,2583
shimla,0,4,1,2138
shimla,0,4,1,2779
shimla,0,4,1,2824
shimla,0,4,1,2548
shimla,0,4,1,2647
shimla,0,4,1,2816
shimla,0,5,1,4248
shimla,0,5,1,3583
shimla,0,5,1,4091
shimla,0,5,1,4128
shimla,0,5,1,3908
shimla,0,5,1,4283
shimla,0,5,1,4521
shimla,0,5,1,4510
shimla,0,5,1,3941
shimla,0,5,1,3535
shimla,0,5,1,4581
shimla,0,5,1,4406
shimla,0,5,1,3549
shimla,0,5,1,4505
shimla,0,5,1,4443
shimla,0,5,1,4022
shimla,0,5,1,4109
shimla,0,5,1,3878
shimla,0,5,1,3465
shimla,0,5,1,3802
shimla,0,5,1,4363
shimla,0,5,1,3405
shimla,0,5,1,3800
shimla,0,5,1,3877
shimla,0,5,1,4044
shimla,0,5,1,4503
shimla,0,5,1,3815
shimla,0,5,1,3816
shimla,0,5,1,4285
shimla,0,5,1,3942
shimla,0,5,1,3669
shimla,0,5,1,3942
shimla,0,5,1,3569
shimla,0,5,1,3611
shimla,0,5,1,3998
shimla,0,5,1,3902
shimla,0,5,1,4497
shimla,0,5,1,3834
shimla,0,5,1,4096
shimla,0,5,1,4158
shimla,0,5,1,3415
shimla,0,5,1,4196
shimla,0,5,1,3613
shimla,0,5,1,4553
shimla,0,5,1,3578
shimla,0,5,1,3897
shimla,0,5,1,3502
shimla,0,5,1,4596
shimla,0,5,1,4002
shimla,0,5,1,4114
shimla,0,6,1,3480
shimla,0,6,1,4299
shimla,0,6,1,3651
shimla,0,6,1,4477
shimla,0,6,1,3646
shimla,0,6,1,3628
shimla,0,6,1,3443
shimla,0,6,1,3966
shimla,0,6,1,4077
shimla,0,6,1,3478
shimla,0,6,1,4330
shimla,0,6,1,3943
shimla,0,6,1,4029
shimla,0,6,1,3928
shimla,0,6,1,3880
shimla,0,6,1,4071
shimla,0,6,1,3586
shimla,0,6,1,3618
shimla,0,6,1,4434
shimla,0,6,1,4535
shimla,0,6,1,3847
shimla,0,6,1,3724
shimla,0,6,1,4172
shimla,0,6,1,3890
shimla,0,6,1,3430
shimla,0,6,1,3587
shimla,0,6,1,4259
shimla,0,6,1,4190
shimla,0,6,1,3432
shimla,0,6,1,3666
shimla,0,6,1,3677
shimla,0,6,1,4206
shimla,0,6,1,3423
shimla,0,6,1,3524
shimla,0,6,1,4359
shimla,0,6,1,3614
shimla,0,6,1,4183
shimla,0,6,1,3685
shimla,0,6,1,3519
shimla,0,6,1,3691
shimla,0,6,1,4266
shimla,0,6,1,4426
shimla,0,6,1,4396
shimla,0,6,1,3876
shimla,0,6,1,4201
shimla,0,6,1,3645
shimla,0,6,1,3751
shimla,0,6,1,4475
shimla,0,6,1,3415
shimla,0,6,1,3502
shimla,0,7,1,1710
shimla,0,7,1,1608
shimla,0,7,1,1695
shimla,0,7,1,1921
shimla,0,7,1,1830
shimla,0,7,1,2095
shimla,0,7,1,2053
shimla,0,7,1,1786
shimla,0,7,1,1739
shimla,0,7,1,1807
shimla,0,7,1,1925
shimla,0,7,1,1744
shimla,0,7,1,1944
shimla,0,7,1,1824
shimla,0,7,1,1904
shimla,0,7,1,1839
shimla,0,7,1,1759
shimla,0,7,1,2127
shimla,0,7,1,2023
shimla,0,7,1,1672
shimla,0,7,1,2082
shimla,0,7,1,1867
shimla,0,7,1,2096
shimla,0,7,1,2043
shimla,0,7,1,1832
shimla,0,7,1,1606
shimla,0,7,1,1744
shimla,0,7,1,1898
shimla,0,7,1,1950
shimla,0,7,1,1738
shimla,0,7,1,1672
shimla,0,7,1,2063
shimla,0,7,1,2147
shimla,0,7,1,1889
shimla,0,7,1,1690
shimla,0,7,1,1746
shimla,0,7,1,1604
shimla,0,7,1,2108
shimla,0,7,1,1659
shimla,0,7,1,1918
shimla,0,7,1,1747
shimla,0,7,1,1905
shimla,0,7,1,1960
shimla,0,7,1,2060
shimla,0,7,1,1709
shimla,0,7,1,1599
shimla,0,7,1,1670
shimla,0,7,1,2100
shimla,0,7,1,2085
shimla,0,7,1,1929
shimla,0,8,1,1931
shimla,0,8,1,1967
shimla,0,8,1,1692
shimla,0,8,1,2108
shimla,0,8,1,1829
shimla,0,8,1,1809
shimla,0,8,1,1885
shimla,0,8,1,1620
shimla,0,8,1,1687
shimla,0,8,1,2008
shimla,0,8,1,1640
shimla,0,8,1,1933
shimla,0,8,1,1731
shimla,0,8,1,1812
shimla,0,8,1,1756
shimla,0,8,1,1793
shimla,0,8,1,1998
shimla,0,8,1,1760
shimla,0,8,1,1912
shimla,0,8,1,1861
shimla,0,8,1,1967
shimla,0,8,1,2120
shimla,0,8,1,2005
shimla,0,8,1,1714
shimla,0,8,1,1611
shimla,0,8,1,1741
shimla,0,8,1,1928
shimla,0,8,1,1622
shimla,0,8,1,1872
shimla,0,8,1,1929
shimla,0,8,1,1781
shimla,0,8,1,2027
shimla,0,8,1,1653
shimla,0,8,1,1636
shimla,0,8,1,2003
shimla,0,8,1,1872
shimla,0,8,1,1980
shimla,0,8,1,1838
shimla,0,8,1,1732
shimla,0,8,1,2054
shimla,0,8,1,2043
shimla,0,8,1,1984
shimla,0,8,1,1746
shimla,0,8,1,1925
shimla,0,8,1,1796
shimla,0,8,1,1645
shimla,0,8,1,2109
shimla,0,8,1,1670
shimla,0,8,1,2128
shimla,0,8,1,1844
shimla,0,9,1,2263
shimla,0,9,1,2531
shimla,0,9,1,2779
shimla,0,9,1,2674
shimla,0,9,1,2729
shimla,0,9,1,2619
shimla,0,9,1,2644
shimla,0,9,1,2761
shimla,0,9,1,2312
shimla,0,9,1,2492
shimla,0,9,1,2290
shimla,0,9,1,2865
shimla,0,9,1,2833
shimla,0,9,1,2154
shimla,0,9,1,2654
shimla,0,9,1,2818
shimla,0,9,1,2260
shimla,0,9,1,2550
shimla,0,9,1,2811
shimla,0,9,1,2150
shimla,0,9,1,2648
shimla,0,9,1,2348
shimla,0,9,1,2818
shimla,0,9,1,2853
shimla,0,9,1,2833
shimla,0,9,1,2480
shimla,0,9,1,2771
shimla,0,9,1,2758
shimla,0,9,1,2364
shimla,0,9,1,2746
shimla,0,9,1,2152
shimla,0,9,1,2572
shimla,0,9,1,2297
shimla,0,9,1,2215
shimla,0,9,1,2182
shimla,0,9,1,2647
shimla,0,9,1,2379
shimla,0,9,1,2668
shimla,0,9,1,2174
shimla,0,9,1,2361
shimla,0,9,1,2529
shimla,0,9,1,2718
shimla,0,9,1,2364
shimla,0,9,1,2594
shimla,0,9,1,2789
shimla,0,9,1,2586
shimla,0,9,1,2299
shimla,0,9,1,2143
shimla,0,9,1,2777
shimla,0,9,1,2140
shimla,0,10,1,2781
shimla,0,10,1,2521
shimla,0,10,1,2829
shimla,0,10,1,2724
shimla,0,10,1,2873
shimla,0,10,1,2388
shimla,0,10,1,2700
shimla,0,10,1,2426
shimla,0,10,1,2484
shimla,0,10,1,2595
shimla,0,10,1,2780
shimla,0,10,1,2863
shimla,0,10,1,2701
shimla,0,10,1,2438
shimla,0,10,1,2441
shimla,0,10,1,2678
shimla,0,10,1,2304
shimla,0,10,1,2207
shimla,0,10,1,2390
shimla,0,10,1,2340
shimla,0,10,1,2347
shimla,0,10,1,2300
shimla,0,10,1,2156
shimla,0,10,1,2138
shimla,0,10,1,2865
shimla,0,10,1,2445
shimla,0,10,1,2413
shimla,0,10,1,2634
shimla,0,10,1,2288
shimla,0,10,1,2837
shimla,0,10,1,2714
shimla,0,10,1,2192
shimla,0,10,1,2438
shimla,0,10,1,2784
shimla,0,10,1,2833
shimla,0,10,1,2475
shimla,0,10,1,2585
shimla,0,10,1,2250
shimla,0,10,1,2868
shimla,0,10,1,2298
shimla,0,10,1,2832
shimla,0,10,1,2612
shimla,0,10,1,2580
shimla,0,10,1,2509
shimla,0,10,1,2298
shimla,0,10,1,2257
shimla,0,10,1,2290
shimla,0,10,1,2264
shimla,0,10,1,2709
shimla,0,10,1,2387
shimla,0,11,1,2168
shimla,0,11,1,2851
shimla,0,11,1,2787
shimla,0,11,1,2820
shimla,0,11,1,2871
shimla,0,11,1,2255
shimla,0,11,1,2422
shimla,0,11,1,2693
shimla,0,11,1,2647
shimla,0,11,1,2240
shimla,0,11,1,2736
shimla,0,11,1,2293
shimla,0,11,1,2292
shimla,0,11,1,2527
shimla,0,11,1,2569
shimla,0,11,1,2560
shimla,0,11,1,2193
shimla,0,11,1,2783
shimla,0,11,1,2324
shimla,0,11,1,2222
shimla,0,11,1,2791
shimla,0,11,1,2841
shimla,0,11,1,2771
shimla,0,11,1,2732
shimla,0,11,1,2616
shimla,0,11,1,2538
shimla,0,11,1,2190
shimla,0,11,1,2431
shimla,0,11,1,2404
shimla,0,11,1,2319
shimla,0,11,1,2667
shimla,0,11,1,2496
shimla,0,11,1,2185
shimla,0,11,1,2290
shimla,0,11,1,2637
shimla,0,11,1,2182
shimla,0,11,1,2763
shimla,0,11,1,2496
shimla,0,11,1,2485
shimla,0,11,1,2569
shimla,0,11,1,2743
shimla,0,11,1,2385
shimla,0,11,1,2633
shimla,0,11,1,2549
shimla,0,11,1,2325
shimla,0,11,1,2783
shimla,0,11,1,2723
shimla,0,11,1,2618
shimla,0,11,1,2762
shimla,0,11,1,2775
shimla,0,12,1,3718
shimla,0,12,1,3853
shimla,0,12,1,3707
shimla,0,12,1,3689
shimla,0,12,1,3624
shimla,0,12,1,3765
shimla,0,12,1,3141
shimla,0,12,1,3899
shimla,0,12,1,3890
shimla,0,12,1,3005
shimla,0,12,1,3842
shimla,0,12,1,3110
shimla,0,12,1,3326
shimla,0,12,1,3755
shimla,0,12,1,3143
shimla,0,12,1,3833
shimla,0,12,1,3848
shimla,0,12,1,3507
shimla,0,12,1,2981
shimla,0,12,1,3276
shimla,0,12,1,3622
shimla,0,12,1,4005
shimla,0,12,1,3638
shimla,0,12,1,3247
shimla,0,12,1,3640
shimla,0,12,1,3541
shimla,0,12,1,3793
shimla,0,12,1,3087
shimla,0,12,1,3774
shimla,0,12,1,3543
shimla,0,12,1,3986
shimla,0,12,1,3333
shimla,0,12,1,3639
shimla,0,12,1,3953
shimla,0,12,1,3082
shimla,0,12,1,3959
shimla,0,12,1,3697
shimla,0,12,1,3046
shimla,0,12,1,3291
shimla,0,12,1,3718
shimla,0,12,1,3045
shimla,0,12,1,3586
shimla,0,12,1,3338
shimla,0,12,1,3626
shimla,0,12,1,3023
shimla,0,12,1,3890
shimla,0,12,1,3997
shimla,0,12,1,3992
shimla,0,12,1,3762
shimla,0,12,1,3111
shimla,0,1,2,9427
shimla,0,1,2,7502
shimla,0,1,2,7495
shimla,0,1,2,8286
shimla,0,1,2,8720
shimla,0,1,2,9459
shimla,0,1,2,9231
shimla,0,1,2,8607
shimla,0,1,2,8155
shimla,0,1,2,10054
shimla,0,1,2,8556
shimla,0,1,2,8622
shimla,0,1,2,7867
shimla,0,1,2,9523
shimla,0,1,2,9258
shimla,0,1,2,8017
shimla,0,1,2,7653
shimla,0,1,2,9223
shimla,0,1,2,9155
shimla,0,1,2,8154
shimla,0,1,2,9933
shimla,0,1,2,7834
shimla,0,1,2,8572
shimla,0,1,2,9914
shimla,0,1,2,8539
shimla,0,1,2,9113
shimla,0,1,2,8481
shimla,0,1,2,8157
shimla,0,1,2,10020
shimla,0,1,2,8512
shimla,0,1,2,9784
shimla,0,1,2,8041
shimla,0,1,2,7996
shimla,0,1,2,7519
shimla,0,1,2,9148
shimla,0,1,2,8404
shimla,0,1,2,9706
shimla,0,1,2,8679
shimla,0,1,2,9979
shimla,0,1,2,7924
shimla,0,1,2,9717
shimla,0,1,2,9476
shimla,0,1,2,9461
shimla,0,1,2,9655
shimla,0,1,2,9435
shimla,0,1,2,9081
shimla,0,1,2,7782
shimla,0,1,2,7522
shimla,0,1,2,9854
shimla,0,1,2,9056
shimla,0,2,2,6806
shimla,0,2,2,6215
shimla,0,2,2,5532
shimla,0,2,2,5547
shimla,0,2,2,6597
shimla,0,2,2,6119
shimla,0,2,2,5688
shimla,0,2,2,6234
shimla,0,2,2,5432
shimla,0,2,2,6403
shimla,0,2,2,5816
shimla,0,2,2,6807
shimla,0,2,2,5894
shimla,0,2,2,6166
shimla,0,2,2,5334
shimla,0,2,2,5448
shimla,0,2,2,6048
shimla,0,2,2,6212
shimla,0,2,2,6437
shimla,0,2,2,5859
shimla,0,2,2,6615
shimla,0,2,2,6925
shimla,0,2,2,6774
shimla,0,2,2,5386
shimla,0,2,2,6213
shimla,0,2,2,5509
shimla,0,2,2,5766
shimla,0,2,2,7162
shimla,0,2,2,5579
shimla,0,2,2,6247
shimla,0,2,2,6471
shimla,0,2,2,6629
shimla,0,2,2,6361
shimla,0,2,2,5330
shimla,0,2,2,5924
shimla,0,2,2,6283
shimla,0,2,2,5477
shimla,0,2,2,5969
shimla,0,2,2,5374
shimla,0,2,2,5459
shimla,0,2,2,6056
shimla,0,2,2,5561
shimla,0,2,2,6376
shimla,0,2,2,6605
shimla,0,2,2,6813
shimla,0,2,2,5687
shimla,0,2,2,5626
shimla,0,2,2,5508
shimla,0,2,2,6505
shimla,0,2,2,6637
shimla,0,3,2,5371
shimla,0,3,2,7067
shimla,0,3,2,5409
shimla,0,3,2,6327
shimla,0,3,2,6641
shimla,0,3,2,6945
shimla,0,3,2,6651
shimla,0,3,2,6815
shimla,0,3,2,5948
shimla,0,3,2,6840
shimla,0,3,2,5462
shimla,0,3,2,6990
shimla,0,3,2,6339
shimla,0,3,2,6844
shimla,0,3,2,6160
shimla,0,3,2,6519
shimla,0,3,2,6299
shimla,0,3,2,6684
shimla,0,3,2,5465
shimla,0,3,2,5425
shimla,0,3,2,5775
shimla,0,3,2,5611
shimla,0,3,2,6947
shimla,0,3,2,5723
shimla,0,3,2,7142
shimla,0,3,2,5944
shimla,0,3,2,5653
shimla,0,3,2,6793
shimla,0,3,2,6547
shimla,0,3,2,6246
shimla,0,3,2,6353
shimla,0,3,2,6661
shimla,0,3,2,5740
shimla,0,3,2,7180
shimla,0,3,2,7140
shimla,0,3,2,6531
shimla,0,3,2,5686
shimla,0,3,2,6587
shimla,0,3,2,5447
shimla,0,3,2,5369
shimla,0,3,2,5795
shimla,0,3,2,6179
shimla,0,3,2,6940
shimla,0,3,2,6675
shimla,0,3,2,6705
shimla,0,3,2,6110
shimla,0,3,2,5961
shimla,0,3,2,6008
shimla,0,3,2,7164
shimla,0,3,2,5387
shimla,0,4,2,6938
shimla,0,4,2,6397
shimla,0,4,2,6134
shimla,0,4,2,6672
shimla,0,4,2,6225
shimla,0,4,2,6950
shimla,0,4,2,7001
shimla,0,4,2,6103
shimla,0,4,2,5831
shimla,0,4,2,6423
shimla,0,4,2,7023
shimla,0,4,2,5707
shimla,0,4,2,6480
shimla,0,4,2,6496
shimla,0,4,2,6687
shimla,0,4,2,5559
shimla,0,4,2,6654
shimla,0,4,2,7016
shimla,0,4,2,5649
shimla,0,4,2,5757
shimla,0,4,2,7133
shimla,0,4,2,5651
shimla,0,4,2,6914
shimla,0,4,2,6235
shimla,0,4,2,5776
shimla,0,4,2,6945
shimla,0,4,2,6147
shimla,0,4,2,6277
shimla,0,4,2,5986
shimla,0,4,2,6424
shimla,0,4,2,5619
shimla,0,4,2,6045
shimla,0,4,2,7130
shimla,0,4,2,5796
shimla,0,4,2,6543
shimla,0,4,2,5922
shimla,0,4,2,6762
shimla,0,4,2,5557
shimla,0,4,2,7130
shimla,0,4,2,6163
shimla,0,4,2,5755
shimla,0,4,2,5450
shimla,0,4,2,5630
shimla,0,4,2,6287
shimla,0,4,2,5944
shimla,0,4,2,6866
shimla,0,4,2,6120
shimla,0,4,2,5778
shimla,0,4,2,6469
shimla,0,4,2,6637
shimla,0,5,2,9001
shimla,0,5,2,9002
shimla,0,5,2,8610
shimla,0,5,2,10709
shimla,0,5,2,10491
shimla,0,5,2,9923
shimla,0,5,2,11032
shimla,0,5,2,10917
shimla,0,5,2,10256
shimla,0,5,2,11104
shimla,0,5,2,9117
shimla,0,5,2,8835
shimla,0,5,2,9309
shimla,0,5,2,8671
shimla,0,5,2,10093
shimla,0,5,2,11309
shimla,0,5,2,8618
shimla,0,5,2,8866
shimla,0,5,2,9856
shimla,0,5,2,11301
shimla,0,5,2,9448
shimla,0,5,2,10021
shimla,0,5,2,8624
shimla,0,5,2,8945
shimla,0,5,2,11459
shimla,0,5,2,11395
shimla,0,5,2,8514
shimla,0,5,2,11355
shimla,0,5,2,10417
shimla,0,5,2,11103
shimla,0,5,2,9864
shimla,0,5,2,10046
shimla,0,5,2,9966
shimla,0,5,2,10500
shimla,0,5,2,8918
shimla,0,5,2,8589
shimla,0,5,2,9423
shimla,0,5,2,10614
shimla,0,5,2,9105
shimla,0,5,2,10520
shimla,0,5,2,11409
shimla,0,5,2,8781
shimla,0,5,2,10517
shimla,0,5,2,9831
shimla,0,5,2,11104
shimla,0,5,2,9031
shimla,0,5,2,10577
shimla,0,5,2,11014
shimla,0,5,2,11333
shimla,0,5,2,10549
shimla,0,6,2,9991
shimla,0,6,2,10353
shimla,0,6,2,11106
shimla,0,6,2,10211
shimla,0,6,2,8591
shimla,0,6,2,11292
shimla,0,6,2,10568
shimla,0,6,2,10529
shimla,0,6,2,9147
shimla,0,6,2,10476
shimla,0,6,2,9681
shimla,0,6,2,10453
shimla,0,6,2,8819
shimla,0,6,2,10473
shimla,0,6,2,11498
shimla,0,6,2,8644
shimla,0,6,2,11431
shimla,0,6,2,9720
shimla,0,6,2,11112
shimla,0,6,2,10847
shimla,0,6,2,10201
shimla,0,6,2,10715
shimla,0,6,2,11135
shimla,0,6,2,9712
shimla,0,6,2,9481
shimla,0,6,2,10502
shimla,0,6,2,10923
shimla,0,6,2,10786
shimla,0,6,2,10893
shimla,0,6,2,9806
shimla,0,6,2,10953
shimla,0,6,2,8860
shimla,0,6,2,10133
shimla,0,6,2,8517
shimla,0,6,2,9473
shimla,0,6,2,9599
shimla,0,6,2,9688
shimla,0,6,2,10586
shimla,0,6,2,9665
shimla,0,6,2,9846
shimla,0,6,2,9212
shimla,0,6,2,9619
shimla,0,6,2,9181
shimla,0,6,2,8719
shimla,0,6,2,10310
shimla,0,6,2,10504
shimla,0,6,2,10358
shimla,0,6,2,9890
shimla,0,6,2,9639
shimla,0,6,2,11090
shimla,0,7,2,4714
shimla,0,7,2,4658
shimla,0,7,2,4020
shimla,0,7,2,4464
shimla,0,7,2,4519
shimla,0,7,2,4545
shimla,0,7,2,4800
shimla,0,7,2,4734
shimla,0,7,2,4839
shimla,0,7,2,5059
shimla,0,7,2,5127
shimla,0,7,2,4994
shimla,0,7,2,5328
shimla,0,7,2,4010
shimla,0,7,2,4259
shimla,0,7,2,3995
shimla,0,7,2,4894
shimla,0,7,2,5247
shimla,0,7,2,4326
shimla,0,7,2,5288
shimla,0,7,2,4069
shimla,0,7,2,5298
shimla,0,7,2,4478
shimla,0,7,2,4126
shimla,0,7,2,4667
shimla,0,7,2,4345
shimla,0,7,2,4384
shimla,0,7,2,4416
shimla,0,7,2,5113
shimla,0,7,2,4742
shimla,0,7,2,4422
shimla,0,7,2,4842
shimla,0,7,2,4991
shimla,0,7,2,4367
shimla,0,7,2,4565
shimla,0,7,2,4155
shimla,0,7,2,4239
shimla,0,7,2,4942
shimla,0,7,2,4239
shimla,0,7,2,4722
shimla,0,7,2,4981
shimla,0,7,2,4134
shimla,0,7,2,4782
shimla,0,7,2,4345
shimla,0,7,2,5338
shimla,0,7,2,4664
shimla,0,7,2,5117
shimla,0,7,2,4758
shimla,0,7,2,4045
shimla,0,7,2,4874
shimla,0,8,2,5322
shimla,0,8,2,4830
shimla,0,8,2,5136
shimla,0,8,2,5227
shimla,0,8,2,4305
shimla,0,8,2,4282
shimla,0,8,2,4843
shimla,0,8,2,4562
shimla,0,8,2,5165
shimla,0,8,2,5250
shimla,0,8,2,4481
shimla,0,8,2,4317
shimla,0,8,2,5081
shimla,0,8,2,4370
shimla,0,8,2,5141
shimla,0,8,2,4580
shimla,0,8,2,4923
shimla,0,8,2,4118
shimla,0,8,2,4861
shimla,0,8,2,4619
shimla,0,8,2,4809
shimla,0,8,2,4220
shimla,0,8,2,5020
shimla,0,8,2,5197
shimla,0,8,2,4289
shimla,0,8,2,4118
shimla,0,8,2,4017
shimla,0,8,2,4887
shimla,0,8,2,4838
shimla,0,8,2,4753
shimla,0,8,2,4310
shimla,0,8,2,4534
shimla,0,8,2,4820
shimla,0,8,2,4682
shimla,0,8,2,5373
shimla,0,8,2,4176
shimla,0,8,2,4961
shimla,0,8,2,4552
shimla,0,8,2,4586
shimla,0,8,2,4993
shimla,0,8,2,4958
shimla,0,8,2,5378
shimla,0,8,2,4164
shimla,0,8,2,4130
shimla,0,8,2,5002
shimla,0,8,2,4797
shimla,0,8,2,4369
shimla,0,8,2,4096
shimla,0,8,2,4104
shimla,0,8,2,5241
shimla,0,9,2,5672
shimla,0,9,2,5918
shimla,0,9,2,5737
shimla,0,9,2,5978
shimla,0,9,2,5442
shimla,0,9,2,6285
shimla,0,9,2,5439
shimla,0,9,2,6813
shimla,0,9,2,5750
shimla,0,9,2,6325
shimla,0,9,2,6962
shimla,0,9,2,6532
shimla,0,9,2,6311
shimla,0,9,2,5920
shimla,0,9,2,5936
shimla,0,9,2,6567
shimla,0,9,2,7176
shimla,0,9,2,6553
shimla,0,9,2,6358
shimla,0,9,2,6682
shimla,0,9,2,6184
shimla,0,9,2,5425
shimla,0,9,2,6366
shimla,0,9,2,7108
shimla,0,9,2,5641
shimla,0,9,2,6606
shimla,0,9,2,5689
shimla,0,9,2,6317
shimla,0,9,2,5493
shimla,0,9,2,6156
shimla,0,9,2,6730
shimla,0,9,2,5964
shimla,0,9,2,6559
shimla,0,9,2,6803
shimla,0,9,2,7050
shimla,0,9,2,5752
shimla,0,9,2,6061
shimla,0,9,2,5598
shimla,0,9,2,7173
shimla,0,9,2,7050
shimla,0,9,2,6324
shimla,0,9,2,6891
shimla,0,9,2,6289
shimla,0,9,2,6481
shimla,0,9,2,5479
shimla,0,9,2,6728
shimla,0,9,2,5551
shimla,0,9,2,6861
shimla,0,9,2,6778
shimla,0,9,2,6641
shimla,0,10,2,5380
shimla,0,10,2,5880
shimla,0,10,2,5805
shimla,0,10,2,5987
shimla,0,10,2,5476
shimla,0,10,2,7069
shimla,0,10,2,6350
shimla,0,10,2,5885
shimla,0,10,2,6056
shimla,0,10,2,6151
shimla,0,10,2,6438
shimla,0,10,2,6279
shimla,0,10,2,7036
shimla,0,10,2,6244
shimla,0,10,2,7172
shimla,0,10,2,6908
shimla,0,10,2,5703
shimla,0,10,2,7057
shimla,0,10,2,5530
shimla,0,10,2,6845
shimla,0,10,2,6026
shimla,0,10,2,6958
shimla,0,10,2,6940
shimla,0,10,2,6823
shimla,0,10,2,6793
shimla,0,10,2,5883
shimla,0,10,2,5464
shimla,0,10,2,6068
shimla,0,10,2,5637
shimla,0,10,2,6615
shimla,0,10,2,5961
shimla,0,10,2,7141
shimla,0,10,2,6514
shimla,0,10,2,6854
shimla,0,10,2,5560
shimla,0,10,2,6928
shimla,0,10,2,7042
shimla,0,10,2,6225
shimla,0,10,2,6449
shimla,0,10,2,6746
shimla,0,10,2,5640
shimla,0,10,2,6254
shimla,0,10,2,6059
shimla,0,10,2,5586
shimla,0,10,2,6001
shimla,0,10,2,5440
shimla,0,10,2,5360
shimla,0,10,2,5565
shimla,0,10,2,7118
shimla,0,10,2,6342
shimla,0,11,2,7123
shimla,0,11,2,6123
shimla,0,11,2,5897
shimla,0,11,2,6261
shimla,0,11,2,6136
shimla,0,11,2,5510
shimla,0,11,2,6514
shimla,0,11,2,5717
shimla,0,11,2,6474
shimla,0,11,2,6531
shimla,0,11,2,5597
shimla,0,11,2,5427
shimla,0,11,2,6776
shimla,0,11,2,6174
shimla,0,11,2,5421
shimla,0,11,2,7177
shimla,0,11,2,5420
shimla,0,11,2,6615
shimla,0,11,2,7156
shimla,0,11,2,5760
shimla,0,11,2,5579
shimla,0,11,2,5540
shimla,0,11,2,5881
shimla,0,11,2,5501
shimla,0,11,2,6610
shimla,0,11,2,5429
shimla,0,11,2,6267
shimla,0,11,2,7181
shimla,0,11,2,6838
shimla,0,11,2,6466
shimla,0,11,2,5886
shimla,0,11,2,6482
shimla,0,11,2,6300
shimla,0,11,2,6111
shimla,0,11,2,5557
shimla,0,11,2,6974
shimla,0,11,2,6155
shimla,0,11,2,5677
shimla,0,11,2,6002
shimla,0,11,2,6088
shimla,0,11,2,6864
shimla,0,11,2,6688
shimla,0,11,2,6754
shimla,0,11,2,5333
shimla,0,11,2,6092
shimla,0,11,2,6215
shimla,0,11,2,5348
shimla,0,11,2,5799
shimla,0,11,2,6738
shimla,0,11,2,5569
shimla,0,12,2,8842
shimla,0,12,2,8002
shimla,0,12,2,7469
shimla,0,12,2,8070
shimla,0,12,2,9999
shimla,0,12,2,9541
shimla,0,12,2,9956
shimla,0,12,2,8718
shimla,0,12,2,7725
shimla,0,12,2,8875
shimla,0,12,2,8630
shimla,0,12,2,9653
shimla,0,12,2,7694
shimla,0,12,2,8719
shimla,0,12,2,7831
shimla,0,12,2,8289
shimla,0,12,2,9373
shimla,0,12,2,8687
shimla,0,12,2,8424
shimla,0,12,2,8473
shimla,0,12,2,8643
shimla,0,12,2,9498
shimla,0,12,2,9779
shimla,0,12,2,9945
shimla,0,12,2,9503
shimla,0,12,2,8265
shimla,0,12,2,9243
shimla,0,12,2,8586
shimla,0,12,2,8106
shimla,0,12,2,9644
shimla,0,12,2,7538
shimla,0,12,2,9804
shimla,0,12,2,8648
shimla,0,12,2,9110
shimla,0,12,2,9168
shimla,0,12,2,9787
shimla,0,12,2,9108
shimla,0,12,2,9049
shimla,0,12,2,7612
shimla,0,12,2,8798
shimla,0,12,2,7831
shimla,0,12,2,9373
shimla,0,12,2,8782
shimla,0,12,2,9223
shimla,0,12,2,7546
shimla,0,12,2,7660
shimla,0,12,2,9317
shimla,0,12,2,7626
shimla,0,12,2,7624
shimla,0,12,2,7469
manali,1,1,0,2451
manali,1,1,0,2309
manali,1,1,0,2061
manali,1,1,0,2024
manali,1,1,0,2058
manali,1,1,0,2333
manali,1,1,0,2260
manali,1,1,0,1952
manali,1,1,0,1945
manali,1,1,0,1896
manali,1,1,0,2259
manali,1,1,0,2326
manali,1,1,0,2004
manali,1,1,0,1846
manali,1,1,0,1885
manali,1,1,0,2458
manali,1,1,0,2023
manali,1,1,0,2330
manali,1,1,0,2236
manali,1,1,0,2079
manali,1,1,0,1965
manali,1,1,0,1911
manali,1,1,0,2230
manali,1,1,0,2333
manali,1,1,0,2249
manali,1,1,0,2175
manali,1,1,0,1859
manali,1,1,0,2459
manali,1,1,0,2349
manali,1,1,0,2021
manali,1,1,0,2466
manali,1,1,0,2221
manali,1,1,0,2209
manali,1,1,0,2316
manali,1,1,0,2357
manali,1,1,0,2257
manali,1,1,0,1915
manali,1,1,0,2051
manali,1,1,0,2432
manali,1,1,0,1977
manali,1,1,0,2073
manali,1,1,0,2112
manali,1,1,0,2116
manali,1,1,0,2229
manali,1,1,0,2442
manali,1,1,0,1988
manali,1,1,0,1911
manali,1,1,0,1960
manali,1,1,0,2406
manali,1,1,0,2250
manali,1,2,0,1441
manali,1,2,0,1685
manali,1,2,0,1706
manali,1,2,0,1700
manali,1,2,0,1733
manali,1,2,0,1425
manali,1,2,0,1657
manali,1,2,0,1521
manali,1,2,0,1698
manali,1,2,0,1645
manali,1,2,0,1667
manali,1,2,0,1612
manali,1,2,0,1390
manali,1,2,0,1560
manali,1,2,0,1763
manali,1,2,0,1742
manali,1,2,0,1328
manali,1,2,0,1385
manali,1,2,0,1369
manali,1,2,0,1644
manali,1,2,0,1686
manali,1,2,0,1407
manali,1,2,0,1542
manali,1,2,0,1697
manali,1,2,0,1647
manali,1,2,0,1559
manali,1,2,0,1581
manali,1,2,0,1543
manali,1,2,0,1446
manali,1,2,0,1570
manali,1,2,0,1627
manali,1,2,0,1712
manali,1,2,0,1602
manali,1,2,0,1660
manali,1,2,0,1382
manali,1,2,0,1522
manali,1,2,0,1313
manali,1,2,0,1422
manali,1,2,0,1644
manali,1,2,0,1767
manali,1,2,0,1354
manali,1,2,0,1494
manali,1,2,0,1678
manali,1,2,0,1403
manali,1,2,0,1565
manali,1,2,0,1647
manali,1,2,0,1593
manali,1,2,0,1395
manali,1,2,0,1473
manali,1,2,0,1671
manali,1,3,0,1565
manali,1,3,0,1311
manali,1,3,0,1660
manali,1,3,0,1325
manali,1,3,0,1653
manali,1,3,0,1402
manali,1,3,0,1751
manali,1,3,0,1478
manali,1,3,0,1460
manali,1,3,0,1377
manali,1,3,0,1450
manali,1,3,0,1714
manali,1,3,0,1769
manali,1,3,0,1479
manali,1,3,0,1516
manali,1,3,0,1642
manali,1,3,0,1718
manali,1,3,0,1582
manali,1,3,0,1489
manali,1,3,0,1499
manali,1,3,0,1630
manali,1,3,0,1310
manali,1,3,0,1595
manali,1,3,0,1473
manali,1,3,0,1675
manali,1,3,0,1351
manali,1,3,0,1580
manali,1,3,0,1531
manali,1,3,0,1605
manali,1,3,0,1338
manali,1,3,0,1576
manali,1,3,0,1568
manali,1,3,0,1568
manali,1,3,0,1587
manali,1,3,0,1621
manali,1,3,0,1680
manali,1,3,0,1433
manali,1,3,0,1690
manali,1,3,0,1539
manali,1,3,0,1344
manali,1,3,0,1336
manali,1,3,0,1463
manali,1,3,0,1671
manali,1,3,0,1635
manali,1,3,0,1673
manali,1,3,0,1547
manali,1,3,0,1512
manali,1,3,0,1377
manali,1,3,0,1460
manali,1,3,0,1509
manali,1,4,0,1349
manali,1,4,0,1410
manali,1,4,0,1585
manali,1,4,0,1648
manali,1,4,0,1770
manali,1,4,0,1740
manali,1,4,0,1605
manali,1,4,0,1503
manali,1,4,0,1602
manali,1,4,0,1671
manali,1,4,0,1363
manali,1,4,0,1498
manali,1,4,0,1696
manali,1,4,0,1486
manali,1,4,0,1573
manali,1,4,0,1580
manali,1,4,0,1394
manali,1,4,0,1476
manali,1,4,0,1463
manali,1,4,0,1321
manali,1,4,0,1320
manali,1,4,0,1693
manali,1,4,0,1435
manali,1,4,0,1548
manali,1,4,0,1447
manali,1,4,0,1743
manali,1,4,0,1428
manali,1,4,0,1507
manali,1,4,0,1712
manali,1,4,0,1697
manali,1,4,0,1394
manali,1,4,0,1679
manali,1,4,0,1520
manali,1,4,0,1532
manali,1,4,0,1370
manali,1,4,0,1346
manali,1,4,0,1645
manali,1,4,0,1538
manali,1,4,0,1510
manali,1,4,0,1646
manali,1,4,0,1662
manali,1,4,0,1382
manali,1,4,0,1590
manali,1,4,0,1371
manali,1,4,0,1656
manali,1,4,0,1612
manali,1,4,0,1750
manali,1,4,0,1340
manali,1,4,0,1335
manali,1,4,0,1439
manali,1,5,0,2287
manali,1,5,0,2276
manali,1,5,0,2764
manali,1,5,0,2278
manali,1,5,0,2295
manali,1,5,0,2655
manali,1,5,0,2426
manali,1,5,0,2668
manali,1,5,0,2142
manali,1,5,0,2454
manali,1,5,0,2119
manali,1,5,0,2140
manali,1,5,0,2764
manali,1,5,0,2197
manali,1,5,0,2487
manali,1,5,0,2398
manali,1,5,0,2351
manali,1,5,0,2759
manali,1,5,0,2110
manali,1,5,0,2585
manali,1,5,0,2806
manali,1,5,0,2508
manali,1,5,0,2786
manali,1,5,0,2133
manali,1,5,0,2403
manali,1,5,0,2286
manali,1,5,0,2634
manali,1,5,0,2819
manali,1,5,0,2284
manali,1,5,0,2577
manali,1,5,0,2240
manali,1,5,0,2512
manali,1,5,0,2437
manali,1,5,0,2812
manali,1,5,0,2544
manali,1,5,0,2352
manali,1,5,0,2178
manali,1,5,0,2206
manali,1,5,0,2260
manali,1,5,0,2279
manali,1,5,0,2723
manali,1,5,0,2509
manali,1,5,0,2481
manali,1,5,0,2179
manali,1,5,0,2730
manali,1,5,0,2628
manali,1,5,0,2144
manali,1,5,0,2617
manali,1,5,0,2496
manali,1,5,0,2154
manali,1,6,0,2433
manali,1,6,0,2452
manali,1,6,0,2216
manali,1,6,0,2793
manali,1,6,0,2722
manali,1,6,0,2588
manali,1,6,0,2436
manali,1,6,0,2398
manali,1,6,0,2575
manali,1,6,0,2497
manali,1,6,0,2140
manali,1,6,0,2473
manali,1,6,0,2690
manali,1,6,0,2433
manali,1,6,0,2132
manali,1,6,0,2675
manali,1,6,0,2243
manali,1,6,0,2285
manali,1,6,0,2216
manali,1,6,0,2338
manali,1,6,0,2653
manali,1,6,0,2478
manali,1,6,0,2245
manali,1,6,0,2743
manali,1,6,0,2744
manali,1,6,0,2737
manali,1,6,0,2270
manali,1,6,0,2427
manali,1,6,0,2822
manali,1,6,0,2665
manali,1,6,0,2114
manali,1,6,0,2142
manali,1,6,0,2437
manali,1,6,0,2766
manali,1,6,0,2492
manali,1,6,0,2462
manali,1,6,0,2172
manali,1,6,0,2579
manali,1,6,0,2702
manali,1,6,0,2375
manali,1,6,0,2667
manali,1,6,0,2807
manali,1,6,0,2245
manali,1,6,0,2481
manali,1,6,0,2306
manali,1,6,0,2680
manali,1,6,0,2521
manali,1,6,0,2563
manali,1,6,0,2684
manali,1,6,0,2387
manali,1,7,0,1298
manali,1,7,0,1166
manali,1,7,0,1036
manali,1,7,0,1222
manali,1,7,0,1256
manali,1,7,0,1091
manali,1,7,0,1278
manali,1,7,0,1295
manali,1,7,0,1077
manali,1,7,0,1322
manali,1,7,0,1030
manali,1,7,0,1051
manali,1,7,0,1045
manali,1,7,0,1291
manali,1,7,0,1208
manali,1,7,0,1034
manali,1,7,0,1134
manali,1,7,0,1194
manali,1,7,0,1010
manali,1,7,0,1287
manali,1,7,0,1260
manali,1,7,0,1156
manali,1,7,0,1316
manali,1,7,0,1126
manali,1,7,0,1322
manali,1,7,0,1213
manali,1,7,0,1201
manali,1,7,0,1039
manali,1,7,0,1287
manali,1,7,0,1129
manali,1,7,0,1037
manali,1,7,0,986
manali,1,7,0,1175
manali,1,7,0,1164
manali,1,7,0,1231
manali,1,7,0,1290
manali,1,7,0,1009
manali,1,7,0,1235
manali,1,7,0,1046
manali,1,7,0,1279
manali,1,7,0,1265
manali,1,7,0,1169
manali,1,7,0,1227
manali,1,7,0,1090
manali,1,7,0,1145
manali,1,7,0,1266
manali,1,7,0,1140
manali,1,7,0,1105
manali,1,7,0,1152
manali,1,7,0,1268
manali,1,8,0,1097
manali,1,8,0,1041
manali,1,8,0,1228
manali,1,8,0,1267
manali,1,8,0,1016
manali,1,8,0,1064
manali,1,8,0,1030
manali,1,8,0,1102
manali,1,8,0,1137
manali,1,8,0,1241
manali,1,8,0,1207
manali,1,8,0,1196
manali,1,8,0,1103
manali,1,8,0,1273
manali,1,8,0,1145
manali,1,8,0,1321
manali,1,8,0,1201
manali,1,8,0,1025
manali,1,8,0,1216
manali,1,8,0,1094
manali,1,8,0,1219
manali,1,8,0,1005
manali,1,8,0,1042
manali,1,8,0,1278
manali,1,8,0,1060
manali,1,8,0,1271
manali,1,8,0,1078
manali,1,8,0,1204
manali,1,8,0,1222
manali,1,8,0,1159
manali,1,8,0,1087
manali,1,8,0,1055
manali,1,8,0,993
manali,1,8,0,1087
manali,1,8,0,1208
manali,1,8,0,1306
manali,1,8,0,1283
manali,1,8,0,1247
manali,1,8,0,1254
manali,1,8,0,1212
manali,1,8,0,1071
manali,1,8,0,1296
manali,1,8,0,1214
manali,1,8,0,1175
manali,1,8,0,1020
manali,1,8,0,1136
manali,1,8,0,1141
manali,1,8,0,1281
manali,1,8,0,1171
manali,1,8,0,1113
manali,1,9,0,1760
manali,1,9,0,1360
manali,1,9,0,1504
manali,1,9,0,1328
manali,1,9,0,1650
manali,1,9,0,1733
manali,1,9,0,1438
manali,1,9,0,1705
manali,1,9,0,1444
manali,1,9,0,1729
manali,1,9,0,1657
manali,1,9,0,1680
manali,1,9,0,1317
manali,1,9,0,1753
manali,1,9,0,1644
manali,1,9,0,1449
manali,1,9,0,1692
manali,1,9,0,1439
manali,1,9,0,1712
manali,1,9,0,1361
manali,1,9,0,1634
manali,1,9,0,1558
manali,1,9,0,1353
manali,1,9,0,1420
manali,1,9,0,1314
manali,1,9,0,1525
manali,1,9,0,1448
manali,1,9,0,1585
manali,1,9,0,1446
manali,1,9,0,1447
manali,1,9,0,1652
manali,1,9,0,1331
manali,1,9,0,1726
manali,1,9,0,1702
manali,1,9,0,1617
manali,1,9,0,1583
manali,1,9,0,1721
manali,1,9,0,1394
manali,1,9,0,1345
manali,1,9,0,1419
manali,1,9,0,1676
manali,1,9,0,1325
manali,1,9,0,1578
manali,1,9,0,1768
manali,1,9,0,1704
manali,1,9,0,1549
manali,1,9,0,1338
manali,1,9,0,1693
manali,1,9,0,1585
manali,1,9,0,1362
manali,1,10,0,1352
manali,1,10,0,1729
manali,1,10,0,1618
manali,1,10,0,1692
manali,1,10,0,1715
manali,1,10,0,1573
manali,1,10,0,1548
manali,1,10,0,1507
manali,1,10,0,1455
manali,1,10,0,1509
manali,1,10,0,1666
manali,1,10,0,1587
manali,1,10,0,1721
manali,1,10,0,1513
manali,1,10,0,1589
manali,1,10,0,1600
manali,1,10,0,1582
manali,1,10,0,1633
manali,1,10,0,1418
manali,1,10,0,1545
manali,1,10,0,1357
manali,1,10,0,1486
manali,1,10,0,1534
manali,1,10,0,1610
manali,1,10,0,1748
manali,1,10,0,1586
manali,1,10,0,1652
manali,1,10,0,1542
manali,1,10,0,1601
manali,1,10,0,1341
manali,1,10,0,1426
manali,1,10,0,1476
manali,1,10,0,1527
manali,1,10,0,1330
manali,1,10,0,1373
manali,1,10,0,1436
manali,1,10,0,1757
manali,1,10,0,1462
manali,1,10,0,1531
manali,1,10,0,1399
manali,1,10,0,1591
manali,1,10,0,1438
manali,1,10,0,1404
manali,1,10,0,1547
manali,1,10,0,1311
manali,1,10,0,1312
manali,1,10,0,1410
manali,1,10,0,1325
manali,1,10,0,1358
manali,1,10,0,1465
manali,1,11,0,1679
manali,1,11,0,1573
manali,1,11,0,1545
manali,1,11,0,1444
manali,1,11,0,1739
manali,1,11,0,1492
manali,1,11,0,1349
manali,1,11,0,1594
manali,1,11,0,1361
manali,1,11,0,1468
manali,1,11,0,1543
manali,1,11,0,1712
manali,1,11,0,1537
manali,1,11,0,1633
manali,1,11,0,1767
manali,1,11,0,1369
manali,1,11,0,1435
manali,1,11,0,1491
manali,1,11,0,1503
manali,1,11,0,1498
manali,1,11,0,1728
manali,1,11,0,1638
manali,1,11,0,1589
manali,1,11,0,1451
manali,1,11,0,1689
manali,1,11,0,1750
manali,1,11,0,1688
manali,1,11,0,1309
manali,1,11,0,1603
manali,1,11,0,1332
manali,1,11,0,1428
manali,1,11,0,1336
manali,1,11,0,1587
manali,1,11,0,1626
manali,1,11,0,1361
manali,1,11,0,1486
manali,1,11,0,1519
manali,1,11,0,1479
manali,1,11,0,1364
manali,1,11,0,1502
manali,1,11,0,1656
manali,1,11,0,1341
manali,1,11,0,1346
manali,1,11,0,1472
manali,1,11,0,1744
manali,1,11,0,1617
manali,1,11,0,1622
manali,1,11,0,1476
manali,1,11,0,1583
manali,1,11,0,1313
manali,1,12,0,2244
manali,1,12,0,2423
manali,1,12,0,2228
manali,1,12,0,2397
manali,1,12,0,2300
manali,1,12,0,1910
manali,1,12,0,2416
manali,1,12,0,1875
manali,1,12,0,2177
manali,1,12,0,1924
manali,1,12,0,1840
manali,1,12,0,2105
manali,1,12,0,2023
manali,1,12,0,2146
manali,1,12,0,2205
manali,1,12,0,1860
manali,1,12,0,1912
manali,1,12,0,2193
manali,1,12,0,2054
manali,1,12,0,2304
manali,1,12,0,2254
manali,1,12,0,2379
manali,1,12,0,2280
manali,1,12,0,2110
manali,1,12,0,2267
manali,1,12,0,2010
manali,1,12,0,2030
manali,1,12,0,2342
manali,1,12,0,2121
manali,1,12,0,2348
manali,1,12,0,2364
manali,1,12,0,2387
manali,1,12,0,2425
manali,1,12,0,2111
manali,1,12,0,2038
manali,1,12,0,2209
manali,1,12,0,2072
manali,1,12,0,2221
manali,1,12,0,2288
manali,1,12,0,2277
manali,1,12,0,2074
manali,1,12,0,1940
manali,1,12,0,2111
manali,1,12,0,1924
manali,1,12,0,2408
manali,1,12,0,2056
manali,1,12,0,1932
manali,1,12,0,1849
manali,1,12,0,2250
manali,1,12,0,2244
manali,1,1,1,3732
manali,1,1,1,3416
manali,1,1,1,3813
manali,1,1,1,3697
manali,1,1,1,4128
manali,1,1,1,4044
manali,1,1,1,3760
manali,1,1,1,3588
manali,1,1,1,4493
manali,1,1,1,3865
manali,1,1,1,4141
manali,1,1,1,3497
manali,1,1,1,3903
manali,1,1,1,3364
manali,1,1,1,3926
manali,1,1,1,4465
manali,1,1,1,3783
manali,1,1,1,3377
manali,1,1,1,3368
manali,1,1,1,3788
manali,1,1,1,3520
manali,1,1,1,3359
manali,1,1,1,4221
manali,1,1,1,3871
manali,1,1,1,3672
manali,1,1,1,4390
manali,1,1,1,3468
manali,1,1,1,4456
manali,1,1,1,3701
manali,1,1,1,4376
manali,1,1,1,4041
manali,1,1,1,4304
manali,1,1,1,4489
manali,1,1,1,3671
manali,1,1,1,4462
manali,1,1,1,3790
manali,1,1,1,3785
manali,1,1,1,3732
manali,1,1,1,3968
manali,1,1,1,3513
manali,1,1,1,3983
manali,1,1,1,3969
manali,1,1,1,4227
manali,1,1,1,4312
manali,1,1,1,3849
manali,1,1,1,3687
manali,1,1,1,3636
manali,1,1,1,3560
manali,1,1,1,3399
manali,1,1,1,3734
manali,1,2,1,2607
manali,1,2,1,3191
manali,1,2,1,2848
manali,1,2,1,2671
manali,1,2,1,2867
manali,1,2,1,2496
manali,1,2,1,2752
manali,1,2,1,2906
manali,1,2,1,2790
manali,1,2,1,2717
manali,1,2,1,3214
manali,1,2,1,3119
manali,1,2,1,2903
manali,1,2,1,2858
manali,1,2,1,2901
manali,1,2,1,2549
manali,1,2,1,2711
manali,1,2,1,2413
manali,1,2,1,2779
manali,1,2,1,2836
manali,1,2,1,2571
manali,1,2,1,3189
manali,1,2,1,3143
manali,1,2,1,2986
manali,1,2,1,2828
manali,1,2,1,3110
manali,1,2,1,2489
manali,1,2,1,3044
manali,1,2,1,2484
manali,1,2,1,3047
manali,1,2,1,2611
manali,1,2,1,3116
manali,1,2,1,3172
manali,1,2,1,2504
manali,1,2,1,2768
manali,1,2,1,3204
manali,1,2,1,2786
manali,1,2,1,3105
manali,1,2,1,2874
manali,1,2,1,2695
manali,1,2,1,2620
manali,1,2,1,2550
manali,1,2,1,3019
manali,1,2,1,2704
manali,1,2,1,2809
manali,1,2,1,2793
manali,1,2,1,2864
manali,1,2,1,3107
manali,1,2,1,3203
manali,1,2,1,2722
manali,1,3,1,3075
manali,1,3,1,3022
manali,1,3,1,2861
manali,1,3,1,3183
manali,1,3,1,2548
manali,1,3,1,2471
manali,1,3,1,3097
manali,1,3,1,2748
manali,1,3,1,3091
manali,1,3,1,3130
manali,1,3,1,2432
manali,1,3,1,3122
manali,1,3,1,2756
manali,1,3,1,2808
manali,1,3,1,2906
manali,1,3,1,3158
manali,1,3,1,2396
manali,1,3,1,2780
manali,1,3,1,2957
manali,1,3,1,2987
manali,1,3,1,2961
manali,1,3,1,2492
manali,1,3,1,2631
manali,1,3,1,2681
manali,1,3,1,3055
manali,1,3,1,2614
manali,1,3,1,2556
manali,1,3,1,3184
manali,1,3,1,2387
manali,1,3,1,3218
manali,1,3,1,2948
manali,1,3,1,3075
manali,1,3,1,2627
manali,1,3,1,2392
manali,1,3,1,2999
manali,1,3,1,3080
manali,1,3,1,3001
manali,1,3,1,2499
manali,1,3,1,3012
manali,1,3,1,3025
manali,1,3,1,2933
manali,1,3,1,3023
manali,1,3,1,3090
manali,1,3,1,2895
manali,1,3,1,2454
manali,1,3,1,2789
manali,1,3,1,2445
manali,1,3,1,2722
manali,1,3,1,2721
manali,1,3,1,2435
manali,1,4,1,2673
manali,1,4,1,2473
manali,1,4,1,3058
manali,1,4,1,3176
manali,1,4,1,2440
manali,1,4,1,3182
manali,1,4,1,2818
manali,1,4,1,2631
manali,1,4,1,2444
manali,1,4,1,2800
manali,1,4,1,3047
manali,1,4,1,2973
manali,1,4,1,2422
manali,1,4,1,2441
manali,1,4,1,2718
manali,1,4,1,2628
manali,1,4,1,2575
manali,1,4,1,2616
manali,1,4,1,3054
manali,1,4,1,3160
manali,1,4,1,2720
manali,1,4,1,3141
manali,1,4,1,2650
manali,1,4,1,2780
manali,1,4,1,2569
manali,1,4,1,2917
manali,1,4,1,3202
manali,1,4,1,2886
manali,1,4,1,2680
manali,1,4,1,2924
manali,1,4,1,2483
manali,1,4,1,3126
manali,1,4,1,2802
manali,1,4,1,2757
manali,1,4,1,2872
manali,1,4,1,2904
manali,1,4,1,2440
manali,1,4,1,2953
manali,1,4,1,2583
manali,1,4,1,2979
manali,1,4,1,3070
manali,1,4,1,3055
manali,1,4,1,2844
manali,1,4,1,2816
manali,1,4,1,2500
manali,1,4,1,3031
manali,1,4,1,2607
manali,1,4,1,2797
manali,1,4,1,2618
manali,1,4,1,2492
manali,1,5,1,4654
manali,1,5,1,3881
manali,1,5,1,4814
manali,1,5,1,4234
manali,1,5,1,3808
manali,1,5,1,4494
manali,1,5,1,3870
manali,1,5,1,4179
manali,1,5,1,4758
manali,1,5,1,3892
manali,1,5,1,4936
manali,1,5,1,3813
manali,1,5,1,4139
manali,1,5,1,4803
manali,1,5,1,4233
manali,1,5,1,3944
manali,1,5,1,4292
manali,1,5,1,4171
manali,1,5,1,4940
manali,1,5,1,4229
manali,1,5,1,4868
manali,1,5,1,5006
manali,1,5,1,4391
manali,1,5,1,5030
manali,1,5,1,4315
manali,1,5,1,5103
manali,1,5,1,3928
manali,1,5,1,4731
manali,1,5,1,4471
manali,1,5,1,4328
manali,1,5,1,4658
manali,1,5,1,4753
manali,1,5,1,3813
manali,1,5,1,4032
manali,1,5,1,4766
manali,1,5,1,4703
manali,1,5,1,5106
manali,1,5,1,4830
manali,1,5,1,5085
manali,1,5,1,4752
manali,1,5,1,4208
manali,1,5,1,3949
manali,1,5,1,4858
manali,1,5,1,4673
manali,1,5,1,3872
manali,1,5,1,4291
manali,1,5,1,5093
manali,1,5,1,4480
manali,1,5,1,4389
manali,1,5,1,4423
manali,1,6,1,4088
manali,1,6,1,4303
manali,1,6,1,4305
manali,1,6,1,3878
manali,1,6,1,4839
manali,1,6,1,4367
manali,1,6,1,4913
manali,1,6,1,4950
manali,1,6,1,4092
manali,1,6,1,4691
manali,1,6,1,4442
manali,1,6,1,4990
manali,1,6,1,4097
manali,1,6,1,4718
manali,1,6,1,4624
manali,1,6,1,4204
manali,1,6,1,3991
manali,1,6,1,4683
manali,1,6,1,4800
manali,1,6,1,4232
manali,1,6,1,4674
manali,1,6,1,4339
manali,1,6,1,4766
manali,1,6,1,4075
manali,1,6,1,5004
manali,1,6,1,4194
manali,1,6,1,4302
manali,1,6,1,3886
manali,1,6,1,3957
manali,1,6,1,4501
manali,1,6,1,4167
manali,1,6,1,4930
manali,1,6,1,3827
manali,1,6,1,4317
manali,1,6,1,4261
manali,1,6,1,3833
manali,1,6,1,3975
manali,1,6,1,4363
manali,1,6,1,4470
manali,1,6,1,4351
manali,1,6,1,4521
manali,1,6,1,4607
manali,1,6,1,3821
manali,1,6,1,4431
manali,1,6,1,5102
manali,1,6,1,4505
manali,1,6,1,4718
manali,1,6,1,4227
manali,1,6,1,4848
manali,1,6,1,4846
manali,1,7,1,2113
manali,1,7,1,2399
manali,1,7,1,1864
manali,1,7,1,1795
manali,1,7,1,2270
manali,1,7,1,2293
manali,1,7,1,1860
manali,1,7,1,1952
manali,1,7,1,1796
manali,1,7,1,1969
manali,1,7,1,2272
manali,1,7,1,2111
manali,1,7,1,2004
manali,1,7,1,2019
manali,1,7,1,1785
manali,1,7,1,1973
manali,1,7,1,2192
manali,1,7,1,2398
manali,1,7,1,2318
manali,1,7,1,1799
manali,1,7,1,2351
manali,1,7,1,2278
manali,1,7,1,2276
manali,1,7,1,2073
manali,1,7,1,2035
manali,1,7,1,1975
manali,1,7,1,1826
manali,1,7,1,1928
manali,1,7,1,1940
manali,1,7,1,2089
manali,1,7,1,2255
manali,1,7,1,2083
manali,1,7,1,1821
manali,1,7,1,2388
manali,1,7,1,2378
manali,1,7,1,2279
manali,1,7,1,2409
manali,1,7,1,2128
manali,1,7,1,2391
manali,1,7,1,1832
manali,1,7,1,2015
manali,1,7,1,1926
manali,1,7,1,1908
manali,1,7,1,1873
manali,1,7,1,2177
manali,1,7,1,2277
manali,1,7,1,2149
manali,1,7,1,1877
manali,1,7,1,2296
manali,1,7,1,2185
manali,1,8,1,2029
manali,1,8,1,2209
manali,1,8,1,1948
manali,1,8,1,2002
manali,1,8,1,2363
manali,1,8,1,1968
manali,1,8,1,2081
manali,1,8,1,2345
manali,1,8,1,2230
manali,1,8,1,1824
manali,1,8,1,1877
manali,1,8,1,1789
manali,1,8,1,2182
manali,1,8,1,2067
manali,1,8,1,1869
manali,1,8,1,2388
manali,1,8,1,2118
manali,1,8,1,1937
manali,1,8,1,2100
manali,1,8,1,2213
manali,1,8,1,1833
manali,1,8,1,1958
manali,1,8,1,2293
manali,1,8,1,2074
manali,1,8,1,2129
manali,1,8,1,2057
manali,1,8,1,1812
manali,1,8,1,1889
manali,1,8,1,2065
manali,1,8,1,1916
manali,1,8,1,1816
manali,1,8,1,2316
manali,1,8,1,2403
manali,1,8,1,2284
manali,1,8,1,2322
manali,1,8,1,1937
manali,1,8,1,2390
manali,1,8,1,1909
manali,1,8,1,2384
manali,1,8,1,2411
manali,1,8,1,2233
manali,1,8,1,2403
manali,1,8,1,2143
manali,1,8,1,1948
manali,1,8,1,2060
manali,1,8,1,2158
manali,1,8,1,1831
manali,1,8,1,2177
manali,1,8,1,2403
manali,1,8,1,1904
manali,1,9,1,3045
manali,1,9,1,3142
manali,1,9,1,3172
manali,1,9,1,3186
manali,1,9,1,2818
manali,1,9,1,3200
manali,1,9,1,3016
manali,1,9,1,2515
manali,1,9,1,2780
manali,1,9,1,2983
manali,1,9,1,2587
manali,1,9,1,2918
manali,1,9,1,2939
manali,1,9,1,2516
manali,1,9,1,2854
manali,1,9,1,3028
manali,1,9,1,2799
manali,1,9,1,2390
manali,1,9,1,2387
manali,1,9,1,2679
manali,1,9,1,3158
manali,1,9,1,2572
manali,1,9,1,2912
manali,1,9,1,2566
manali,1,9,1,2650
manali,1,9,1,3092
manali,1,9,1,2992
manali,1,9,1,2460
manali,1,9,1,2740
manali,1,9,1,2404
manali,1,9,1,2783
manali,1,9,1,2936
manali,1,9,1,2479
manali,1,9,1,2622
manali,1,9,1,2714
manali,1,9,1,3152
manali,1,9,1,3214
manali,1,9,1,2417
manali,1,9,1,3019
manali,1,9,1,2692
manali,1,9,1,2709
manali,1,9,1,3013
manali,1,9,1,3151
manali,1,9,1,3178
manali,1,9,1,2864
manali,1,9,1,2679
manali,1,9,1,3041
manali,1,9,1,2590
manali,1,9,1,2853
manali,1,9,1,2681
manali,1,10,1,2931
manali,1,10,1,2581
manali,1,10,1,2540
manali,1,10,1,3151
manali,1,10,1,2465
manali,1,10,1,2805
manali,1,10,1,2565
manali,1,10,1,2412
manali,1,10,1,2410
manali,1,10,1,2527
manali,1,10,1,3108
manali,1,10,1,2617
manali,1,10,1,3178
manali,1,10,1,2868
manali,1,10,1,2746
manali,1,10,1,2867
manali,1,10,1,2814
manali,1,10,1,3017
manali,1,10,1,2617
manali,1,10,1,2676
manali,1,10,1,3131
manali,1,10,1,3175
manali,1,10,1,3129
manali,1,10,1,2732
manali,1,10,1,3035
manali,1,10,1,2780
manali,1,10,1,2797
manali,1,10,1,2551
manali,1,10,1,2876
manali,1,10,1,2536
manali,1,10,1,2658
manali,1,10,1,3098
manali,1,10,1,2553
manali,1,10,1,2439
manali,1,10,1,2437
manali,1,10,1,3170
manali,1,10,1,2805
manali,1,10,1,2723
manali,1,10,1,3061
manali,1,10,1,3082
manali,1,10,1,2659
manali,1,10,1,2962
manali,1,10,1,3027
manali,1,10,1,2929
manali,1,10,1,2507
manali,1,10,1,3115
manali,1,10,1,2832
manali,1,10,1,2617
manali,1,10,1,2737
manali,1,10,1,2411
manali,1,11,1,2487
manali,1,11,1,3023
manali,1,11,1,2380
manali,1,11,1,2729
manali,1,11,1,2818
manali,1,11,1,2425
manali,1,11,1,3197
manali,1,11,1,2569
manali,1,11,1,2635
manali,1,11,1,2635
manali,1,11,1,2573
manali,1,11,1,2381
manali,1,11,1,2992
manali,1,11,1,3192
manali,1,11,1,2568
manali,1,11,1,2936
manali,1,11,1,3003
manali,1,11,1,3092
manali,1,11,1,2735
manali,1,11,1,2634
manali,1,11,1,2653
manali,1,11,1,2978
manali,1,11,1,3066
manali,1,11,1,2532
manali,1,11,1,2691
manali,1,11,1,3137
manali,1,11,1,3057
manali,1,11,1,3207
manali,1,11,1,3013
manali,1,11,1,2710
manali,1,11,1,2876
manali,1,11,1,2935
manali,1,11,1,2445
manali,1,11,1,2837
manali,1,11,1,2975
manali,1,11,1,2520
manali,1,11,1,3035
manali,1,11,1,2870
manali,1,11,1,3179
manali,1,11,1,2415
manali,1,11,1,2602
manali,1,11,1,2885
manali,1,11,1,2629
manali,1,11,1,2980
manali,1,11,1,3017
manali,1,11,1,2466
manali,1,11,1,2811
manali,1,11,1,2807
manali,1,11,1,2690
manali,1,11,1,3163
manali,1,12,1,4305
manali,1,12,1,4151
manali,1,12,1,4172
manali,1,12,1,3874
manali,1,12,1,4415
manali,1,12,1,4148
manali,1,12,1,4189
manali,1,12,1,4345
manali,1,12,1,3654
manali,1,12,1,4281
manali,1,12,1,3561
manali,1,12,1,3738
manali,1,12,1,3726
manali,1,12,1,4482
manali,1,12,1,4339
manali,1,12,1,4156
manali,1,12,1,4187
manali,1,12,1,3992
manali,1,12,1,4445
manali,1,12,1,3915
manali,1,12,1,3779
manali,1,12,1,3523
manali,1,12,1,4256
manali,1,12,1,4195
manali,1,12,1,3784
manali,1,12,1,3361
manali,1,12,1,4318
manali,1,12,1,3345
manali,1,12,1,4159
manali,1,12,1,4473
manali,1,12,1,3846
manali,1,12,1,3608
manali,1,12,1,4160
manali,1,12,1,4292
manali,1,12,1,3974
manali,1,12,1,4469
manali,1,12,1,3392
manali,1,12,1,3925
manali,1,12,1,4176
manali,1,12,1,4346
manali,1,12,1,3542
manali,1,12,1,4272
manali,1,12,1,3981
manali,1,12,1,3798
manali,1,12,1,3486
manali,1,12,1,4349
manali,1,12,1,3516
manali,1,12,1,3696
manali,1,12,1,3673
manali,1,12,1,4356
manali,1,1,2,10307
manali,1,1,2,10672
manali,1,1,2,9066
manali,1,1,2,10167
manali,1,1,2,10010
manali,1,1,2,10778
manali,1,1,2,10993
manali,1,1,2,8365
manali,1,1,2,10311
manali,1,1,2,8482
manali,1,1,2,9943
manali,1,1,2,9175
manali,1,1,2,9231
manali,1,1,2,9367
manali,1,1,2,10156
manali,1,1,2,9312
manali,1,1,2,10484
manali,1,1,2,9519
manali,1,1,2,8530
manali,1,1,2,10634
manali,1,1,2,9170
manali,1,1,2,9602
manali,1,1,2,10345
manali,1,1,2,9307
manali,1,1,2,8496
manali,1,1,2,9429
manali,1,1,2,11106
manali,1,1,2,10216
manali,1,1,2,10304
manali,1,1,2,10188
manali,1,1,2,8915
manali,1,1,2,9559
manali,1,1,2,10537
manali,1,1,2,8628
manali,1,1,2,9146
manali,1,1,2,9142
manali,1,1,2,9600
manali,1,1,2,11212
manali,1,1,2,8528
manali,1,1,2,9854
manali,1,1,2,8857
manali,1,1,2,11183
manali,1,1,2,8663
manali,1,1,2,9516
manali,1,1,2,10499
manali,1,1,2,10401
manali,1,1,2,9572
manali,1,1,2,9348
manali,1,1,2,9498
manali,1,1,2,9106
manali,1,2,2,6381
manali,1,2,2,6964
manali,1,2,2,6513
manali,1,2,2,6553
manali,1,2,2,7329
manali,1,2,2,7983
manali,1,2,2,7217
manali,1,2,2,6111
manali,1,2,2,6108
manali,1,2,2,7947
manali,1,2,2,6574
manali,1,2,2,6143
manali,1,2,2,7207
manali,1,2,2,7259
manali,1,2,2,7311
manali,1,2,2,6511
manali,1,2,2,5981
manali,1,2,2,7976
manali,1,2,2,6476
manali,1,2,2,7369
manali,1,2,2,7433
manali,1,2,2,7231
manali,1,2,2,6607
manali,1,2,2,6519
manali,1,2,2,7205
manali,1,2,2,7768
manali,1,2,2,7938
manali,1,2,2,6172
manali,1,2,2,6275
manali,1,2,2,7933
manali,1,2,2,7496
manali,1,2,2,7804
manali,1,2,2,6375
manali,1,2,2,7183
manali,1,2,2,7422
manali,1,2,2,7378
manali,1,2,2,6807
manali,1,2,2,5982
manali,1,2,2,7174
manali,1,2,2,6481
manali,1,2,2,6895
manali,1,2,2,7960
manali,1,2,2,6787
manali,1,2,2,7713
manali,1,2,2,6345
manali,1,2,2,7362
manali,1,2,2,8001
manali,1,2,2,6163
manali,1,2,2,5967
manali,1,2,2,6860
manali,1,3,2,6144
manali,1,3,2,7521
manali,1,3,2,7870
manali,1,3,2,6861
manali,1,3,2,6493
manali,1,3,2,6862
manali,1,3,2,7469
manali,1,3,2,5969
manali,1,3,2,7187
manali,1,3,2,7237
manali,1,3,2,7289
manali,1,3,2,6458
manali,1,3,2,7449
manali,1,3,2,6141
manali,1,3,2,6368
manali,1,3,2,7792
manali,1,3,2,7501
manali,1,3,2,5978
manali,1,3,2,6471
manali,1,3,2,6400
manali,1,3,2,6518
manali,1,3,2,6469
manali,1,3,2,6081
manali,1,3,2,6913
manali,1,3,2,7488
manali,1,3,2,7224
manali,1,3,2,7363
manali,1,3,2,6120
manali,1,3,2,7948
manali,1,3,2,7710
manali,1,3,2,7640
manali,1,3,2,7678
manali,1,3,2,7908
manali,1,3,2,7092
manali,1,3,2,6370
manali,1,3,2,7245
manali,1,3,2,7510
manali,1,3,2,7499
manali,1,3,2,7045
manali,1,3,2,6093
manali,1,3,2,6729
manali,1,3,2,7883
manali,1,3,2,7177
manali,1,3,2,7080
manali,1,3,2,6514
manali,1,3,2,6723
manali,1,3,2,7830
manali,1,3,2,7349
manali,1,3,2,7603
manali,1,3,2,6904
manali,1,4,2,7273
manali,1,4,2,6471
manali,1,4,2,7431
manali,1,4,2,6847
manali,1,4,2,6879
manali,1,4,2,7313
manali,1,4,2,7916
manali,1,4,2,6084
manali,1,4,2,7681
manali,1,4,2,6564
manali,1,4,2,6882
manali,1,4,2,5996
manali,1,4,2,6582
manali,1,4,2,7005
manali,1,4,2,6067
manali,1,4,2,6981
manali,1,4,2,7896
manali,1,4,2,6171
manali,1,4,2,7555
manali,1,4,2,6810
manali,1,4,2,7325
manali,1,4,2,6496
manali,1,4,2,6284
manali,1,4,2,6286
manali,1,4,2,6098
manali,1,4,2,6339
manali,1,4,2,7344
manali,1,4,2,7801
manali,1,4,2,7659
manali,1,4,2,7388
manali,1,4,2,6181
manali,1,4,2,6557
manali,1,4,2,6600
manali,1,4,2,6474
manali,1,4,2,7031
manali,1,4,2,7074
manali,1,4,2,6699
manali,1,4,2,6692
manali,1,4,2,7689
manali,1,4,2,7607
manali,1,4,2,6596
manali,1,4,2,7868
manali,1,4,2,7950
manali,1,4,2,6636
manali,1,4,2,6694
manali,1,4,2,7011
manali,1,4,2,7926
manali,1,4,2,7790
manali,1,4,2,6165
manali,1,4,2,6774
manali,1,5,2,11379
manali,1,5,2,11210
manali,1,5,2,10171
manali,1,5,2,12405
manali,1,5,2,11794
manali,1,5,2,12335
manali,1,5,2,12405
manali,1,5,2,12034
manali,1,5,2,10995
manali,1,5,2,11571
manali,1,5,2,10058
manali,1,5,2,11783
manali,1,5,2,10122
manali,1,5,2,11851
manali,1,5,2,10291
manali,1,5,2,9914
manali,1,5,2,10075
manali,1,5,2,9526
manali,1,5,2,11934
manali,1,5,2,11980
manali,1,5,2,11250
manali,1,5,2,10062
manali,1,5,2,9800
manali,1,5,2,9584
manali,1,5,2,10076
manali,1,5,2,12513
manali,1,5,2,10331
manali,1,5,2,10710
manali,1,5,2,9873
manali,1,5,2,10267
manali,1,5,2,11264
manali,1,5,2,11562
manali,1,5,2,10344
manali,1,5,2,9713
manali,1,5,2,10833
manali,1,5,2,10306
manali,1,5,2,10257
manali,1,5,2,12745
manali,1,5,2,11590
manali,1,5,2,11391
manali,1,5,2,10917
manali,1,5,2,10961
manali,1,5,2,11337
manali,1,5,2,11860
manali,1,5,2,11879
manali,1,5,2,10096
manali,1,5,2,11200
manali,1,5,2,10904
manali,1,5,2,12444
manali,1,5,2,11641
manali,1,6,2,11309
manali,1,6,2,9907
manali,1,6,2,11554
manali,1,6,2,9913
manali,1,6,2,10653
manali,1,6,2,9999
manali,1,6,2,11845
manali,1,6,2,10213
manali,1,6,2,10836
manali,1,6,2,12529
manali,1,6,2,10206
manali,1,6,2,11226
manali,1,6,2,10928
manali,1,6,2,9580
manali,1,6,2,12183
manali,1,6,2,9751
manali,1,6,2,11113
manali,1,6,2,11403
manali,1,6,2,11631
manali,1,6,2,11833
manali,1,6,2,10370
manali,1,6,2,9553
manali,1,6,2,11950
manali,1,6,2,11319
manali,1,6,2,12329
manali,1,6,2,12279
manali,1,6,2,12353
manali,1,6,2,11149
manali,1,6,2,10640
manali,1,6,2,12179
manali,1,6,2,11036
manali,1,6,2,10136
manali,1,6,2,12392
manali,1,6,2,12485
manali,1,6,2,11086
manali,1,6,2,9774
manali,1,6,2,10823
manali,1,6,2,12219
manali,1,6,2,12549
manali,1,6,2,10203
manali,1,6,2,9745
manali,1,6,2,12467
manali,1,6,2,10828
manali,1,6,2,11340
manali,1,6,2,12772
manali,1,6,2,9743
manali,1,6,2,11698
manali,1,6,2,9768
manali,1,6,2,10781
manali,1,6,2,12220
manali,1,7,2,5145
manali,1,7,2,6033
manali,1,7,2,5343
manali,1,7,2,4968
manali,1,7,2,4809
manali,1,7,2,5014
manali,1,7,2,5049
manali,1,7,2,4570
manali,1,7,2,5044
manali,1,7,2,5193
manali,1,7,2,5600
manali,1,7,2,5496
manali,1,7,2,5578
manali,1,7,2,4475
manali,1,7,2,4805
manali,1,7,2,5504
manali,1,7,2,5224
manali,1,7,2,4470
manali,1,7,2,5729
manali,1,7,2,5679
manali,1,7,2,5326
manali,1,7,2,4567
manali,1,7,2,5669
manali,1,7,2,5381
manali,1,7,2,5694
manali,1,7,2,5646
manali,1,7,2,5727
manali,1,7,2,5278
manali,1,7,2,4683
manali,1,7,2,5519
manali,1,7,2,5439
manali,1,7,2,5631
manali,1,7,2,4730
manali,1,7,2,4769
manali,1,7,2,5864
manali,1,7,2,5643
manali,1,7,2,5892
manali,1,7,2,5657
manali,1,7,2,5403
manali,1,7,2,5492
manali,1,7,2,5862
manali,1,7,2,5374
manali,1,7,2,5458
manali,1,7,2,4708
manali,1,7,2,5208
manali,1,7,2,5590
manali,1,7,2,4889
manali,1,7,2,4781
manali,1,7,2,4956
manali,1,7,2,4842
manali,1,8,2,4800
manali,1,8,2,5131
manali,1,8,2,5892
manali,1,8,2,5261
manali,1,8,2,4758
manali,1,8,2,4583
manali,1,8,2,5558
manali,1,8,2,5065
manali,1,8,2,5756
manali,1,8,2,5501
manali,1,8,2,5716
manali,1,8,2,4890
manali,1,8,2,5552
manali,1,8,2,4878
manali,1,8,2,5941
manali,1,8,2,5464
manali,1,8,2,4973
manali,1,8,2,4886
manali,1,8,2,4763
manali,1,8,2,5556
manali,1,8,2,4806
manali,1,8,2,5400
manali,1,8,2,4879
manali,1,8,2,5505
manali,1,8,2,5746
manali,1,8,2,5687
manali,1,8,2,5660
manali,1,8,2,4758
manali,1,8,2,4601
manali,1,8,2,5563
manali,1,8,2,5042
manali,1,8,2,5143
manali,1,8,2,4511
manali,1,8,2,4871
manali,1,8,2,4515
manali,1,8,2,5847
manali,1,8,2,4845
manali,1,8,2,5340
manali,1,8,2,4523
manali,1,8,2,5512
manali,1,8,2,4971
manali,1,8,2,5876
manali,1,8,2,5861
manali,1,8,2,4974
manali,1,8,2,5881
manali,1,8,2,6031
manali,1,8,2,5762
manali,1,8,2,5793
manali,1,8,2,4854
manali,1,8,2,5370
manali,1,9,2,6091
manali,1,9,2,6149
manali,1,9,2,8047
manali,1,9,2,6635
manali,1,9,2,7521
manali,1,9,2,7643
manali,1,9,2,7751
manali,1,9,2,8045
manali,1,9,2,6457
manali,1,9,2,6034
manali,1,9,2,6813
manali,1,9,2,6223
manali,1,9,2,5997
manali,1,9,2,6706
manali,1,9,2,7595
manali,1,9,2,7138
manali,1,9,2,6606
manali,1,9,2,7324
manali,1,9,2,6437
manali,1,9,2,5980
manali,1,9,2,7555
manali,1,9,2,7259
manali,1,9,2,7550
manali,1,9,2,6031
manali,1,9,2,7707
manali,1,9,2,7251
manali,1,9,2,7133
manali,1,9,2,7261
manali,1,9,2,7765
manali,1,9,2,7182
manali,1,9,2,7169
manali,1,9,2,8030
manali,1,9,2,7539
manali,1,9,2,6878
manali,1,9,2,7435
manali,1,9,2,6767
manali,1,9,2,6430
manali,1,9,2,7203
manali,1,9,2,7899
manali,1,9,2,7901
manali,1,9,2,6668
manali,1,9,2,7058
manali,1,9,2,6394
manali,1,9,2,8040
manali,1,9,2,8010
manali,1,9,2,7313
manali,1,9,2,7639
manali,1,9,2,7451
manali,1,9,2,7195
manali,1,9,2,6062
manali,1,10,2,6905
manali,1,10,2,7367
manali,1,10,2,7372
manali,1,10,2,6733
manali,1,10,2,7927
manali,1,10,2,6301
manali,1,10,2,7000
manali,1,10,2,7400
manali,1,10,2,7413
manali,1,10,2,7312
manali,1,10,2,6528
manali,1,10,2,6278
manali,1,10,2,7285
manali,1,10,2,7208
manali,1,10,2,6326
manali,1,10,2,7430
manali,1,10,2,6905
manali,1,10,2,7352
manali,1,10,2,7708
manali,1,10,2,6306
manali,1,10,2,5990
manali,1,10,2,7586
manali,1,10,2,7230
manali,1,10,2,7419
manali,1,10,2,7710
manali,1,10,2,7635
manali,1,10,2,7967
manali,1,10,2,7075
manali,1,10,2,6975
manali,1,10,2,6793
manali,1,10,2,6272
manali,1,10,2,7152
manali,1,10,2,6531
manali,1,10,2,7884
manali,1,10,2,7174
manali,1,10,2,7194
manali,1,10,2,6695
manali,1,10,2,6059
manali,1,10,2,6016
manali,1,10,2,6839
manali,1,10,2,6127
manali,1,10,2,7224
manali,1,10,2,7800
manali,1,10,2,7804
manali,1,10,2,7333
manali,1,10,2,6393
manali,1,10,2,7762
manali,1,10,2,7810
manali,1,10,2,6362
manali,1,10,2,7498
manali,1,11,2,6551
manali,1,11,2,7635
manali,1,11,2,8044
manali,1,11,2,6013
manali,1,11,2,7834
manali,1,11,2,7257
manali,1,11,2,7994
manali,1,11,2,6926
manali,1,11,2,7729
manali,1,11,2,6081
manali,1,11,2,6654
manali,1,11,2,6090
manali,1,11,2,7998
manali,1,11,2,7665
manali,1,11,2,7740
manali,1,11,2,7919
manali,1,11,2,6128
manali,1,11,2,6759
manali,1,11,2,6099
manali,1,11,2,6392
manali,1,11,2,6431
manali,1,11,2,6935
manali,1,11,2,6513
manali,1,11,2,6162
manali,1,11,2,6301
manali,1,11,2,6259
manali,1,11,2,7993
manali,1,11,2,7544
manali,1,11,2,7982
manali,1,11,2,6873
manali,1,11,2,6534
manali,1,11,2,7626
manali,1,11,2,6635
manali,1,11,2,6578
manali,1,11,2,6438
manali,1,11,2,6222
manali,1,11,2,6488
manali,1,11,2,6696
manali,1,11,2,7365
manali,1,11,2,6081
manali,1,11,2,6392
manali,1,11,2,7648
manali,1,11,2,6258
manali,1,11,2,6669
manali,1,11,2,7765
manali,1,11,2,6275
manali,1,11,2,6123
manali,1,11,2,6967
manali,1,11,2,6585
manali,1,11,2,7133
manali,1,12,2,10693
manali,1,12,2,8733
manali,1,12,2,10037
manali,1,12,2,9816
manali,1,12,2,8753
manali,1,12,2,10164
manali,1,12,2,9134
manali,1,12,2,9764
manali,1,12,2,8571
manali,1,12,2,9681
manali,1,12,2,9231
manali,1,12,2,10747
manali,1,12,2,8497
manali,1,12,2,9560
manali,1,12,2,9677
manali,1,12,2,10461
manali,1,12,2,10018
manali,1,12,2,10291
manali,1,12,2,10614
manali,1,12,2,10864
manali,1,12,2,9252
manali,1,12,2,9911
manali,1,12,2,10799
manali,1,12,2,11238
manali,1,12,2,10945
manali,1,12,2,9422
manali,1,12,2,8903
manali,1,12,2,9768
manali,1,12,2,10510
manali,1,12,2,9778
manali,1,12,2,9750
manali,1,12,2,10794
manali,1,12,2,9392
manali,1,12,2,10857
manali,1,12,2,9526
manali,1,12,2,9295
manali,1,12,2,9664
manali,1,12,2,10571
manali,1,12,2,8700
manali,1,12,2,8907
manali,1,12,2,11127
manali,1,12,2,8845
manali,1,12,2,9999
manali,1,12,2,10033
manali,1,12,2,9769
manali,1,12,2,10225
manali,1,12,2,9005
manali,1,12,2,9954
manali,1,12,2,9424
manali,1,12,2,10275
dharamshala,2,1,0,1511
dharamshala,2,1,0,1730
dharamshala,2,1,0,1534
dharamshala,2,1,0,1581
dharamshala,2,1,0,1551
dharamshala,2,1,0,1532
dharamshala,2,1,0,1859
dharamshala,2,1,0,1585
dharamshala,2,1,0,1911
dharamshala,2,1,0,1932
dharamshala,2,1,0,1730
dharamshala,2,1,0,1512
dharamshala,2,1,0,1630
dharamshala,2,1,0,1845
dharamshala,2,1,0,1626
dharamshala,2,1,0,1484
dharamshala,2,1,0,1722
dharamshala,2,1,0,1869
dharamshala,2,1,0,1844
dharamshala,2,1,0,1528
dharamshala,2,1,0,1781
dharamshala,2,1,0,1551
dharamshala,2,1,0,1550
dharamshala,2,1,0,1884
dharamshala,2,1,0,1566
dharamshala,2,1,0,1573
dharamshala,2,1,0,1440
dharamshala,2,1,0,1882
dharamshala,2,1,0,1842
dharamshala,2,1,0,1758
dharamshala,2,1,0,1821
dharamshala,2,1,0,1517
dharamshala,2,1,0,1672
dharamshala,2,1,0,1618
dharamshala,2,1,0,1487
dharamshala,2,1,0,1686
dharamshala,2,1,0,1907
dharamshala,2,1,0,1460
dharamshala,2,1,0,1588
dharamshala,2,1,0,1545
dharamshala,2,1,0,1560
dharamshala,2,1,0,1901
dharamshala,2,1,0,1677
dharamshala,2,1,0,1676
dharamshala,2,1,0,1826
dharamshala,2,1,0,1518
dharamshala,2,1,0,1687
dharamshala,2,1,0,1658
dharamshala,2,1,0,1743
dharamshala,2,1,0,1947
dharamshala,2,2,0,1307
dharamshala,2,2,0,1172
dharamshala,2,2,0,1328
dharamshala,2,2,0,1090
dharamshala,2,2,0,1039
dharamshala,2,2,0,1102
dharamshala,2,2,0,1152
dharamshala,2,2,0,1213
dharamshala,2,2,0,1251
dharamshala,2,2,0,1359
dharamshala,2,2,0,1213
dharamshala,2,2,0,1210
dharamshala,2,2,0,1046
dharamshala,2,2,0,1041
dharamshala,2,2,0,1228
dharamshala,2,2,0,1187
dharamshala,2,2,0,1333
dharamshala,2,2,0,1086
dharamshala,2,2,0,1037
dharamshala,2,2,0,1191
dharamshala,2,2,0,1114
dharamshala,2,2,0,1046
dharamshala,2,2,0,1291
dharamshala,2,2,0,1069
dharamshala,2,2,0,1249
dharamshala,2,2,0,1130
dharamshala,2,2,0,1091
dharamshala,2,2,0,1166
dharamshala,2,2,0,1319
dharamshala,2,2,0,1170
dharamshala,2,2,0,1301
dharamshala,2,2,0,1074
dharamshala,2,2,0,1309
dharamshala,2,2,0,1114
dharamshala,2,2,0,1274
dharamshala,2,2,0,1233
dharamshala,2,2,0,1365
dharamshala,2,2,0,1169
dharamshala,2,2,0,1052
dharamshala,2,2,0,1035
dharamshala,2,2,0,1328
dharamshala,2,2,0,1218
dharamshala,2,2,0,1309
dharamshala,2,2,0,1113
dharamshala,2,2,0,1153
dharamshala,2,2,0,1039
dharamshala,2,2,0,1377
dharamshala,2,2,0,1270
dharamshala,2,2,0,1367
dharamshala,2,2,0,1124
dharamshala,2,3,0,1250
dharamshala,2,3,0,1274
dharamshala,2,3,0,1143
dharamshala,2,3,0,1336
dharamshala,2,3,0,1372
dharamshala,2,3,0,1349
dharamshala,2,3,0,1296
dharamshala,2,3,0,1129
dharamshala,2,3,0,1130
dharamshala,2,3,0,1378
dharamshala,2,3,0,1032
dharamshala,2,3,0,1288
dharamshala,2,3,0,1284
dharamshala,2,3,0,1254
dharamshala,2,3,0,1387
dharamshala,2,3,0,1141
dharamshala,2,3,0,1151
dharamshala,2,3,0,1057
dharamshala,2,3,0,1189
dharamshala,2,3,0,1123
dharamshala,2,3,0,1153
dharamshala,2,3,0,1331
dharamshala,2,3,0,1368
dharamshala,2,3,0,1095
dharamshala,2,3,0,1163
dharamshala,2,3,0,1365
dharamshala,2,3,0,1050
dharamshala,2,3,0,1062
dharamshala,2,3,0,1087
dharamshala,2,3,0,1244
dharamshala,2,3,0,1083
dharamshala,2,3,0,1379
dharamshala,2,3,0,1190
dharamshala,2,3,0,1210
dharamshala,2,3,0,1118
dharamshala,2,3,0,1199
dharamshala,2,3,0,1268
dharamshala,2,3,0,1301
dharamshala,2,3,0,1302
dharamshala,2,3,0,1238
dharamshala,2,3,0,1356
dharamshala,2,3,0,1325
dharamshala,2,3,0,1303
dharamshala,2,3,0,1048
dharamshala,2,3,0,1030
dharamshala,2,3,0,1105
dharamshala,2,3,0,1269
dharamshala,2,3,0,1177
dharamshala,2,3,0,1174
dharamshala,2,3,0,1349
dharamshala,2,4,0,1353
dharamshala,2,4,0,1358
dharamshala,2,4,0,1142
dharamshala,2,4,0,1279
dharamshala,2,4,0,1127
dharamshala,2,4,0,1097
dharamshala,2,4,0,1095
dharamshala,2,4,0,1152
dharamshala,2,4,0,1184
dharamshala,2,4,0,1330
dharamshala,2,4,0,1072
dharamshala,2,4,0,1295
dharamshala,2,4,0,1221
dharamshala,2,4,0,1133
dharamshala,2,4,0,1207
dharamshala,2,4,0,1137
dharamshala,2,4,0,1244
dharamshala,2,4,0,1185
dharamshala,2,4,0,1088
dharamshala,2,4,0,1070
dharamshala,2,4,0,1226
dharamshala,2,4,0,1356
dharamshala,2,4,0,1153
dharamshala,2,4,0,1294
dharamshala,2,4,0,1267
dharamshala,2,4,0,1366
dharamshala,2,4,0,1326
dharamshala,2,4,0,1234
dharamshala,2,4,0,1267
dharamshala,2,4,0,1354
dharamshala,2,4,0,1173
dharamshala,2,4,0,1147
dharamshala,2,4,0,1032
dharamshala,2,4,0,1328
dharamshala,2,4,0,1319
dharamshala,2,4,0,1066
dharamshala,2,4,0,1237
dharamshala,2,4,0,1196
dharamshala,2,4,0,1071
dharamshala,2,4,0,1384
dharamshala,2,4,0,1106
dharamshala,2,4,0,1052
dharamshala,2,4,0,1244
dharamshala,2,4,0,1296
dharamshala,2,4,0,1040
dharamshala,2,4,0,1267
dharamshala,2,4,0,1221
dharamshala,2,4,0,1065
dharamshala,2,4,0,1091
dharamshala,2,4,0,1234
dharamshala,2,5,0,1817
dharamshala,2,5,0,2190
dharamshala,2,5,0,2121
dharamshala,2,5,0,2216
dharamshala,2,5,0,1796
dharamshala,2,5,0,2208
dharamshala,2,5,0,1896
dharamshala,2,5,0,1847
dharamshala,2,5,0,1674
dharamshala,2,5,0,1676
dharamshala,2,5,0,2047
dharamshala,2,5,0,1911
dharamshala,2,5,0,1777
dharamshala,2,5,0,2002
dharamshala,2,5,0,1792
dharamshala,2,5,0,1981
dharamshala,2,5,0,1854
dharamshala,2,5,0,2123
dharamshala,2,5,0,2122
dharamshala,2,5,0,1922
dharamshala,2,5,0,1849
dharamshala,2,5,0,1856
dharamshala,2,5,0,2113
dharamshala,2,5,0,1836
dharamshala,2,5,0,1767
dharamshala,2,5,0,1694
dharamshala,2,5,0,1916
dharamshala,2,5,0,1925
dharamshala,2,5,0,2133
dharamshala,2,5,0,1774
dharamshala,2,5,0,1866
dharamshala,2,5,0,2115
dharamshala,2,5,0,2123
dharamshala,2,5,0,1868
dharamshala,2,5,0,1912
dharamshala,2,5,0,1821
dharamshala,2,5,0,2187
dharamshala,2,5,0,1714
dharamshala,2,5,0,2187
dharamshala,2,5,0,2042
dharamshala,2,5,0,1954
dharamshala,2,5,0,1664
dharamshala,2,5,0,1921
dharamshala,2,5,0,1882
dharamshala,2,5,0,1739
dharamshala,2,5,0,2026
dharamshala,2,5,0,2209
dharamshala,2,5,0,1972
dharamshala,2,5,0,2060
dharamshala,2,5,0,1685
dharamshala,2,6,0,1888
dharamshala,2,6,0,1713
dharamshala,2,6,0,2001
dharamshala,2,6,0,2190
dharamshala,2,6,0,2029
dharamshala,2,6,0,1690
dharamshala,2,6,0,1851
dharamshala,2,6,0,1965
dharamshala,2,6,0,1879
dharamshala,2,6,0,2129
dharamshala,2,6,0,2118
dharamshala,2,6,0,2000
dharamshala,2,6,0,1862
dharamshala,2,6,0,1793
dharamshala,2,6,0,1707
dharamshala,2,6,0,1851
dharamshala,2,6,0,1885
dharamshala,2,6,0,2038
dharamshala,2,6,0,2027
dharamshala,2,6,0,1686
dharamshala,2,6,0,1875
dharamshala,2,6,0,1751
dharamshala,2,6,0,1736
dharamshala,2,6,0,2126
dharamshala,2,6,0,1669
dharamshala,2,6,0,1889
dharamshala,2,6,0,1743
dharamshala,2,6,0,2156
dharamshala,2,6,0,1969
dharamshala,2,6,0,1779
dharamshala,2,6,0,1937
dharamshala,2,6,0,2070
dharamshala,2,6,0,2202
dharamshala,2,6,0,1773
dharamshala,2,6,0,2160
dharamshala,2,6,0,2188
dharamshala,2,6,0,2177
dharamshala,2,6,0,2014
dharamshala,2,6,0,2011
dharamshala,2,6,0,1879
dharamshala,2,6,0,2082
dharamshala,2,6,0,1954
dharamshala,2,6,0,2039
dharamshala,2,6,0,1894
dharamshala,2,6,0,2070
dharamshala,2,6,0,2124
dharamshala,2,6,0,1730
dharamshala,2,6,0,2129
dharamshala,2,6,0,1959
dharamshala,2,6,0,2136
dharamshala,2,7,0,888
dharamshala,2,7,0,874
dharamshala,2,7,0,1020
dharamshala,2,7,0,839
dharamshala,2,7,0,1001
dharamshala,2,7,0,903
dharamshala,2,7,0,911
dharamshala,2,7,0,855
dharamshala,2,7,0,927
dharamshala,2,7,0,859
dharamshala,2,7,0,782
dharamshala,2,7,0,845
dharamshala,2,7,0,773
dharamshala,2,7,0,1037
dharamshala,2,7,0,1034
dharamshala,2,7,0,878
dharamshala,2,7,0,969
dharamshala,2,7,0,865
dharamshala,2,7,0,954
dharamshala,2,7,0,990
dharamshala,2,7,0,1029
dharamshala,2,7,0,880
dharamshala,2,7,0,984
dharamshala,2,7,0,843
dharamshala,2,7,0,1040
dharamshala,2,7,0,778
dharamshala,2,7,0,935
dharamshala,2,7,0,950
dharamshala,2,7,0,958
dharamshala,2,7,0,804
dharamshala,2,7,0,1026
dharamshala,2,7,0,820
dharamshala,2,7,0,940
dharamshala,2,7,0,831
dharamshala,2,7,0,855
dharamshala,2,7,0,920
dharamshala,2,7,0,884
dharamshala,2,7,0,814
dharamshala,2,7,0,817
dharamshala,2,7,0,885
dharamshala,2,7,0,977
dharamshala,2,7,0,1015
dharamshala,2,7,0,794
dharamshala,2,7,0,878
dharamshala,2,7,0,798
dharamshala,2,7,0,775
dharamshala,2,7,0,951
dharamshala,2,7,0,935
dharamshala,2,7,0,815
dharamshala,2,7,0,835
dharamshala,2,8,0,777
dharamshala,2,8,0,998
dharamshala,2,8,0,1036
dharamshala,2,8,0,808
dharamshala,2,8,0,834
dharamshala,2,8,0,1007
dharamshala,2,8,0,1023
dharamshala,2,8,0,885
dharamshala,2,8,0,785
dharamshala,2,8,0,782
dharamshala,2,8,0,927
dharamshala,2,8,0,878
dharamshala,2,8,0,779
dharamshala,2,8,0,930
dharamshala,2,8,0,774
dharamshala,2,8,0,985
dharamshala,2,8,0,854
dharamshala,2,8,0,782
dharamshala,2,8,0,931
dharamshala,2,8,0,879
dharamshala,2,8,0,1036
dharamshala,2,8,0,919
dharamshala,2,8,0,846
dharamshala,2,8,0,964
dharamshala,2,8,0,845
dharamshala,2,8,0,1017
dharamshala,2,8,0,873
dharamshala,2,8,0,921
dharamshala,2,8,0,785
dharamshala,2,8,0,887
dharamshala,2,8,0,997
dharamshala,2,8,0,990
dharamshala,2,8,0,832
dharamshala,2,8,0,832
dharamshala,2,8,0,993
dharamshala,2,8,0,1024
dharamshala,2,8,0,797
dharamshala,2,8,0,893
dharamshala,2,8,0,863
dharamshala,2,8,0,1008
dharamshala,2,8,0,794
dharamshala,2,8,0,828
dharamshala,2,8,0,976
dharamshala,2,8,0,785
dharamshala,2,8,0,905
dharamshala,2,8,0,891
dharamshala,2,8,0,862
dharamshala,2,8,0,878
dharamshala,2,8,0,915
dharamshala,2,8,0,815
dharamshala,2,9,0,1236
dharamshala,2,9,0,1320
dharamshala,2,9,0,1304
dharamshala,2,9,0,1084
dharamshala,2,9,0,1082
dharamshala,2,9,0,1125
dharamshala,2,9,0,1159
dharamshala,2,9,0,1176
dharamshala,2,9,0,1275
dharamshala,2,9,0,1049
dharamshala,2,9,0,1041
dharamshala,2,9,0,1170
dharamshala,2,9,0,1281
dharamshala,2,9,0,1098
dharamshala,2,9,0,1261
dharamshala,2,9,0,1122
dharamshala,2,9,0,1350
dharamshala,2,9,0,1353
dharamshala,2,9,0,1136
dharamshala,2,9,0,1111
dharamshala,2,9,0,1177
dharamshala,2,9,0,1115
dharamshala,2,9,0,1272
dharamshala,2,9,0,1328
dharamshala,2,9,0,1272
dharamshala,2,9,0,1327
dharamshala,2,9,0,1172
dharamshala,2,9,0,1085
dharamshala,2,9,0,1296
dharamshala,2,9,0,1159
dharamshala,2,9,0,1272
dharamshala,2,9,0,1126
dharamshala,2,9,0,1057
dharamshala,2,9,0,1388
dharamshala,2,9,0,1085
dharamshala,2,9,0,1387
dharamshala,2,9,0,1383
dharamshala,2,9,0,1316
dharamshala,2,9,0,1267
dharamshala,2,9,0,1238
dharamshala,2,9,0,1342
dharamshala,2,9,0,1133
dharamshala,2,9,0,1198
dharamshala,2,9,0,1253
dharamshala,2,9,0,1177
dharamshala,2,9,0,1183
dharamshala,2,9,0,1148
dharamshala,2,9,0,1233
dharamshala,2,9,0,1337
dharamshala,2,9,0,1101
dharamshala,2,10,0,1367
dharamshala,2,10,0,1278
dharamshala,2,10,0,1327
dharamshala,2,10,0,1230
dharamshala,2,10,0,1311
dharamshala,2,10,0,1034
dharamshala,2,10,0,1325
dharamshala,2,10,0,1043
dharamshala,2,10,0,1351
dharamshala,2,10,0,1388
dharamshala,2,10,0,1135
dharamshala,2,10,0,1104
dharamshala,2,10,0,1306
dharamshala,2,10,0,1120
dharamshala,2,10,0,1342
dharamshala,2,10,0,1065
dharamshala,2,10,0,1074
dharamshala,2,10,0,1383
dharamshala,2,10,0,1273
dharamshala,2,10,0,1335
dharamshala,2,10,0,1146
dharamshala,2,10,0,1274
dharamshala,2,10,0,1244
dharamshala,2,10,0,1247
dharamshala,2,10,0,1276
dharamshala,2,10,0,1237
dharamshala,2,10,0,1184
dharamshala,2,10,0,1128
dharamshala,2,10,0,1307
dharamshala,2,10,0,1110
dharamshala,2,10,0,1279
dharamshala,2,10,0,1113
dharamshala,2,10,0,1255
dharamshala,2,10,0,1299
dharamshala,2,10,0,1107
dharamshala,2,10,0,1050
dharamshala,2,10,0,1076
dharamshala,2,10,0,1248
dharamshala,2,10,0,1336
dharamshala,2,10,0,1044
dharamshala,2,10,0,1294
dharamshala,2,10,0,1152
dharamshala,2,10,0,1202
dharamshala,2,10,0,1365
dharamshala,2,10,0,1149
dharamshala,2,10,0,1197
dharamshala,2,10,0,1033
dharamshala,2,10,0,1058
dharamshala,2,10,0,1122
dharamshala,2,10,0,1038
dharamshala,2,11,0,1257
dharamshala,2,11,0,1183
dharamshala,2,11,0,1227
dharamshala,2,11,0,1091
dharamshala,2,11,0,1135
dharamshala,2,11,0,1269
dharamshala,2,11,0,1378
dharamshala,2,11,0,1046
dharamshala,2,11,0,1351
dharamshala,2,11,0,1237
dharamshala,2,11,0,1233
dharamshala,2,11,0,1210
dharamshala,2,11,0,1053
dharamshala,2,11,0,1061
dharamshala,2,11,0,1246
dharamshala,2,11,0,1152
dharamshala,2,11,0,1361
dharamshala,2,11,0,1176
dharamshala,2,11,0,1080
dharamshala,2,11,0,1287
dharamshala,2,11,0,1134
dharamshala,2,11,0,1219
dharamshala,2,11,0,1281
dharamshala,2,11,0,1355
dharamshala,2,11,0,1316
dharamshala,2,11,0,1274
dharamshala,2,11,0,1275
dharamshala,2,11,0,1371
dharamshala,2,11,0,1135
dharamshala,2,11,0,1028
dharamshala,2,11,0,1127
dharamshala,2,11,0,1107
dharamshala,2,11,0,1268
dharamshala,2,11,0,1258
dharamshala,2,11,0,1243
dharamshala,2,11,0,1034
dharamshala,2,11,0,1293
dharamshala,2,11,0,1145
dharamshala,2,11,0,1269
dharamshala,2,11,0,1230
dharamshala,2,11,0,1152
dharamshala,2,11,0,1077
dharamshala,2,11,0,1062
dharamshala,2,11,0,1330
dharamshala,2,11,0,1361
dharamshala,2,11,0,1264
dharamshala,2,11,0,1066
dharamshala,2,11,0,1174
dharamshala,2,11,0,1293
dharamshala,2,11,0,1311
dharamshala,2,12,0,1499
dharamshala,2,12,0,1439
dharamshala,2,12,0,1801
dharamshala,2,12,0,1621
dharamshala,2,12,0,1569
dharamshala,2,12,0,1446
dharamshala,2,12,0,1714
dharamshala,2,12,0,1872
dharamshala,2,12,0,1926
dharamshala,2,12,0,1727
dharamshala,2,12,0,1701
dharamshala,2,12,0,1483
dharamshala,2,12,0,1718
dharamshala,2,12,0,1633
dharamshala,2,12,0,1748
dharamshala,2,12,0,1637
dharamshala,2,12,0,1562
dharamshala,2,12,0,1488
dharamshala,2,12,0,1599
dharamshala,2,12,0,1489
dharamshala,2,12,0,1529
dharamshala,2,12,0,1941
dharamshala,2,12,0,1665
dharamshala,2,12,0,1710
dharamshala,2,12,0,1883
dharamshala,2,12,0,1945
dharamshala,2,12,0,1736
dharamshala,2,12,0,1852
dharamshala,2,12,0,1606
dharamshala,2,12,0,1595
dharamshala,2,12,0,1644
dharamshala,2,12,0,1781
dharamshala,2,12,0,1786
dharamshala,2,12,0,1600
dharamshala,2,12,0,1507
dharamshala,2,12,0,1761
dharamshala,2,12,0,1505
dharamshala,2,12,0,1733
dharamshala,2,12,0,1792
dharamshala,2,12,0,1795
dharamshala,2,12,0,1822
dharamshala,2,12,0,1883
dharamshala,2,12,0,1693
dharamshala,2,12,0,1811
dharamshala,2,12,0,1754
dharamshala,2,12,0,1534
dharamshala,2,12,0,1452
dharamshala,2,12,0,1584
dharamshala,2,12,0,1665
dharamshala,2,12,0,1753
dharamshala,2,1,1,3403
dharamshala,2,1,1,2799
dharamshala,2,1,1,2734
dharamshala,2,1,1,3508
dharamshala,2,1,1,2717
dharamshala,2,1,1,3060
dharamshala,2,1,1,3159
dharamshala,2,1,1,3118
dharamshala,2,1,1,2697
dharamshala,2,1,1,2670
dharamshala,2,1,1,2715
dharamshala,2,1,1,3159
dharamshala,2,1,1,3120
dharamshala,2,1,1,2833
dharamshala,2,1,1,3207
dharamshala,2,1,1,3375
dharamshala,2,1,1,2656
dharamshala,2,1,1,3078
dharamshala,2,1,1,3254
dharamshala,2,1,1,2851
dharamshala,2,1,1,2902
dharamshala,2,1,1,3185
dharamshala,2,1,1,3447
dharamshala,2,1,1,3366
dharamshala,2,1,1,3156
dharamshala,2,1,1,3292
dharamshala,2,1,1,2955
dharamshala,2,1,1,3210
dharamshala,2,1,1,3048
dharamshala,2,1,1,2793
dharamshala,2,1,1,3266
dharamshala,2,1,1,3132
dharamshala,2,1,1,2949
dharamshala,2,1,1,3460
dharamshala,2,1,1,2637
dharamshala,2,1,1,2909
dharamshala,2,1,1,2670
dharamshala,2,1,1,3326
dharamshala,2,1,1,3266
dharamshala,2,1,1,2924
dharamshala,2,1,1,3242
dharamshala,2,1,1,2983
dharamshala,2,1,1,3316
dharamshala,2,1,1,3037
dharamshala,2,1,1,2998
dharamshala,2,1,1,3481
dharamshala,2,1,1,2849
dharamshala,2,1,1,2729
dharamshala,2,1,1,3158
dharamshala,2,1,1,3513
dharamshala,2,2,1,2119
dharamshala,2,2,1,1910
dharamshala,2,2,1,2093
dharamshala,2,2,1,2203
dharamshala,2,2,1,1976
dharamshala,2,2,1,2304
dharamshala,2,2,1,2528
dharamshala,2,2,1,2168
dharamshala,2,2,1,2104
dharamshala,2,2,1,2134
dharamshala,2,2,1,1945
dharamshala,2,2,1,2452
dharamshala,2,2,1,2143
dharamshala,2,2,1,2125
dharamshala,2,2,1,2305
dharamshala,2,2,1,2161
dharamshala,2,2,1,2297
dharamshala,2,2,1,1910
dharamshala,2,2,1,2407
dharamshala,2,2,1,2490
dharamshala,2,2,1,2298
dharamshala,2,2,1,2500
dharamshala,2,2,1,1969
dharamshala,2,2,1,2185
dharamshala,2,2,1,2267
dharamshala,2,2,1,2253
dharamshala,2,2,1,2134
dharamshala,2,2,1,2093
dharamshala,2,2,1,1953
dharamshala,2,2,1,2128
dharamshala,2,2,1,1977
dharamshala,2,2,1,2354
dharamshala,2,2,1,2007
dharamshala,2,2,1,1908
dharamshala,2,2,1,2234
dharamshala,2,2,1,2262
dharamshala,2,2,1,2445
dharamshala,2,2,1,2250
dharamshala,2,2,1,2098
dharamshala,2,2,1,2399
dharamshala,2,2,1,2226
dharamshala,2,2,1,1922
dharamshala,2,2,1,2243
dharamshala,2,2,1,2469
dharamshala,2,2,1,2131
dharamshala,2,2,1,2065
dharamshala,2,2,1,1964
dharamshala,2,2,1,1969
dharamshala,2,2,1,2155
dharamshala,2,2,1,2263
dharamshala,2,3,1,1923
dharamshala,2,3,1,2490
dharamshala,2,3,1,2368
dharamshala,2,3,1,2257
dharamshala,2,3,1,2416
dharamshala,2,3,1,1922
dharamshala,2,3,1,2184
dharamshala,2,3,1,2285
dharamshala,2,3,1,2416
dharamshala,2,3,1,2387
dharamshala,2,3,1,2052
dharamshala,2,3,1,2490
dharamshala,2,3,1,1952
dharamshala,2,3,1,2447
dharamshala,2,3,1,2510
dharamshala,2,3,1,1986
dharamshala,2,3,1,2346
dharamshala,2,3,1,1896
dharamshala,2,3,1,2137
dharamshala,2,3,1,2210
dharamshala,2,3,1,2253
dharamshala,2,3,1,2487
dharamshala,2,3,1,2313
dharamshala,2,3,1,2187
dharamshala,2,3,1,2404
dharamshala,2,3,1,2497
dharamshala,2,3,1,1884
dharamshala,2,3,1,2518
dharamshala,2,3,1,1926
dharamshala,2,3,1,2407
dharamshala,2,3,1,2055
dharamshala,2,3,1,1957
dharamshala,2,3,1,2160
dharamshala,2,3,1,2295
dharamshala,2,3,1,2121
dharamshala,2,3,1,1906
dharamshala,2,3,1,2265
dharamshala,2,3,1,2465
dharamshala,2,3,1,2122
dharamshala,2,3,1,2012
dharamshala,2,3,1,2162
dharamshala,2,3,1,1901
dharamshala,2,3,1,2411
dharamshala,2,3,1,2415
dharamshala,2,3,1,2258
dharamshala,2,3,1,2103
dharamshala,2,3,1,2397
dharamshala,2,3,1,2236
dharamshala,2,3,1,2415
dharamshala,2,3,1,2286
dharamshala,2,4,1,2387
dharamshala,2,4,1,2265
dharamshala,2,4,1,2143
dharamshala,2,4,1,2502
dharamshala,2,4,1,2227
dharamshala,2,4,1,2269
dharamshala,2,4,1,2015
dharamshala,2,4,1,2282
dharamshala,2,4,1,2247
dharamshala,2,4,1,1991
dharamshala,2,4,1,1909
dharamshala,2,4,1,2268
dharamshala,2,4,1,2374
dharamshala,2,4,1,2215
dharamshala,2,4,1,2019
dharamshala,2,4,1,2309
dharamshala,2,4,1,1922
dharamshala,2,4,1,2161
dharamshala,2,4,1,1977
dharamshala,2,4,1,1991
dharamshala,2,4,1,2003
dharamshala,2,4,1,2125
dharamshala,2,4,1,1903
dharamshala,2,4,1,2132
dharamshala,2,4,1,2207
dharamshala,2,4,1,2188
dharamshala,2,4,1,2122
dharamshala,2,4,1,2423
dharamshala,2,4,1,1965
dharamshala,2,4,1,2203
dharamshala,2,4,1,1910
dharamshala,2,4,1,1916
dharamshala,2,4,1,2248
dharamshala,2,4,1,2243
dharamshala,2,4,1,2449
dharamshala,2,4,1,2238
dharamshala,2,4,1,2503
dharamshala,2,4,1,1902
dharamshala,2,4,1,1934
dharamshala,2,4,1,1899
dharamshala,2,4,1,1992
dharamshala,2,4,1,2227
dharamshala,2,4,1,2296
dharamshala,2,4,1,1900
dharamshala,2,4,1,2494
dharamshala,2,4,1,2425
dharamshala,2,4,1,2065
dharamshala,2,4,1,1920
dharamshala,2,4,1,1982
dharamshala,2,4,1,1953
dharamshala,2,5,1,3122
dharamshala,2,5,1,3539
dharamshala,2,5,1,3251
dharamshala,2,5,1,3370
dharamshala,2,5,1,4036
dharamshala,2,5,1,3714
dharamshala,2,5,1,3994
dharamshala,2,5,1,3142
dharamshala,2,5,1,3395
dharamshala,2,5,1,3577
dharamshala,2,5,1,3073
dharamshala,2,5,1,2996
dharamshala,2,5,1,3699
dharamshala,2,5,1,3669
dharamshala,2,5,1,3425
dharamshala,2,5,1,3509
dharamshala,2,5,1,3430
dharamshala,2,5,1,3017
dharamshala,2,5,1,3346
dharamshala,2,5,1,3178
dharamshala,2,5,1,3095
dharamshala,2,5,1,4002
dharamshala,2,5,1,3624
dharamshala,2,5,1,3761
dharamshala,2,5,1,3325
dharamshala,2,5,1,3407
dharamshala,2,5,1,3242
dharamshala,2,5,1,3094
dharamshala,2,5,1,3181
dharamshala,2,5,1,3834
dharamshala,2,5,1,3707
dharamshala,2,5,1,3569
dharamshala,2,5,1,3493
dharamshala,2,5,1,3966
dharamshala,2,5,1,3068
dharamshala,2,5,1,3288
dharamshala,2,5,1,3361
dharamshala,2,5,1,3818
dharamshala,2,5,1,4040
dharamshala,2,5,1,3246
dharamshala,2,5,1,3915
dharamshala,2,5,1,3869
dharamshala,2,5,1,3229
dharamshala,2,5,1,3413
dharamshala,2,5,1,3424
dharamshala,2,5,1,4025
dharamshala,2,5,1,3183
dharamshala,2,5,1,3835
dharamshala,2,5,1,3344
dharamshala,2,5,1,3763
dharamshala,2,6,1,3435
dharamshala,2,6,1,3602
dharamshala,2,6,1,3871
dharamshala,2,6,1,3841
dharamshala,2,6,1,3906
dharamshala,2,6,1,3054
dharamshala,2,6,1,3722
dharamshala,2,6,1,3139
dharamshala,2,6,1,3431
dharamshala,2,6,1,3571
dharamshala,2,6,1,3417
dharamshala,2,6,1,3540
dharamshala,2,6,1,4044
dharamshala,2,6,1,3134
dharamshala,2,6,1,3705
dharamshala,2,6,1,3410
dharamshala,2,6,1,3132
dharamshala,2,6,1,3159
dharamshala,2,6,1,3994
dharamshala,2,6,1,3920
dharamshala,2,6,1,3949
dharamshala,2,6,1,4039
dharamshala,2,6,1,3211
dharamshala,2,6,1,3367
dharamshala,2,6,1,3698
dharamshala,2,6,1,3502
dharamshala,2,6,1,3433
dharamshala,2,6,1,3369
dharamshala,2,6,1,3619
dharamshala,2,6,1,3599
dharamshala,2,6,1,3162
dharamshala,2,6,1,3490
dharamshala,2,6,1,3576
dharamshala,2,6,1,3594
dharamshala,2,6,1,3213
dharamshala,2,6,1,3775
dharamshala,2,6,1,3018
dharamshala,2,6,1,3366
dharamshala,2,6,1,3815
dharamshala,2,6,1,3587
dharamshala,2,6,1,3267
dharamshala,2,6,1,3725
dharamshala,2,6,1,3591
dharamshala,2,6,1,3832
dharamshala,2,6,1,3768
dharamshala,2,6,1,3636
dharamshala,2,6,1,3507
dharamshala,2,6,1,3132
dharamshala,2,6,1,3267
dharamshala,2,6,1,3434
dharamshala,2,7,1,1699
dharamshala,2,7,1,1656
dharamshala,2,7,1,1545
dharamshala,2,7,1,1405
dharamshala,2,7,1,1648
dharamshala,2,7,1,1543
dharamshala,2,7,1,1766
dharamshala,2,7,1,1414
dharamshala,2,7,1,1691
dharamshala,2,7,1,1868
dharamshala,2,7,1,1488
dharamshala,2,7,1,1635
dharamshala,2,7,1,1447
dharamshala,2,7,1,1712
dharamshala,2,7,1,1675
dharamshala,2,7,1,1604
dharamshala,2,7,1,1660
dharamshala,2,7,1,1846
dharamshala,2,7,1,1499
dharamshala,2,7,1,1413
dharamshala,2,7,1,1829
dharamshala,2,7,1,1688
dharamshala,2,7,1,1843
dharamshala,2,7,1,1697
dharamshala,2,7,1,1803
dharamshala,2,7,1,1615
dharamshala,2,7,1,1773
dharamshala,2,7,1,1854
dharamshala,2,7,1,1685
dharamshala,2,7,1,1491
dharamshala,2,7,1,1535
dharamshala,2,7,1,1500
dharamshala,2,7,1,1524
dharamshala,2,7,1,1554
dharamshala,2,7,1,1677
dharamshala,2,7,1,1693
dharamshala,2,7,1,1613
dharamshala,2,7,1,1707
dharamshala,2,7,1,1442
dharamshala,2,7,1,1445
dharamshala,2,7,1,1487
dharamshala,2,7,1,1658
dharamshala,2,7,1,1508
dharamshala,2,7,1,1542
dharamshala,2,7,1,1600
dharamshala,2,7,1,1804
dharamshala,2,7,1,1409
dharamshala,2,7,1,1723
dharamshala,2,7,1,1733
dharamshala,2,7,1,1797
dharamshala,2,8,1,1864
dharamshala,2,8,1,1412
dharamshala,2,8,1,1478
dharamshala,2,8,1,1841
dharamshala,2,8,1,1629
dharamshala,2,8,1,1681
dharamshala,2,8,1,1730
dharamshala,2,8,1,1738
dharamshala,2,8,1,1863
dharamshala,2,8,1,1895
dharamshala,2,8,1,1758
dharamshala,2,8,1,1544
dharamshala,2,8,1,1837
dharamshala,2,8,1,1426
dharamshala,2,8,1,1516
dharamshala,2,8,1,1846
dharamshala,2,8,1,1529
dharamshala,2,8,1,1511
dharamshala,2,8,1,1470
dharamshala,2,8,1,1827
dharamshala,2,8,1,1650
dharamshala,2,8,1,1736
dharamshala,2,8,1,1520
dharamshala,2,8,1,1777
dharamshala,2,8,1,1778
dharamshala,2,8,1,1557
dharamshala,2,8,1,1605
dharamshala,2,8,1,1506
dharamshala,2,8,1,1885
dharamshala,2,8,1,1722
dharamshala,2,8,1,1865
dharamshala,2,8,1,1552
dharamshala,2,8,1,1789
dharamshala,2,8,1,1781
dharamshala,2,8,1,1744
dharamshala,2,8,1,1880
dharamshala,2,8,1,1597
dharamshala,2,8,1,1467
dharamshala,2,8,1,1734
dharamshala,2,8,1,1763
dharamshala,2,8,1,1687
dharamshala,2,8,1,1504
dharamshala,2,8,1,1652
dharamshala,2,8,1,1557
dharamshala,2,8,1,1614
dharamshala,2,8,1,1721
dharamshala,2,8,1,1771
dharamshala,2,8,1,1517
dharamshala,2,8,1,1603
dharamshala,2,8,1,1535
dharamshala,2,9,1,2001
dharamshala,2,9,1,2387
dharamshala,2,9,1,2470
dharamshala,2,9,1,2114
dharamshala,2,9,1,2365
dharamshala,2,9,1,2462
dharamshala,2,9,1,2428
dharamshala,2,9,1,1990
dharamshala,2,9,1,2501
dharamshala,2,9,1,2118
dharamshala,2,9,1,2093
dharamshala,2,9,1,1911
dharamshala,2,9,1,2190
dharamshala,2,9,1,1941
dharamshala,2,9,1,2034
dharamshala,2,9,1,2079
dharamshala,2,9,1,2403
dharamshala,2,9,1,2447
dharamshala,2,9,1,2069
dharamshala,2,9,1,2436
dharamshala,2,9,1,2435
dharamshala,2,9,1,2374
dharamshala,2,9,1,1966
dharamshala,2,9,1,2325
dharamshala,2,9,1,2493
dharamshala,2,9,1,2320
dharamshala,2,9,1,2088
dharamshala,2,9,1,2200
dharamshala,2,9,1,2296
dharamshala,2,9,1,2206
dharamshala,2,9,1,1949
dharamshala,2,9,1,2075
dharamshala,2,9,1,2399
dharamshala,2,9,1,2438
dharamshala,2,9,1,1960
dharamshala,2,9,1,2498
dharamshala,2,9,1,2087
dharamshala,2,9,1,2307
dharamshala,2,9,1,2366
dharamshala,2,9,1,2405
dharamshala,2,9,1,2494
dharamshala,2,9,1,2076
dharamshala,2,9,1,2436
dharamshala,2,9,1,1956
dharamshala,2,9,1,2335
dharamshala,2,9,1,2359
dharamshala,2,9,1,2317
dharamshala,2,9,1,2036
dharamshala,2,9,1,2446
dharamshala,2,9,1,1981
dharamshala,2,10,1,1905
dharamshala,2,10,1,2343
dharamshala,2,10,1,2183
dharamshala,2,10,1,2430
dharamshala,2,10,1,2123
dharamshala,2,10,1,1981
dharamshala,2,10,1,2422
dharamshala,2,10,1,2232
dharamshala,2,10,1,1994
dharamshala,2,10,1,2345
dharamshala,2,10,1,2207
dharamshala,2,10,1,2268
dharamshala,2,10,1,2174
dharamshala,2,10,1,2416
dharamshala,2,10,1,2417
dharamshala,2,10,1,2338
dharamshala,2,10,1,1939
dharamshala,2,10,1,2423
dharamshala,2,10,1,2312
dharamshala,2,10,1,2330
dharamshala,2,10,1,2109
dharamshala,2,10,1,2450
dharamshala,2,10,1,2348
dharamshala,2,10,1,1944
dharamshala,2,10,1,2139
dharamshala,2,10,1,2455
dharamshala,2,10,1,1901
dharamshala,2,10,1,2504
dharamshala,2,10,1,2318
dharamshala,2,10,1,2286
dharamshala,2,10,1,2048
dharamshala,2,10,1,2034
dharamshala,2,10,1,2491
dharamshala,2,10,1,2066
dharamshala,2,10,1,2381
dharamshala,2,10,1,2129
dharamshala,2,10,1,1961
dharamshala,2,10,1,1877
dharamshala,2,10,1,2229
dharamshala,2,10,1,2514
dharamshala,2,10,1,2113
dharamshala,2,10,1,2105
dharamshala,2,10,1,2097
dharamshala,2,10,1,2213
dharamshala,2,10,1,2160
dharamshala,2,10,1,2450
dharamshala,2,10,1,2203
dharamshala,2,10,1,2205
dharamshala,2,10,1,1961
dharamshala,2,10,1,2518
dharamshala,2,11,1,2034
dharamshala,2,11,1,1918
dharamshala,2,11,1,2307
dharamshala,2,11,1,2262
dharamshala,2,11,1,2143
dharamshala,2,11,1,2148
dharamshala,2,11,1,2388
dharamshala,2,11,1,1999
dharamshala,2,11,1,2411
dharamshala,2,11,1,2298
dharamshala,2,11,1,2146
dharamshala,2,11,1,2172
dharamshala,2,11,1,2039
dharamshala,2,11,1,2366
dharamshala,2,11,1,2208
dharamshala,2,11,1,2081
dharamshala,2,11,1,2263
dharamshala,2,11,1,2527
dharamshala,2,11,1,2157
dharamshala,2,11,1,2477
dharamshala,2,11,1,2097
dharamshala,2,11,1,1906
dharamshala,2,11,1,2004
dharamshala,2,11,1,2146
dharamshala,2,11,1,2014
dharamshala,2,11,1,1870
dharamshala,2,11,1,2473
dharamshala,2,11,1,2426
dharamshala,2,11,1,2359
dharamshala,2,11,1,1980
dharamshala,2,11,1,1949
dharamshala,2,11,1,1914
dharamshala,2,11,1,2347
dharamshala,2,11,1,2483
dharamshala,2,11,1,2154
dharamshala,2,11,1,1948
dharamshala,2,11,1,2208
dharamshala,2,11,1,2100
dharamshala,2,11,1,2117
dharamshala,2,11,1,2280
dharamshala,2,11,1,2344
dharamshala,2,11,1,1942
dharamshala,2,11,1,1893
dharamshala,2,11,1,2526
dharamshala,2,11,1,2023
dharamshala,2,11,1,1905
dharamshala,2,11,1,1995
dharamshala,2,11,1,1895
dharamshala,2,11,1,2128
dharamshala,2,11,1,2399
dharamshala,2,12,1,2933
dharamshala,2,12,1,3028
dharamshala,2,12,1,3242
dharamshala,2,12,1,3088
dharamshala,2,12,1,3413
dharamshala,2,12,1,3418
dharamshala,2,12,1,2627
dharamshala,2,12,1,3336
dharamshala,2,12,1,3043
dharamshala,2,12,1,3531
dharamshala,2,12,1,3064
dharamshala,2,12,1,3529
dharamshala,2,12,1,3315
dharamshala,2,12,1,2847
dharamshala,2,12,1,3115
dharamshala,2,12,1,3534
dharamshala,2,12,1,3410
dharamshala,2,12,1,2707
dharamshala,2,12,1,3270
dharamshala,2,12,1,2937
dharamshala,2,12,1,2624
dharamshala,2,12,1,2990
dharamshala,2,12,1,2834
dharamshala,2,12,1,3374
dharamshala,2,12,1,2929
dharamshala,2,12,1,3382
dharamshala,2,12,1,2618
dharamshala,2,12,1,2902
dharamshala,2,12,1,2840
dharamshala,2,12,1,2833
dharamshala,2,12,1,2681
dharamshala,2,12,1,2790
dharamshala,2,12,1,3131
dharamshala,2,12,1,2887
dharamshala,2,12,1,3003
dharamshala,2,12,1,2966
dharamshala,2,12,1,3427
dharamshala,2,12,1,3454
dharamshala,2,12,1,3073
dharamshala,2,12,1,2923
dharamshala,2,12,1,2716
dharamshala,2,12,1,3498
dharamshala,2,12,1,2673
dharamshala,2,12,1,2893
dharamshala,2,12,1,2893
dharamshala,2,12,1,2914
dharamshala,2,12,1,2769
dharamshala,2,12,1,3341
dharamshala,2,12,1,2731
dharamshala,2,12,1,3204
dharamshala,2,1,2,6831
dharamshala,2,1,2,6707
dharamshala,2,1,2,8645
dharamshala,2,1,2,6984
dharamshala,2,1,2,8442
dharamshala,2,1,2,7803
dharamshala,2,1,2,6724
dharamshala,2,1,2,8752
dharamshala,2,1,2,7115
dharamshala,2,1,2,8530
dharamshala,2,1,2,6934
dharamshala,2,1,2,8517
dharamshala,2,1,2,6575
dharamshala,2,1,2,7727
dharamshala,2,1,2,8322
dharamshala,2,1,2,8704
dharamshala,2,1,2,8645
dharamshala,2,1,2,8438
dharamshala,2,1,2,8596
dharamshala,2,1,2,7005
dharamshala,2,1,2,7201
dharamshala,2,1,2,7212
dharamshala,2,1,2,7415
dharamshala,2,1,2,7453
dharamshala,2,1,2,7802
dharamshala,2,1,2,6914
dharamshala,2,1,2,8141
dharamshala,2,1,2,6932
dharamshala,2,1,2,7261
dharamshala,2,1,2,7707
dharamshala,2,1,2,8384
dharamshala,2,1,2,8253
dharamshala,2,1,2,8036
dharamshala,2,1,2,6904
dharamshala,2,1,2,7808
dharamshala,2,1,2,6747
dharamshala,2,1,2,7416
dharamshala,2,1,2,7500
dharamshala,2,1,2,6636
dharamshala,2,1,2,7177
dharamshala,2,1,2,8752
dharamshala,2,1,2,8747
dharamshala,2,1,2,7358
dharamshala,2,1,2,6644
dharamshala,2,1,2,6958
dharamshala,2,1,2,7451
dharamshala,2,1,2,8734
dharamshala,2,1,2,6871
dharamshala,2,1,2,8308
dharamshala,2,1,2,6796
dharamshala,2,2,2,6294
dharamshala,2,2,2,5304
dharamshala,2,2,2,5954
dharamshala,2,2,2,5240
dharamshala,2,2,2,5710
dharamshala,2,2,2,4991
dharamshala,2,2,2,4915
dharamshala,2,2,2,6222
dharamshala,2,2,2,6189
dharamshala,2,2,2,6139
dharamshala,2,2,2,5706
dharamshala,2,2,2,6008
dharamshala,2,2,2,4788
dharamshala,2,2,2,5227
dharamshala,2,2,2,5192
dharamshala,2,2,2,5723
dharamshala,2,2,2,5262
dharamshala,2,2,2,4920
dharamshala,2,2,2,5659
dharamshala,2,2,2,6018
dharamshala,2,2,2,5305
dharamshala,2,2,2,4893
dharamshala,2,2,2,4999
dharamshala,2,2,2,5066
dharamshala,2,2,2,5169
dharamshala,2,2,2,5735
dharamshala,2,2,2,5666
dharamshala,2,2,2,5823
dharamshala,2,2,2,5273
dharamshala,2,2,2,6034
dharamshala,2,2,2,5011
dharamshala,2,2,2,5448
dharamshala,2,2,2,5996
dharamshala,2,2,2,4972
dharamshala,2,2,2,4856
dharamshala,2,2,2,6133
dharamshala,2,2,2,5240
dharamshala,2,2,2,5803
dharamshala,2,2,2,4716
dharamshala,2,2,2,5813
dharamshala,2,2,2,5196
dharamshala,2,2,2,4766
dharamshala,2,2,2,5681
dharamshala,2,2,2,5072
dharamshala,2,2,2,5313
dharamshala,2,2,2,4807
dharamshala,2,2,2,4917
dharamshala,2,2,2,5166
dharamshala,2,2,2,4823
dharamshala,2,2,2,6177
dharamshala,2,3,2,4684
dharamshala,2,3,2,5473
dharamshala,2,3,2,4878
dharamshala,2,3,2,5182
dharamshala,2,3,2,6202
dharamshala,2,3,2,4941
dharamshala,2,3,2,6268
dharamshala,2,3,2,5014
dharamshala,2,3,2,5898
dharamshala,2,3,2,5577
dharamshala,2,3,2,6134
dharamshala,2,3,2,5589
dharamshala,2,3,2,5557
dharamshala,2,3,2,4997
dharamshala,2,3,2,4949
dharamshala,2,3,2,6187
dharamshala,2,3,2,5215
dharamshala,2,3,2,5288
dharamshala,2,3,2,5928
dharamshala,2,3,2,5234
dharamshala,2,3,2,6245
dharamshala,2,3,2,5892
dharamshala,2,3,2,5660
dharamshala,2,3,2,6128
dharamshala,2,3,2,4756
dharamshala,2,3,2,5099
dharamshala,2,3,2,5442
dharamshala,2,3,2,5049
dharamshala,2,3,2,5902
dharamshala,2,3,2,6191
dharamshala,2,3,2,5374
dharamshala,2,3,2,5239
dharamshala,2,3,2,6261
dharamshala,2,3,2,5409
dharamshala,2,3,2,5481
dharamshala,2,3,2,5255
dharamshala,2,3,2,6175
dharamshala,2,3,2,5613
dharamshala,2,3,2,5932
dharamshala,2,3,2,6014
dharamshala,2,3,2,5239
dharamshala,2,3,2,5390
dharamshala,2,3,2,6074
dharamshala,2,3,2,5274
dharamshala,2,3,2,5984
dharamshala,2,3,2,6227
dharamshala,2,3,2,5703
dharamshala,2,3,2,5898
dharamshala,2,3,2,6003
dharamshala,2,3,2,6069
dharamshala,2,4,2,5326
dharamshala,2,4,2,4759
dharamshala,2,4,2,5338
dharamshala,2,4,2,5786
dharamshala,2,4,2,5418
dharamshala,2,4,2,5910
dharamshala,2,4,2,5264
dharamshala,2,4,2,5722
dharamshala,2,4,2,4982
dharamshala,2,4,2,5911
dharamshala,2,4,2,5575
dharamshala,2,4,2,5011
dharamshala,2,4,2,5156
dharamshala,2,4,2,5910
dharamshala,2,4,2,5471
dharamshala,2,4,2,5031
dharamshala,2,4,2,6270
dharamshala,2,4,2,5854
dharamshala,2,4,2,6254
dharamshala,2,4,2,5379
dharamshala,2,4,2,5458
dharamshala,2,4,2,6156
dharamshala,2,4,2,5541
dharamshala,2,4,2,5842
dharamshala,2,4,2,5091
dharamshala,2,4,2,5412
dharamshala,2,4,2,4878
dharamshala,2,4,2,5014
dharamshala,2,4,2,4676
dharamshala,2,4,2,4739
dharamshala,2,4,2,6287
dharamshala,2,4,2,5074
dharamshala,2,4,2,5769
dharamshala,2,4,2,6059
dharamshala,2,4,2,5583
dharamshala,2,4,2,4927
dharamshala,2,4,2,5876
dharamshala,2,4,2,5665
dharamshala,2,4,2,5881
dharamshala,2,4,2,5945
dharamshala,2,4,2,6284
dharamshala,2,4,2,5621
dharamshala,2,4,2,5238
dharamshala,2,4,2,5744
dharamshala,2,4,2,4787
dharamshala,2,4,2,6155
dharamshala,2,4,2,4871
dharamshala,2,4,2,5215
dharamshala,2,4,2,6020
dharamshala,2,4,2,5660
dharamshala,2,5,2,8519
dharamshala,2,5,2,8729
dharamshala,2,5,2,9736
dharamshala,2,5,2,8377
dharamshala,2,5,2,9775
dharamshala,2,5,2,7712
dharamshala,2,5,2,9530
dharamshala,2,5,2,9717
dharamshala,2,5,2,7959
dharamshala,2,5,2,8616
dharamshala,2,5,2,7916
dharamshala,2,5,2,9345
dharamshala,2,5,2,8893
dharamshala,2,5,2,9157
dharamshala,2,5,2,7998
dharamshala,2,5,2,8039
dharamshala,2,5,2,7589
dharamshala,2,5,2,8330
dharamshala,2,5,2,8957
dharamshala,2,5,2,9744
dharamshala,2,5,2,9240
dharamshala,2,5,2,8629
dharamshala,2,5,2,9996
dharamshala,2,5,2,9378
dharamshala,2,5,2,9935
dharamshala,2,5,2,8872
dharamshala,2,5,2,8163
dharamshala,2,5,2,7619
dharamshala,2,5,2,9396
dharamshala,2,5,2,7800
dharamshala,2,5,2,8279
dharamshala,2,5,2,8885
dharamshala,2,5,2,8970
dharamshala,2,5,2,9065
dharamshala,2,5,2,7918
dharamshala,2,5,2,8482
dharamshala,2,5,2,9109
dharamshala,2,5,2,10040
dharamshala,2,5,2,9400
dharamshala,2,5,2,9915
dharamshala,2,5,2,9492
dharamshala,2,5,2,9042
dharamshala,2,5,2,7986
dharamshala,2,5,2,9240
dharamshala,2,5,2,9125
dharamshala,2,5,2,9070
dharamshala,2,5,2,8773
dharamshala,2,5,2,8875
dharamshala,2,5,2,8362
dharamshala,2,5,2,8850
dharamshala,2,6,2,8001
dharamshala,2,6,2,9605
dharamshala,2,6,2,7970
dharamshala,2,6,2,7704
dharamshala,2,6,2,8631
dharamshala,2,6,2,9217
dharamshala,2,6,2,8635
dharamshala,2,6,2,8210
dharamshala,2,6,2,8953
dharamshala,2,6,2,8396
dharamshala,2,6,2,9942
dharamshala,2,6,2,9915
dharamshala,2,6,2,8806
dharamshala,2,6,2,8345
dharamshala,2,6,2,9426
dharamshala,2,6,2,7576
dharamshala,2,6,2,8733
dharamshala,2,6,2,8367
dharamshala,2,6,2,9910
dharamshala,2,6,2,7511
dharamshala,2,6,2,8939
dharamshala,2,6,2,9435
dharamshala,2,6,2,8760
dharamshala,2,6,2,7705
dharamshala,2,6,2,10047
dharamshala,2,6,2,8847
dharamshala,2,6,2,9101
dharamshala,2,6,2,8104
dharamshala,2,6,2,8756
dharamshala,2,6,2,8612
dharamshala,2,6,2,7677
dharamshala,2,6,2,7760
dharamshala,2,6,2,9690
dharamshala,2,6,2,8113
dharamshala,2,6,2,7994
dharamshala,2,6,2,8812
dharamshala,2,6,2,9509
dharamshala,2,6,2,7643
dharamshala,2,6,2,9002
dharamshala,2,6,2,7794
dharamshala,2,6,2,7576
dharamshala,2,6,2,7619
dharamshala,2,6,2,9682
dharamshala,2,6,2,7791
dharamshala,2,6,2,7599
dharamshala,2,6,2,8636
dharamshala,2,6,2,9708
dharamshala,2,6,2,8172
dharamshala,2,6,2,8593
dharamshala,2,6,2,7585
dharamshala,2,7,2,4061
dharamshala,2,7,2,4221
dharamshala,2,7,2,4212
dharamshala,2,7,2,3917
dharamshala,2,7,2,3896
dharamshala,2,7,2,3638
dharamshala,2,7,2,3960
dharamshala,2,7,2,3629
dharamshala,2,7,2,4454
dharamshala,2,7,2,4702
dharamshala,2,7,2,4706
dharamshala,2,7,2,4576
dharamshala,2,7,2,4249
dharamshala,2,7,2,4373
dharamshala,2,7,2,3859
dharamshala,2,7,2,4286
dharamshala,2,7,2,4070
dharamshala,2,7,2,4102
dharamshala,2,7,2,4443
dharamshala,2,7,2,3855
dharamshala,2,7,2,3899
dharamshala,2,7,2,4650
dharamshala,2,7,2,3575
dharamshala,2,7,2,4107
dharamshala,2,7,2,4635
dharamshala,2,7,2,4261
dharamshala,2,7,2,4182
dharamshala,2,7,2,3815
dharamshala,2,7,2,3931
dharamshala,2,7,2,4560
dharamshala,2,7,2,4198
dharamshala,2,7,2,4143
dharamshala,2,7,2,3629
dharamshala,2,7,2,3526
dharamshala,2,7,2,4698
dharamshala,2,7,2,3972
dharamshala,2,7,2,4252
dharamshala,2,7,2,3604
dharamshala,2,7,2,4351
dharamshala,2,7,2,4660
dharamshala,2,7,2,4218
dharamshala,2,7,2,3662
dharamshala,2,7,2,4226
dharamshala,2,7,2,4454
dharamshala,2,7,2,4009
dharamshala,2,7,2,4595
dharamshala,2,7,2,4308
dharamshala,2,7,2,4619
dharamshala,2,7,2,4277
dharamshala,2,7,2,3668
dharamshala,2,8,2,3889
dharamshala,2,8,2,3755
dharamshala,2,8,2,4630
dharamshala,2,8,2,4447
dharamshala,2,8,2,4343
dharamshala,2,8,2,3878
dharamshala,2,8,2,3734
dharamshala,2,8,2,4442
dharamshala,2,8,2,4093
dharamshala,2,8,2,3785
dharamshala,2,8,2,4269
dharamshala,2,8,2,3556
dharamshala,2,8,2,3909
dharamshala,2,8,2,4086
dharamshala,2,8,2,3689
dharamshala,2,8,2,4724
dharamshala,2,8,2,3765
dharamshala,2,8,2,3667
dharamshala,2,8,2,3758
dharamshala,2,8,2,4457
dharamshala,2,8,2,4032
dharamshala,2,8,2,4205
dharamshala,2,8,2,3532
dharamshala,2,8,2,3548
dharamshala,2,8,2,4057
dharamshala,2,8,2,4516
dharamshala,2,8,2,4601
dharamshala,2,8,2,3613
dharamshala,2,8,2,4172
dharamshala,2,8,2,4636
dharamshala,2,8,2,3986
dharamshala,2,8,2,4532
dharamshala,2,8,2,3671
dharamshala,2,8,2,4663
dharamshala,2,8,2,4436
dharamshala,2,8,2,4671
dharamshala,2,8,2,4343
dharamshala,2,8,2,3955
dharamshala,2,8,2,4667
dharamshala,2,8,2,3847
dharamshala,2,8,2,3917
dharamshala,2,8,2,4373
dharamshala,2,8,2,4453
dharamshala,2,8,2,4656
dharamshala,2,8,2,3759
dharamshala,2,8,2,4493
dharamshala,2,8,2,4420
dharamshala,2,8,2,3585
dharamshala,2,8,2,3985
dharamshala,2,8,2,3856
dharamshala,2,9,2,5177
dharamshala,2,9,2,6296
dharamshala,2,9,2,5735
dharamshala,2,9,2,5859
dharamshala,2,9,2,6286
dharamshala,2,9,2,5297
dharamshala,2,9,2,5998
dharamshala,2,9,2,5391
dharamshala,2,9,2,6109
dharamshala,2,9,2,4973
dharamshala,2,9,2,6238
dharamshala,2,9,2,5035
dharamshala,2,9,2,5213
dharamshala,2,9,2,5922
dharamshala,2,9,2,5324
dharamshala,2,9,2,5678
dharamshala,2,9,2,5408
dharamshala,2,9,2,5899
dharamshala,2,9,2,5051
dharamshala,2,9,2,4771
dharamshala,2,9,2,5169
dharamshala,2,9,2,5457
dharamshala,2,9,2,4952
dharamshala,2,9,2,5260
dharamshala,2,9,2,5334
dharamshala,2,9,2,4769
dharamshala,2,9,2,5637
dharamshala,2,9,2,6134
dharamshala,2,9,2,4925
dharamshala,2,9,2,5661
dharamshala,2,9,2,5771
dharamshala,2,9,2,5366
dharamshala,2,9,2,5831
dharamshala,2,9,2,5352
dharamshala,2,9,2,5507
dharamshala,2,9,2,4687
dharamshala,2,9,2,5816
dharamshala,2,9,2,5766
dharamshala,2,9,2,4738
dharamshala,2,9,2,5282
dharamshala,2,9,2,6290
dharamshala,2,9,2,5369
dharamshala,2,9,2,5503
dharamshala,2,9,2,6176
dharamshala,2,9,2,5858
dharamshala,2,9,2,5635
dharamshala,2,9,2,5991
dharamshala,2,9,2,6101
dharamshala,2,9,2,5428
dharamshala,2,9,2,5458
dharamshala,2,10,2,5311
dharamshala,2,10,2,6270
dharamshala,2,10,2,5825
dharamshala,2,10,2,4812
dharamshala,2,10,2,6098
dharamshala,2,10,2,5467
dharamshala,2,10,2,4788
dharamshala,2,10,2,5582
dharamshala,2,10,2,5363
dharamshala,2,10,2,6123
dharamshala,2,10,2,5011
dharamshala,2,10,2,6038
dharamshala,2,10,2,5595
dharamshala,2,10,2,4765
dharamshala,2,10,2,6278
dharamshala,2,10,2,5520
dharamshala,2,10,2,5154
dharamshala,2,10,2,5449
dharamshala,2,10,2,6090
dharamshala,2,10,2,5178
dharamshala,2,10,2,4992
dharamshala,2,10,2,4887
dharamshala,2,10,2,5166
dharamshala,2,10,2,5962
dharamshala,2,10,2,5453
dharamshala,2,10,2,5050
dharamshala,2,10,2,4949
dharamshala,2,10,2,5224
dharamshala,2,10,2,6225
dharamshala,2,10,2,5240
dharamshala,2,10,2,6305
dharamshala,2,10,2,5475
dharamshala,2,10,2,4970
dharamshala,2,10,2,6145
dharamshala,2,10,2,5434
dharamshala,2,10,2,5845
dharamshala,2,10,2,6298
dharamshala,2,10,2,4757
dharamshala,2,10,2,4834
dharamshala,2,10,2,5863
dharamshala,2,10,2,5140
dharamshala,2,10,2,4979
dharamshala,2,10,2,4739
dharamshala,2,10,2,4711
dharamshala,2,10,2,5952
dharamshala,2,10,2,4896
dharamshala,2,10,2,5446
dharamshala,2,10,2,5674
dharamshala,2,10,2,5381
dharamshala,2,10,2,4719
dharamshala,2,11,2,5967
dharamshala,2,11,2,4692
dharamshala,2,11,2,5932
dharamshala,2,11,2,6148
dharamshala,2,11,2,5389
dharamshala,2,11,2,5558
dharamshala,2,11,2,5462
dharamshala,2,11,2,5317
dharamshala,2,11,2,6139
dharamshala,2,11,2,6149
dharamshala,2,11,2,5229
dharamshala,2,11,2,5689
dharamshala,2,11,2,6204
dharamshala,2,11,2,6262
dharamshala,2,11,2,5514
dharamshala,2,11,2,5422
dharamshala,2,11,2,5134
dharamshala,2,11,2,6257
dharamshala,2,11,2,4910
dharamshala,2,11,2,5631
dharamshala,2,11,2,5141
dharamshala,2,11,2,5135
dharamshala,2,11,2,5343
dharamshala,2,11,2,6323
dharamshala,2,11,2,4765
dharamshala,2,11,2,5629
dharamshala,2,11,2,4811
dharamshala,2,11,2,4929
dharamshala,2,11,2,5400
dharamshala,2,11,2,5517
dharamshala,2,11,2,5102
dharamshala,2,11,2,5197
dharamshala,2,11,2,4818
dharamshala,2,11,2,5175
dharamshala,2,11,2,6269
dharamshala,2,11,2,6233
dharamshala,2,11,2,5227
dharamshala,2,11,2,5616
dharamshala,2,11,2,6175
dharamshala,2,11,2,4685
dharamshala,2,11,2,6012
dharamshala,2,11,2,6239
dharamshala,2,11,2,4825
dharamshala,2,11,2,4941
dharamshala,2,11,2,6260
dharamshala,2,11,2,5561
dharamshala,2,11,2,4698
dharamshala,2,11,2,5100
dharamshala,2,11,2,5417
dharamshala,2,11,2,5818
dharamshala,2,12,2,8238
dharamshala,2,12,2,8844
dharamshala,2,12,2,7209
dharamshala,2,12,2,7788
dharamshala,2,12,2,7776
dharamshala,2,12,2,7482
dharamshala,2,12,2,6935
dharamshala,2,12,2,8802
dharamshala,2,12,2,8516
dharamshala,2,12,2,7696
dharamshala,2,12,2,7938
dharamshala,2,12,2,7069
dharamshala,2,12,2,7801
dharamshala,2,12,2,8150
dharamshala,2,12,2,7735
dharamshala,2,12,2,8832
dharamshala,2,12,2,7957
dharamshala,2,12,2,7401
dharamshala,2,12,2,8328
dharamshala,2,12,2,6938
dharamshala,2,12,2,7433
dharamshala,2,12,2,7346
dharamshala,2,12,2,7542
dharamshala,2,12,2,8350
dharamshala,2,12,2,7663
dharamshala,2,12,2,8379
dharamshala,2,12,2,7876
dharamshala,2,12,2,7335
dharamshala,2,12,2,8416
dharamshala,2,12,2,7095
dharamshala,2,12,2,7063
dharamshala,2,12,2,7710
dharamshala,2,12,2,7147
dharamshala,2,12,2,6565
dharamshala,2,12,2,8042
dharamshala,2,12,2,7725
dharamshala,2,12,2,7574
dharamshala,2,12,2,8778
dharamshala,2,12,2,7864
dharamshala,2,12,2,8539
dharamshala,2,12,2,6867
dharamshala,2,12,2,7859
dharamshala,2,12,2,8550
dharamshala,2,12,2,7891
dharamshala,2,12,2,8203
dharamshala,2,12,2,7404
dharamshala,2,12,2,6758
dharamshala,2,12,2,7602
dharamshala,2,12,2,7456
dharamshala,2,12,2,8547
dalhousie,3,1,0,1706
dalhousie,3,1,0,2106
dalhousie,3,1,0,2101
dalhousie,3,1,0,1708
dalhousie,3,1,0,1763
dalhousie,3,1,0,2067
dalhousie,3,1,0,2106
dalhousie,3,1,0,1816
dalhousie,3,1,0,1748
dalhousie,3,1,0,1862
dalhousie,3,1,0,1952
dalhousie,3,1,0,1722
dalhousie,3,1,0,1979
dalhousie,3,1,0,1599
dalhousie,3,1,0,1598
dalhousie,3,1,0,1784
dalhousie,3,1,0,1766
dalhousie,3,1,0,1745
dalhousie,3,1,0,1843
dalhousie,3,1,0,1748
dalhousie,3,1,0,1677
dalhousie,3,1,0,1742
dalhousie,3,1,0,2111
dalhousie,3,1,0,1798
dalhousie,3,1,0,1817
dalhousie,3,1,0,1890
dalhousie,3,1,0,2115
dalhousie,3,1,0,1704
dalhousie,3,1,0,1948
dalhousie,3,1,0,1967
dalhousie,3,1,0,1907
dalhousie,3,1,0,1619
dalhousie,3,1,0,1946
dalhousie,3,1,0,1606
dalhousie,3,1,0,1901
dalhousie,3,1,0,1980
dalhousie,3,1,0,1687
dalhousie,3,1,0,2037
dalhousie,3,1,0,1587
dalhousie,3,1,0,2038
dalhousie,3,1,0,1826
dalhousie,3,1,0,1691
dalhousie,3,1,0,1644
dalhousie,3,1,0,2099
dalhousie,3,1,0,1611
dalhousie,3,1,0,1681
dalhousie,3,1,0,1763
dalhousie,3,1,0,1914
dalhousie,3,1,0,1872
dalhousie,3,1,0,1640
dalhousie,3,2,0,1236
dalhousie,3,2,0,1216
dalhousie,3,2,0,1206
dalhousie,3,2,0,1284
dalhousie,3,2,0,1400
dalhousie,3,2,0,1208
dalhousie,3,2,0,1267
dalhousie,3,2,0,1276
dalhousie,3,2,0,1508
dalhousie,3,2,0,1500
dalhousie,3,2,0,1438
dalhousie,3,2,0,1217
dalhousie,3,2,0,1148
dalhousie,3,2,0,1247
dalhousie,3,2,0,1227
dalhousie,3,2,0,1322
dalhousie,3,2,0,1429
dalhousie,3,2,0,1461
dalhousie,3,2,0,1456
dalhousie,3,2,0,1264
dalhousie,3,2,0,1394
dalhousie,3,2,0,1245
dalhousie,3,2,0,1146
dalhousie,3,2,0,1399
dalhousie,3,2,0,1125
dalhousie,3,2,0,1284
dalhousie,3,2,0,1252
dalhousie,3,2,0,1396
dalhousie,3,2,0,1425
dalhousie,3,2,0,1242
dalhousie,3,2,0,1443
dalhousie,3,2,0,1238
dalhousie,3,2,0,1298
dalhousie,3,2,0,1409
dalhousie,3,2,0,1396
dalhousie,3,2,0,1512
dalhousie,3,2,0,1211
dalhousie,3,2,0,1384
dalhousie,3,2,0,1363
dalhousie,3,2,0,1484
dalhousie,3,2,0,1183
dalhousie,3,2,0,1419
dalhousie,3,2,0,1347
dalhousie,3,2,0,1230
dalhousie,3,2,0,1309
dalhousie,3,2,0,1254
dalhousie,3,2,0,1351
dalhousie,3,2,0,1474
dalhousie,3,2,0,1347
dalhousie,3,2,0,1372
dalhousie,3,3,0,1327
dalhousie,3,3,0,1142
dalhousie,3,3,0,1214
dalhousie,3,3,0,1316
dalhousie,3,3,0,1244
dalhousie,3,3,0,1193
dalhousie,3,3,0,1321
dalhousie,3,3,0,1249
dalhousie,3,3,0,1224
dalhousie,3,3,0,1305
dalhousie,3,3,0,1174
dalhousie,3,3,0,1489
dalhousie,3,3,0,1465
dalhousie,3,3,0,1402
dalhousie,3,3,0,1164
dalhousie,3,3,0,1429
dalhousie,3,3,0,1441
dalhousie,3,3,0,1426
dalhousie,3,3,0,1167
dalhousie,3,3,0,1376
dalhousie,3,3,0,1452
dalhousie,3,3,0,1350
dalhousie,3,3,0,1377
dalhousie,3,3,0,1303
dalhousie,3,3,0,1331
dalhousie,3,3,0,1135
dalhousie,3,3,0,1375
dalhousie,3,3,0,1154
dalhousie,3,3,0,1294
dalhousie,3,3,0,1237
dalhousie,3,3,0,1337
dalhousie,3,3,0,1174
dalhousie,3,3,0,1395
dalhousie,3,3,0,1436
dalhousie,3,3,0,1186
dalhousie,3,3,0,1163
dalhousie,3,3,0,1179
dalhousie,3,3,0,1469
dalhousie,3,3,0,1331
dalhousie,3,3,0,1307
dalhousie,3,3,0,1164
dalhousie,3,3,0,1379
dalhousie,3,3,0,1465
dalhousie,3,3,0,1449
dalhousie,3,3,0,1369
dalhousie,3,3,0,1151
dalhousie,3,3,0,1166
dalhousie,3,3,0,1141
dalhousie,3,3,0,1223
dalhousie,3,3,0,1175
dalhousie,3,4,0,1224
dalhousie,3,4,0,1274
dalhousie,3,4,0,1495
dalhousie,3,4,0,1363
dalhousie,3,4,0,1452
dalhousie,3,4,0,1403
dalhousie,3,4,0,1166
dalhousie,3,4,0,1413
dalhousie,3,4,0,1230
dalhousie,3,4,0,1375
dalhousie,3,4,0,1257
dalhousie,3,4,0,1517
dalhousie,3,4,0,1226
dalhousie,3,4,0,1232
dalhousie,3,4,0,1490
dalhousie,3,4,0,1131
dalhousie,3,4,0,1397
dalhousie,3,4,0,1409
dalhousie,3,4,0,1453
dalhousie,3,4,0,1507
dalhousie,3,4,0,1508
dalhousie,3,4,0,1147
dalhousie,3,4,0,1447
dalhousie,3,4,0,1377
dalhousie,3,4,0,1378
dalhousie,3,4,0,1172
dalhousie,3,4,0,1379
dalhousie,3,4,0,1511
dalhousie,3,4,0,1483
dalhousie,3,4,0,1295
dalhousie,3,4,0,1137
dalhousie,3,4,0,1265
dalhousie,3,4,0,1449
dalhousie,3,4,0,1399
dalhousie,3,4,0,1303
dalhousie,3,4,0,1143
dalhousie,3,4,0,1291
dalhousie,3,4,0,1307
dalhousie,3,4,0,1489
dalhousie,3,4,0,1375
dalhousie,3,4,0,1245
dalhousie,3,4,0,1330
dalhousie,3,4,0,1148
dalhousie,3,4,0,1507
dalhousie,3,4,0,1264
dalhousie,3,4,0,1311
dalhousie,3,4,0,1262
dalhousie,3,4,0,1392
dalhousie,3,4,0,1384
dalhousie,3,4,0,1405
dalhousie,3,5,0,1965
dalhousie,3,5,0,1995
dalhousie,3,5,0,1874
dalhousie,3,5,0,2210
dalhousie,3,5,0,1820
dalhousie,3,5,0,2173
dalhousie,3,5,0,2346
dalhousie,3,5,0,2359
dalhousie,3,5,0,2079
dalhousie,3,5,0,2086
dalhousie,3,5,0,1843
dalhousie,3,5,0,2220
dalhousie,3,5,0,2315
dalhousie,3,5,0,1950
dalhousie,3,5,0,2062
dalhousie,3,5,0,2326
dalhousie,3,5,0,2350
dalhousie,3,5,0,1949
dalhousie,3,5,0,2144
dalhousie,3,5,0,1917
dalhousie,3,5,0,1859
dalhousie,3,5,0,2372
dalhousie,3,5,0,2315
dalhousie,3,5,0,2276
dalhousie,3,5,0,1826
dalhousie,3,5,0,2329
dalhousie,3,5,0,2072
dalhousie,3,5,0,2012
dalhousie,3,5,0,2141
dalhousie,3,5,0,1853
dalhousie,3,5,0,2274
dalhousie,3,5,0,2164
dalhousie,3,5,0,1913
dalhousie,3,5,0,1914
dalhousie,3,5,0,1911
dalhousie,3,5,0,1831
dalhousie,3,5,0,2167
dalhousie,3,5,0,2327
dalhousie,3,5,0,1806
dalhousie,3,5,0,1826
dalhousie,3,5,0,2158
dalhousie,3,5,0,2314
dalhousie,3,5,0,2002
dalhousie,3,5,0,2016
dalhousie,3,5,0,2173
dalhousie,3,5,0,1968
dalhousie,3,5,0,1812
dalhousie,3,5,0,2261
dalhousie,3,5,0,2191
dalhousie,3,5,0,2163
dalhousie,3,6,0,2265
dalhousie,3,6,0,2223
dalhousie,3,6,0,1925
dalhousie,3,6,0,2018
dalhousie,3,6,0,1875
dalhousie,3,6,0,1877
dalhousie,3,6,0,2223
dalhousie,3,6,0,2339
dalhousie,3,6,0,2405
dalhousie,3,6,0,2193
dalhousie,3,6,0,1911
dalhousie,3,6,0,1862
dalhousie,3,6,0,2310
dalhousie,3,6,0,2161
dalhousie,3,6,0,2186
dalhousie,3,6,0,2290
dalhousie,3,6,0,2240
dalhousie,3,6,0,2323
dalhousie,3,6,0,1830
dalhousie,3,6,0,2268
dalhousie,3,6,0,2334
dalhousie,3,6,0,1976
dalhousie,3,6,0,2200
dalhousie,3,6,0,1994
dalhousie,3,6,0,2402
dalhousie,3,6,0,1816
dalhousie,3,6,0,2162
dalhousie,3,6,0,1900
dalhousie,3,6,0,2246
dalhousie,3,6,0,1906
dalhousie,3,6,0,1944
dalhousie,3,6,0,2108
dalhousie,3,6,0,2374
dalhousie,3,6,0,1929
dalhousie,3,6,0,1886
dalhousie,3,6,0,2276
dalhousie,3,6,0,2112
dalhousie,3,6,0,2372
dalhousie,3,6,0,1888
dalhousie,3,6,0,2204
dalhousie,3,6,0,1942
dalhousie,3,6,0,1894
dalhousie,3,6,0,2228
dalhousie,3,6,0,2171
dalhousie,3,6,0,2273
dalhousie,3,6,0,1991
dalhousie,3,6,0,2079
dalhousie,3,6,0,2052
dalhousie,3,6,0,2418
dalhousie,3,6,0,1980
dalhousie,3,7,0,929
dalhousie,3,7,0,946
dalhousie,3,7,0,1009
dalhousie,3,7,0,916
dalhousie,3,7,0,1113
dalhousie,3,7,0,920
dalhousie,3,7,0,1107
dalhousie,3,7,0,872
dalhousie,3,7,0,1036
dalhousie,3,7,0,1110
dalhousie,3,7,0,891
dalhousie,3,7,0,1129
dalhousie,3,7,0,976
dalhousie,3,7,0,1122
dalhousie,3,7,0,1042
dalhousie,3,7,0,931
dalhousie,3,7,0,897
dalhousie,3,7,0,931
dalhousie,3,7,0,869
dalhousie,3,7,0,884
dalhousie,3,7,0,872
dalhousie,3,7,0,967
dalhousie,3,7,0,1077
dalhousie,3,7,0,883
dalhousie,3,7,0,880
dalhousie,3,7,0,1032
dalhousie,3,7,0,900
dalhousie,3,7,0,870
dalhousie,3,7,0,891
dalhousie,3,7,0,1115
dalhousie,3,7,0,1085
dalhousie,3,7,0,946
dalhousie,3,7,0,1036
dalhousie,3,7,0,1001
dalhousie,3,7,0,1042
dalhousie,3,7,0,1044
dalhousie,3,7,0,1028
dalhousie,3,7,0,920
dalhousie,3,7,0,853
dalhousie,3,7,0,976
dalhousie,3,7,0,1106
dalhousie,3,7,0,1010
dalhousie,3,7,0,1088
dalhousie,3,7,0,1136
dalhousie,3,7,0,890
dalhousie,3,7,0,1046
dalhousie,3,7,0,1041
dalhousie,3,7,0,1132
dalhousie,3,7,0,1134
dalhousie,3,7,0,1045
dalhousie,3,8,0,913
dalhousie,3,8,0,1078
dalhousie,3,8,0,873
dalhousie,3,8,0,1073
dalhousie,3,8,0,1111
dalhousie,3,8,0,955
dalhousie,3,8,0,1028
dalhousie,3,8,0,969
dalhousie,3,8,0,971
dalhousie,3,8,0,933
dalhousie,3,8,0,1067
dalhousie,3,8,0,1119
dalhousie,3,8,0,1120
dalhousie,3,8,0,893
dalhousie,3,8,0,1101
dalhousie,3,8,0,1060
dalhousie,3,8,0,916
dalhousie,3,8,0,861
dalhousie,3,8,0,921
dalhousie,3,8,0,1112
dalhousie,3,8,0,1029
dalhousie,3,8,0,1055
dalhousie,3,8,0,917
dalhousie,3,8,0,1055
dalhousie,3,8,0,849
dalhousie,3,8,0,952
dalhousie,3,8,0,1027
dalhousie,3,8,0,884
dalhousie,3,8,0,1085
dalhousie,3,8,0,911
dalhousie,3,8,0,1035
dalhousie,3,8,0,961
dalhousie,3,8,0,1018
dalhousie,3,8,0,873
dalhousie,3,8,0,846
dalhousie,3,8,0,1111
dalhousie,3,8,0,921
dalhousie,3,8,0,1084
dalhousie,3,8,0,1138
dalhousie,3,8,0,904
dalhousie,3,8,0,920
dalhousie,3,8,0,1038
dalhousie,3,8,0,1128
dalhousie,3,8,0,1113
dalhousie,3,8,0,990
dalhousie,3,8,0,1077
dalhousie,3,8,0,881
dalhousie,3,8,0,1131
dalhousie,3,8,0,1127
dalhousie,3,8,0,890
dalhousie,3,9,0,1240
dalhousie,3,9,0,1161
dalhousie,3,9,0,1229
dalhousie,3,9,0,1445
dalhousie,3,9,0,1271
dalhousie,3,9,0,1157
dalhousie,3,9,0,1257
dalhousie,3,9,0,1510
dalhousie,3,9,0,1371
dalhousie,3,9,0,1286
dalhousie,3,9,0,1187
dalhousie,3,9,0,1512
dalhousie,3,9,0,1447
dalhousie,3,9,0,1233
dalhousie,3,9,0,1149
dalhousie,3,9,0,1144
dalhousie,3,9,0,1169
dalhousie,3,9,0,1351
dalhousie,3,9,0,1489
dalhousie,3,9,0,1318
dalhousie,3,9,0,1455
dalhousie,3,9,0,1298
dalhousie,3,9,0,1402
dalhousie,3,9,0,1411
dalhousie,3,9,0,1190
dalhousie,3,9,0,1265
dalhousie,3,9,0,1374
dalhousie,3,9,0,1149
dalhousie,3,9,0,1265
dalhousie,3,9,0,1333
dalhousie,3,9,0,1516
dalhousie,3,9,0,1309
dalhousie,3,9,0,1445
dalhousie,3,9,0,1293
dalhousie,3,9,0,1437
dalhousie,3,9,0,1357
dalhousie,3,9,0,1473
dalhousie,3,9,0,1284
dalhousie,3,9,0,1361
dalhousie,3,9,0,1371
dalhousie,3,9,0,1287
dalhousie,3,9,0,1179
dalhousie,3,9,0,1159
dalhousie,3,9,0,1128
dalhousie,3,9,0,1467
dalhousie,3,9,0,1215
dalhousie,3,9,0,1205
dalhousie,3,9,0,1413
dalhousie,3,9,0,1248
dalhousie,3,9,0,1322
dalhousie,3,10,0,1186
dalhousie,3,10,0,1502
dalhousie,3,10,0,1459
dalhousie,3,10,0,1464
dalhousie,3,10,0,1283
dalhousie,3,10,0,1423
dalhousie,3,10,0,1178
dalhousie,3,10,0,1125
dalhousie,3,10,0,1129
dalhousie,3,10,0,1354
dalhousie,3,10,0,1302
dalhousie,3,10,0,1327
dalhousie,3,10,0,1124
dalhousie,3,10,0,1289
dalhousie,3,10,0,1406
dalhousie,3,10,0,1297
dalhousie,3,10,0,1411
dalhousie,3,10,0,1214
dalhousie,3,10,0,1444
dalhousie,3,10,0,1355
dalhousie,3,10,0,1205
dalhousie,3,10,0,1215
dalhousie,3,10,0,1370
dalhousie,3,10,0,1450
dalhousie,3,10,0,1286
dalhousie,3,10,0,1224
dalhousie,3,10,0,1465
dalhousie,3,10,0,1387
dalhousie,3,10,0,1299
dalhousie,3,10,0,1315
dalhousie,3,10,0,1202
dalhousie,3,10,0,1370
dalhousie,3,10,0,1264
dalhousie,3,10,0,1516
dalhousie,3,10,0,1312
dalhousie,3,10,0,1314
dalhousie,3,10,0,1346
dalhousie,3,10,0,1485
dalhousie,3,10,0,1439
dalhousie,3,10,0,1300
dalhousie,3,10,0,1406
dalhousie,3,10,0,1354
dalhousie,3,10,0,1316
dalhousie,3,10,0,1198
dalhousie,3,10,0,1305
dalhousie,3,10,0,1219
dalhousie,3,10,0,1484
dalhousie,3,10,0,1254
dalhousie,3,10,0,1499
dalhousie,3,10,0,1333
dalhousie,3,11,0,1372
dalhousie,3,11,0,1337
dalhousie,3,11,0,1173
dalhousie,3,11,0,1270
dalhousie,3,11,0,1161
dalhousie,3,11,0,1368
dalhousie,3,11,0,1298
dalhousie,3,11,0,1430
dalhousie,3,11,0,1209
dalhousie,3,11,0,1187
dalhousie,3,11,0,1282
dalhousie,3,11,0,1488
dalhousie,3,11,0,1403
dalhousie,3,11,0,1287
dalhousie,3,11,0,1326
dalhousie,3,11,0,1155
dalhousie,3,11,0,1511
dalhousie,3,11,0,1385
dalhousie,3,11,0,1235
dalhousie,3,11,0,1353
dalhousie,3,11,0,1165
dalhousie,3,11,0,1504
dalhousie,3,11,0,1191
dalhousie,3,11,0,1378
dalhousie,3,11,0,1219
dalhousie,3,11,0,1406
dalhousie,3,11,0,1429
dalhousie,3,11,0,1388
dalhousie,3,11,0,1365
dalhousie,3,11,0,1475
dalhousie,3,11,0,1153
dalhousie,3,11,0,1253
dalhousie,3,11,0,1220
dalhousie,3,11,0,1513
dalhousie,3,11,0,1276
dalhousie,3,11,0,1412
dalhousie,3,11,0,1393
dalhousie,3,11,0,1205
dalhousie,3,11,0,1216
dalhousie,3,11,0,1233
dalhousie,3,11,0,1284
dalhousie,3,11,0,1214
dalhousie,3,11,0,1129
dalhousie,3,11,0,1470
dalhousie,3,11,0,1504
dalhousie,3,11,0,1257
dalhousie,3,11,0,1256
dalhousie,3,11,0,1124
dalhousie,3,11,0,1391
dalhousie,3,11,0,1448
dalhousie,3,12,0,1652
dalhousie,3,12,0,1659
dalhousie,3,12,0,2008
dalhousie,3,12,0,1912
dalhousie,3,12,0,1595
dalhousie,3,12,0,1915
dalhousie,3,12,0,1742
dalhousie,3,12,0,1775
dalhousie,3,12,0,1997
dalhousie,3,12,0,2020
dalhousie,3,12,0,1792
dalhousie,3,12,0,2095
dalhousie,3,12,0,1796
dalhousie,3,12,0,1998
dalhousie,3,12,0,1839
dalhousie,3,12,0,2068
dalhousie,3,12,0,2074
dalhousie,3,12,0,1619
dalhousie,3,12,0,2089
dalhousie,3,12,0,2028
dalhousie,3,12,0,2009
dalhousie,3,12,0,1682
dalhousie,3,12,0,2017
dalhousie,3,12,0,2042
dalhousie,3,12,0,1731
dalhousie,3,12,0,2098
dalhousie,3,12,0,1598
dalhousie,3,12,0,1653
dalhousie,3,12,0,1868
dalhousie,3,12,0,1890
dalhousie,3,12,0,1928
dalhousie,3,12,0,1580
dalhousie,3,12,0,2103
dalhousie,3,12,0,1595
dalhousie,3,12,0,1650
dalhousie,3,12,0,1578
dalhousie,3,12,0,1885
dalhousie,3,12,0,2087
dalhousie,3,12,0,1940
dalhousie,3,12,0,2026
dalhousie,3,12,0,1578
dalhousie,3,12,0,1871
dalhousie,3,12,0,1825
dalhousie,3,12,0,1847
dalhousie,3,12,0,1610
dalhousie,3,12,0,1950
dalhousie,3,12,0,1849
dalhousie,3,12,0,1994
dalhousie,3,12,0,1839
dalhousie,3,12,0,1653
dalhousie,3,1,1,3509
dalhousie,3,1,1,3029
dalhousie,3,1,1,3735
dalhousie,3,1,1,3474
dalhousie,3,1,1,3014
dalhousie,3,1,1,3826
dalhousie,3,1,1,3378
dalhousie,3,1,1,2929
dalhousie,3,1,1,3487
dalhousie,3,1,1,3111
dalhousie,3,1,1,3666
dalhousie,3,1,1,3680
dalhousie,3,1,1,3842
dalhousie,3,1,1,3361
dalhousie,3,1,1,3314
dalhousie,3,1,1,3615
dalhousie,3,1,1,2989
dalhousie,3,1,1,3407
dalhousie,3,1,1,3406
dalhousie,3,1,1,2946
dalhousie,3,1,1,3277
dalhousie,3,1,1,3716
dalhousie,3,1,1,3719
dalhousie,3,1,1,2956
dalhousie,3,1,1,2947
dalhousie,3,1,1,3120
dalhousie,3,1,1,3737
dalhousie,3,1,1,2985
dalhousie,3,1,1,3581
dalhousie,3,1,1,2957
dalhousie,3,1,1,3484
dalhousie,3,1,1,3214
dalhousie,3,1,1,3651
dalhousie,3,1,1,3091
dalhousie,3,1,1,3500
dalhousie,3,1,1,3093
dalhousie,3,1,1,3575
dalhousie,3,1,1,3736
dalhousie,3,1,1,2983
dalhousie,3,1,1,3729
dalhousie,3,1,1,3454
dalhousie,3,1,1,2984
dalhousie,3,1,1,3286
dalhousie,3,1,1,3018
dalhousie,3,1,1,3561
dalhousie,3,1,1,3620
dalhousie,3,1,1,2962
dalhousie,3,1,1,3366
dalhousie,3,1,1,3677
dalhousie,3,1,1,3799
dalhousie,3,2,1,2409
dalhousie,3,2,1,2724
dalhousie,3,2,1,2425
dalhousie,3,2,1,2323
dalhousie,3,2,1,2650
dalhousie,3,2,1,2394
dalhousie,3,2,1,2379
dalhousie,3,2,1,2393
dalhousie,3,2,1,2649
dalhousie,3,2,1,2638
dalhousie,3,2,1,2330
dalhousie,3,2,1,2279
dalhousie,3,2,1,2394
dalhousie,3,2,1,2452
dalhousie,3,2,1,2211
dalhousie,3,2,1,2611
dalhousie,3,2,1,2390
dalhousie,3,2,1,2280
dalhousie,3,2,1,2116
dalhousie,3,2,1,2211
dalhousie,3,2,1,2723
dalhousie,3,2,1,2259
dalhousie,3,2,1,2161
dalhousie,3,2,1,2371
dalhousie,3,2,1,2261
dalhousie,3,2,1,2065
dalhousie,3,2,1,2272
dalhousie,3,2,1,2431
dalhousie,3,2,1,2437
dalhousie,3,2,1,2296
dalhousie,3,2,1,2362
dalhousie,3,2,1,2735
dalhousie,3,2,1,2311
dalhousie,3,2,1,2225
dalhousie,3,2,1,2215
dalhousie,3,2,1,2369
dalhousie,3,2,1,2586
dalhousie,3,2,1,2188
dalhousie,3,2,1,2550
dalhousie,3,2,1,2055
dalhousie,3,2,1,2341
dalhousie,3,2,1,2598
dalhousie,3,2,1,2283
dalhousie,3,2,1,2445
dalhousie,3,2,1,2187
dalhousie,3,2,1,2574
dalhousie,3,2,1,2077
dalhousie,3,2,1,2653
dalhousie,3,2,1,2182
dalhousie,3,2,1,2669
dalhousie,3,3,1,2293
dalhousie,3,3,1,2560
dalhousie,3,3,1,2269
dalhousie,3,3,1,2692
dalhousie,3,3,1,2131
dalhousie,3,3,1,2168
dalhousie,3,3,1,2394
dalhousie,3,3,1,2098
dalhousie,3,3,1,2181
dalhousie,3,3,1,2719
dalhousie,3,3,1,2743
dalhousie,3,3,1,2310
dalhousie,3,3,1,2704
dalhousie,3,3,1,2432
dalhousie,3,3,1,2234
dalhousie,3,3,1,2545
dalhousie,3,3,1,2514
dalhousie,3,3,1,2752
dalhousie,3,3,1,2230
dalhousie,3,3,1,2523
dalhousie,3,3,1,2077
dalhousie,3,3,1,2121
dalhousie,3,3,1,2042
dalhousie,3,3,1,2759
dalhousie,3,3,1,2617
dalhousie,3,3,1,2606
dalhousie,3,3,1,2407
dalhousie,3,3,1,2256
dalhousie,3,3,1,2148
dalhousie,3,3,1,2244
dalhousie,3,3,1,2310
dalhousie,3,3,1,2584
dalhousie,3,3,1,2428
dalhousie,3,3,1,2095
dalhousie,3,3,1,2052
dalhousie,3,3,1,2113
dalhousie,3,3,1,2335
dalhousie,3,3,1,2711
dalhousie,3,3,1,2498
dalhousie,3,3,1,2617
dalhousie,3,3,1,2375
dalhousie,3,3,1,2300
dalhousie,3,3,1,2118
dalhousie,3,3,1,2670
dalhousie,3,3,1,2603
dalhousie,3,3,1,2161
dalhousie,3,3,1,2408
dalhousie,3,3,1,2390
dalhousie,3,3,1,2490
dalhousie,3,3,1,2721
dalhousie,3,4,1,2457
dalhousie,3,4,1,2428
dalhousie,3,4,1,2076
dalhousie,3,4,1,2085
dalhousie,3,4,1,2174
dalhousie,3,4,1,2063
dalhousie,3,4,1,2575
dalhousie,3,4,1,2560
dalhousie,3,4,1,2137
dalhousie,3,4,1,2641
dalhousie,3,4,1,2151
dalhousie,3,4,1,2256
dalhousie,3,4,1,2219
dalhousie,3,4,1,2308
dalhousie,3,4,1,2223
dalhousie,3,4,1,2392
dalhousie,3,4,1,2333
dalhousie,3,4,1,2750
dalhousie,3,4,1,2080
dalhousie,3,4,1,2142
dalhousie,3,4,1,2078
dalhousie,3,4,1,2490
dalhousie,3,4,1,2079
dalhousie,3,4,1,2642
dalhousie,3,4,1,2408
dalhousie,3,4,1,2419
dalhousie,3,4,1,2444
dalhousie,3,4,1,2162
dalhousie,3,4,1,2182
dalhousie,3,4,1,2269
dalhousie,3,4,1,2467
dalhousie,3,4,1,2191
dalhousie,3,4,1,2123
dalhousie,3,4,1,2738
dalhousie,3,4,1,2055
dalhousie,3,4,1,2617
dalhousie,3,4,1,2607
dalhousie,3,4,1,2253
dalhousie,3,4,1,2137
dalhousie,3,4,1,2144
dalhousie,3,4,1,2542
dalhousie,3,4,1,2502
dalhousie,3,4,1,2603
dalhousie,3,4,1,2714
dalhousie,3,4,1,2538
dalhousie,3,4,1,2152
dalhousie,3,4,1,2215
dalhousie,3,4,1,2646
dalhousie,3,4,1,2190
dalhousie,3,4,1,2092
dalhousie,3,5,1,4074
dalhousie,3,5,1,3727
dalhousie,3,5,1,4323
dalhousie,3,5,1,4013
dalhousie,3,5,1,3368
dalhousie,3,5,1,4355
dalhousie,3,5,1,3561
dalhousie,3,5,1,3652
dalhousie,3,5,1,3727
dalhousie,3,5,1,3323
dalhousie,3,5,1,3835
dalhousie,3,5,1,3406
dalhousie,3,5,1,3725
dalhousie,3,5,1,3668
dalhousie,3,5,1,4154
dalhousie,3,5,1,4189
dalhousie,3,5,1,3440
dalhousie,3,5,1,3686
dalhousie,3,5,1,3694
dalhousie,3,5,1,3438
dalhousie,3,5,1,4183
dalhousie,3,5,1,4078
dalhousie,3,5,1,3483
dalhousie,3,5,1,3686
dalhousie,3,5,1,3385
dalhousie,3,5,1,3987
dalhousie,3,5,1,3403
dalhousie,3,5,1,4399
dalhousie,3,5,1,4163
dalhousie,3,5,1,3713
dalhousie,3,5,1,3930
dalhousie,3,5,1,4313
dalhousie,3,5,1,3902
dalhousie,3,5,1,3465
dalhousie,3,5,1,3700
dalhousie,3,5,1,4235
dalhousie,3,5,1,4006
dalhousie,3,5,1,4013
dalhousie,3,5,1,4262
dalhousie,3,5,1,4293
dalhousie,3,5,1,4323
dalhousie,3,5,1,3373
dalhousie,3,5,1,3890
dalhousie,3,5,1,4117
dalhousie,3,5,1,4135
dalhousie,3,5,1,3962
dalhousie,3,5,1,3456
dalhousie,3,5,1,4182
dalhousie,3,5,1,4093
dalhousie,3,5,1,3363
dalhousie,3,6,1,3798
dalhousie,3,6,1,3464
dalhousie,3,6,1,3652
dalhousie,3,6,1,3284
dalhousie,3,6,1,3725
dalhousie,3,6,1,3897
dalhousie,3,6,1,3977
dalhousie,3,6,1,4028
dalhousie,3,6,1,4227
dalhousie,3,6,1,3512
dalhousie,3,6,1,3402
dalhousie,3,6,1,4244
dalhousie,3,6,1,3444
dalhousie,3,6,1,4386
dalhousie,3,6,1,4234
dalhousie,3,6,1,3841
dalhousie,3,6,1,4394
dalhousie,3,6,1,3376
dalhousie,3,6,1,3613
dalhousie,3,6,1,3999
dalhousie,3,6,1,3667
dalhousie,3,6,1,4333
dalhousie,3,6,1,3339
dalhousie,3,6,1,3896
dalhousie,3,6,1,3944
dalhousie,3,6,1,4015
dalhousie,3,6,1,3558
dalhousie,3,6,1,3683
dalhousie,3,6,1,4235
dalhousie,3,6,1,3488
dalhousie,3,6,1,4216
dalhousie,3,6,1,3912
dalhousie,3,6,1,4142
dalhousie,3,6,1,4086
dalhousie,3,6,1,3503
dalhousie,3,6,1,3919
dalhousie,3,6,1,4263
dalhousie,3,6,1,3761
dalhousie,3,6,1,4377
dalhousie,3,6,1,3784
dalhousie,3,6,1,3428
dalhousie,3,6,1,3712
dalhousie,3,6,1,4360
dalhousie,3,6,1,3632
dalhousie,3,6,1,4264
dalhousie,3,6,1,4279
dalhousie,3,6,1,3667
dalhousie,3,6,1,3359
dalhousie,3,6,1,4098
dalhousie,3,6,1,3622
dalhousie,3,7,1,1952
dalhousie,3,7,1,1769
dalhousie,3,7,1,1792
dalhousie,3,7,1,1950
dalhousie,3,7,1,1736
dalhousie,3,7,1,1769
dalhousie,3,7,1,1733
dalhousie,3,7,1,1728
dalhousie,3,7,1,1814
dalhousie,3,7,1,1966
dalhousie,3,7,1,1725
dalhousie,3,7,1,1813
dalhousie,3,7,1,1892
dalhousie,3,7,1,1675
dalhousie,3,7,1,1679
dalhousie,3,7,1,2034
dalhousie,3,7,1,1920
dalhousie,3,7,1,1841
dalhousie,3,7,1,1879
dalhousie,3,7,1,1545
dalhousie,3,7,1,1863
dalhousie,3,7,1,1805
dalhousie,3,7,1,1824
dalhousie,3,7,1,1724
dalhousie,3,7,1,1573
dalhousie,3,7,1,1634
dalhousie,3,7,1,2043
dalhousie,3,7,1,1750
dalhousie,3,7,1,1782
dalhousie,3,7,1,1558
dalhousie,3,7,1,1550
dalhousie,3,7,1,1917
dalhousie,3,7,1,1820
dalhousie,3,7,1,1804
dalhousie,3,7,1,1661
dalhousie,3,7,1,1932
dalhousie,3,7,1,1620
dalhousie,3,7,1,1632
dalhousie,3,7,1,1778
dalhousie,3,7,1,1684
dalhousie,3,7,1,1663
dalhousie,3,7,1,1878
dalhousie,3,7,1,1881
dalhousie,3,7,1,1975
dalhousie,3,7,1,1755
dalhousie,3,7,1,1569
dalhousie,3,7,1,1677
dalhousie,3,7,1,2059
dalhousie,3,7,1,1851
dalhousie,3,7,1,1913
dalhousie,3,8,1,1533
dalhousie,3,8,1,1809
dalhousie,3,8,1,1550
dalhousie,3,8,1,1837
dalhousie,3,8,1,2027
dalhousie,3,8,1,2052
dalhousie,3,8,1,1821
dalhousie,3,8,1,1777
dalhousie,3,8,1,2040
dalhousie,3,8,1,1893
dalhousie,3,8,1,1565
dalhousie,3,8,1,1781
dalhousie,3,8,1,1659
dalhousie,3,8,1,1783
dalhousie,3,8,1,1775
dalhousie,3,8,1,1844
dalhousie,3,8,1,1722
dalhousie,3,8,1,1618
dalhousie,3,8,1,1802
dalhousie,3,8,1,1978
dalhousie,3,8,1,1888
dalhousie,3,8,1,1712
dalhousie,3,8,1,2035
dalhousie,3,8,1,2022
dalhousie,3,8,1,1643
dalhousie,3,8,1,1551
dalhousie,3,8,1,1930
dalhousie,3,8,1,1976
dalhousie,3,8,1,2052
dalhousie,3,8,1,2010
dalhousie,3,8,1,1854
dalhousie,3,8,1,1816
dalhousie,3,8,1,1545
dalhousie,3,8,1,1663
dalhousie,3,8,1,1778
dalhousie,3,8,1,1869
dalhousie,3,8,1,1830
dalhousie,3,8,1,1931
dalhousie,3,8,1,1681
dalhousie,3,8,1,1835
dalhousie,3,8,1,1577
dalhousie,3,8,1,1753
dalhousie,3,8,1,1935
dalhousie,3,8,1,1904
dalhousie,3,8,1,2064
dalhousie,3,8,1,1680
dalhousie,3,8,1,1799
dalhousie,3,8,1,1707
dalhousie,3,8,1,1767
dalhousie,3,8,1,1992
dalhousie,3,9,1,2532
dalhousie,3,9,1,2675
dalhousie,3,9,1,2186
dalhousie,3,9,1,2668
dalhousie,3,9,1,2083
dalhousie,3,9,1,2679
dalhousie,3,9,1,2276
dalhousie,3,9,1,2266
dalhousie,3,9,1,2408
dalhousie,3,9,1,2717
dalhousie,3,9,1,2074
dalhousie,3,9,1,2293
dalhousie,3,9,1,2656
dalhousie,3,9,1,2325
dalhousie,3,9,1,2183
dalhousie,3,9,1,2345
dalhousie,3,9,1,2317
dalhousie,3,9,1,2699
dalhousie,3,9,1,2588
dalhousie,3,9,1,2403
dalhousie,3,9,1,2751
dalhousie,3,9,1,2374
dalhousie,3,9,1,2081
dalhousie,3,9,1,2228
dalhousie,3,9,1,2353
dalhousie,3,9,1,2152
dalhousie,3,9,1,2722
dalhousie,3,9,1,2592
dalhousie,3,9,1,2233
dalhousie,3,9,1,2465
dalhousie,3,9,1,2559
dalhousie,3,9,1,2717
dalhousie,3,9,1,2674
dalhousie,3,9,1,2410
dalhousie,3,9,1,2597
dalhousie,3,9,1,2444
dalhousie,3,9,1,2437
dalhousie,3,9,1,2122
dalhousie,3,9,1,2130
dalhousie,3,9,1,2421
dalhousie,3,9,1,2233
dalhousie,3,9,1,2055
dalhousie,3,9,1,2560
dalhousie,3,9,1,2063
dalhousie,3,9,1,2468
dalhousie,3,9,1,2428
dalhousie,3,9,1,2737
dalhousie,3,9,1,2388
dalhousie,3,9,1,2085
dalhousie,3,9,1,2437
dalhousie,3,10,1,2645
dalhousie,3,10,1,2757
dalhousie,3,10,1,2349
dalhousie,3,10,1,2270
dalhousie,3,10,1,2692
dalhousie,3,10,1,2177
dalhousie,3,10,1,2483
dalhousie,3,10,1,2332
dalhousie,3,10,1,2069
dalhousie,3,10,1,2290
dalhousie,3,10,1,2230
dalhousie,3,10,1,2533
dalhousie,3,10,1,2723
dalhousie,3,10,1,2232
dalhousie,3,10,1,2624
dalhousie,3,10,1,2079
dalhousie,3,10,1,2427
dalhousie,3,10,1,2090
dalhousie,3,10,1,2712
dalhousie,3,10,1,2591
dalhousie,3,10,1,2513
dalhousie,3,10,1,2633
dalhousie,3,10,1,2506
dalhousie,3,10,1,2737
dalhousie,3,10,1,2554
dalhousie,3,10,1,2705
dalhousie,3,10,1,2412
dalhousie,3,10,1,2124
dalhousie,3,10,1,2420
dalhousie,3,10,1,2131
dalhousie,3,10,1,2466
dalhousie,3,10,1,2387
dalhousie,3,10,1,2488
dalhousie,3,10,1,2047
dalhousie,3,10,1,2180
dalhousie,3,10,1,2393
dalhousie,3,10,1,2724
dalhousie,3,10,1,2316
dalhousie,3,10,1,2345
dalhousie,3,10,1,2554
dalhousie,3,10,1,2474
dalhousie,3,10,1,2255
dalhousie,3,10,1,2335
dalhousie,3,10,1,2196
dalhousie,3,10,1,2735
dalhousie,3,10,1,2134
dalhousie,3,10,1,2307
dalhousie,3,10,1,2058
dalhousie,3,10,1,2199
dalhousie,3,10,1,2601
dalhousie,3,11,1,2184
dalhousie,3,11,1,2097
dalhousie,3,11,1,2381
dalhousie,3,11,1,2047
dalhousie,3,11,1,2101
dalhousie,3,11,1,2621
dalhousie,3,11,1,2595
dalhousie,3,11,1,2698
dalhousie,3,11,1,2655
dalhousie,3,11,1,2531
dalhousie,3,11,1,2077
dalhousie,3,11,1,2603
dalhousie,3,11,1,2648
dalhousie,3,11,1,2615
dalhousie,3,11,1,2406
dalhousie,3,11,1,2207
dalhousie,3,11,1,2648
dalhousie,3,11,1,2563
dalhousie,3,11,1,2746
dalhousie,3,11,1,2152
dalhousie,3,11,1,2202
dalhousie,3,11,1,2192
dalhousie,3,11,1,2610
dalhousie,3,11,1,2174
dalhousie,3,11,1,2087
dalhousie,3,11,1,2758
dalhousie,3,11,1,2057
dalhousie,3,11,1,2641
dalhousie,3,11,1,2303
dalhousie,3,11,1,2645
dalhousie,3,11,1,2439
dalhousie,3,11,1,2689
dalhousie,3,11,1,2706
dalhousie,3,11,1,2046
dalhousie,3,11,1,2094
dalhousie,3,11,1,2220
dalhousie,3,11,1,2521
dalhousie,3,11,1,2679
dalhousie,3,11,1,2371
dalhousie,3,11,1,2477
dalhousie,3,11,1,2175
dalhousie,3,11,1,2619
dalhousie,3,11,1,2736
dalhousie,3,11,1,2233
dalhousie,3,11,1,2396
dalhousie,3,11,1,2102
dalhousie,3,11,1,2442
dalhousie,3,11,1,2402
dalhousie,3,11,1,2143
dalhousie,3,11,1,2358
dalhousie,3,12,1,3192
dalhousie,3,12,1,3382
dalhousie,3,12,1,3446
dalhousie,3,12,1,2864
dalhousie,3,12,1,3623
dalhousie,3,12,1,3574
dalhousie,3,12,1,3225
dalhousie,3,12,1,2909
dalhousie,3,12,1,3616
dalhousie,3,12,1,3818
dalhousie,3,12,1,3098
dalhousie,3,12,1,3182
dalhousie,3,12,1,3041
dalhousie,3,12,1,3437
dalhousie,3,12,1,3012
dalhousie,3,12,1,3215
dalhousie,3,12,1,3558
dalhousie,3,12,1,3420
dalhousie,3,12,1,3245
dalhousie,3,12,1,3279
dalhousie,3,12,1,3422
dalhousie,3,12,1,2861
dalhousie,3,12,1,2935
dalhousie,3,12,1,3744
dalhousie,3,12,1,2934
dalhousie,3,12,1,3568
dalhousie,3,12,1,3783
dalhousie,3,12,1,3128
dalhousie,3,12,1,3229
dalhousie,3,12,1,3429
dalhousie,3,12,1,3744
dalhousie,3,12,1,3805
dalhousie,3,12,1,3601
dalhousie,3,12,1,2943
dalhousie,3,12,1,3530
dalhousie,3,12,1,3269
dalhousie,3,12,1,3330
dalhousie,3,12,1,2905
dalhousie,3,12,1,3048
dalhousie,3,12,1,3652
dalhousie,3,12,1,3313
dalhousie,3,12,1,3160
dalhousie,3,12,1,3243
dalhousie,3,12,1,3717
dalhousie,3,12,1,3610
dalhousie,3,12,1,3130
dalhousie,3,12,1,2974
dalhousie,3,12,1,3110
dalhousie,3,12,1,3784
dalhousie,3,12,1,3442
dalhousie,3,1,2,8484
dalhousie,3,1,2,8642
dalhousie,3,1,2,8062
dalhousie,3,1,2,9173
dalhousie,3,1,2,8458
dalhousie,3,1,2,7434
dalhousie,3,1,2,7465
dalhousie,3,1,2,8492
dalhousie,3,1,2,9500
dalhousie,3,1,2,7917
dalhousie,3,1,2,9331
dalhousie,3,1,2,9065
dalhousie,3,1,2,7764
dalhousie,3,1,2,7231
dalhousie,3,1,2,7396
dalhousie,3,1,2,8975
dalhousie,3,1,2,7643
dalhousie,3,1,2,8075
dalhousie,3,1,2,8404
dalhousie,3,1,2,8968
dalhousie,3,1,2,7425
dalhousie,3,1,2,8164
dalhousie,3,1,2,8362
dalhousie,3,1,2,8502
dalhousie,3,1,2,9202
dalhousie,3,1,2,7572
dalhousie,3,1,2,9175
dalhousie,3,1,2,8886
dalhousie,3,1,2,8540
dalhousie,3,1,2,8902
dalhousie,3,1,2,8178
dalhousie,3,1,2,7488
dalhousie,3,1,2,8817
dalhousie,3,1,2,8462
dalhousie,3,1,2,8751
dalhousie,3,1,2,7991
dalhousie,3,1,2,9425
dalhousie,3,1,2,8620
dalhousie,3,1,2,7355
dalhousie,3,1,2,8273
dalhousie,3,1,2,9046
dalhousie,3,1,2,9141
dalhousie,3,1,2,8386
dalhousie,3,1,2,9394
dalhousie,3,1,2,7814
dalhousie,3,1,2,8174
dalhousie,3,1,2,9404
dalhousie,3,1,2,9398
dalhousie,3,1,2,8867
dalhousie,3,1,2,9304
dalhousie,3,2,2,5259
dalhousie,3,2,2,6656
dalhousie,3,2,2,5677
dalhousie,3,2,2,5420
dalhousie,3,2,2,5530
dalhousie,3,2,2,5852
dalhousie,3,2,2,5552
dalhousie,3,2,2,5677
dalhousie,3,2,2,5342
dalhousie,3,2,2,5633
dalhousie,3,2,2,6130
dalhousie,3,2,2,5895
dalhousie,3,2,2,5724
dalhousie,3,2,2,6443
dalhousie,3,2,2,6708
dalhousie,3,2,2,6462
dalhousie,3,2,2,5697
dalhousie,3,2,2,6439
dalhousie,3,2,2,5373
dalhousie,3,2,2,5334
dalhousie,3,2,2,5722
dalhousie,3,2,2,6553
dalhousie,3,2,2,5543
dalhousie,3,2,2,5213
dalhousie,3,2,2,5337
dalhousie,3,2,2,6645
dalhousie,3,2,2,6240
dalhousie,3,2,2,5555
dalhousie,3,2,2,6099
dalhousie,3,2,2,6049
dalhousie,3,2,2,6279
dalhousie,3,2,2,5519
dalhousie,3,2,2,6655
dalhousie,3,2,2,5656
dalhousie,3,2,2,6349
dalhousie,3,2,2,5129
dalhousie,3,2,2,5770
dalhousie,3,2,2,5733
dalhousie,3,2,2,6078
dalhousie,3,2,2,5230
dalhousie,3,2,2,6522
dalhousie,3,2,2,5492
dalhousie,3,2,2,6318
dalhousie,3,2,2,6545
dalhousie,3,2,2,6111
dalhousie,3,2,2,6433
dalhousie,3,2,2,6291
dalhousie,3,2,2,5739
dalhousie,3,2,2,6555
dalhousie,3,2,2,5630
dalhousie,3,3,2,6128
dalhousie,3,3,2,6441
dalhousie,3,3,2,5782
dalhousie,3,3,2,5644
dalhousie,3,3,2,5926
dalhousie,3,3,2,6572
dalhousie,3,3,2,6773
dalhousie,3,3,2,6081
dalhousie,3,3,2,6290
dalhousie,3,3,2,6725
dalhousie,3,3,2,5277
dalhousie,3,3,2,5517
dalhousie,3,3,2,6376
dalhousie,3,3,2,6582
dalhousie,3,3,2,6642
dalhousie,3,3,2,5847
dalhousie,3,3,2,5260
dalhousie,3,3,2,5888
dalhousie,3,3,2,5515
dalhousie,3,3,2,5624
dalhousie,3,3,2,6490
dalhousie,3,3,2,5235
dalhousie,3,3,2,6589
dalhousie,3,3,2,5869
dalhousie,3,3,2,6172
dalhousie,3,3,2,5261
dalhousie,3,3,2,5707
dalhousie,3,3,2,5261
dalhousie,3,3,2,6830
dalhousie,3,3,2,6553
dalhousie,3,3,2,5927
dalhousie,3,3,2,5502
dalhousie,3,3,2,6780
dalhousie,3,3,2,5720
dalhousie,3,3,2,5389
dalhousie,3,3,2,6113
dalhousie,3,3,2,6798
dalhousie,3,3,2,5106
dalhousie,3,3,2,5528
dalhousie,3,3,2,6789
dalhousie,3,3,2,5407
dalhousie,3,3,2,5303
dalhousie,3,3,2,6126
dalhousie,3,3,2,6651
dalhousie,3,3,2,5958
dalhousie,3,3,2,6890
dalhousie,3,3,2,6322
dalhousie,3,3,2,5233
dalhousie,3,3,2,6887
dalhousie,3,3,2,5834
dalhousie,3,4,2,5617
dalhousie,3,4,2,6104
dalhousie,3,4,2,5647
dalhousie,3,4,2,5255
dalhousie,3,4,2,5102
dalhousie,3,4,2,5909
dalhousie,3,4,2,6606
dalhousie,3,4,2,6130
dalhousie,3,4,2,6898
dalhousie,3,4,2,5616
dalhousie,3,4,2,5604
dalhousie,3,4,2,5387
dalhousie,3,4,2,5395
dalhousie,3,4,2,5613
dalhousie,3,4,2,6527
dalhousie,3,4,2,6730
dalhousie,3,4,2,6855
dalhousie,3,4,2,5518
dalhousie,3,4,2,6686
dalhousie,3,4,2,5690
dalhousie,3,4,2,5303
dalhousie,3,4,2,6666
dalhousie,3,4,2,6244
dalhousie,3,4,2,5396
dalhousie,3,4,2,5873
dalhousie,3,4,2,5617
dalhousie,3,4,2,6426
dalhousie,3,4,2,5916
dalhousie,3,4,2,6880
dalhousie,3,4,2,5198
dalhousie,3,4,2,5739
dalhousie,3,4,2,5967
dalhousie,3,4,2,6005
dalhousie,3,4,2,5668
dalhousie,3,4,2,6412
dalhousie,3,4,2,6674
dalhousie,3,4,2,6789
dalhousie,3,4,2,6549
dalhousie,3,4,2,6631
dalhousie,3,4,2,6090
dalhousie,3,4,2,6586
dalhousie,3,4,2,5646
dalhousie,3,4,2,5817
dalhousie,3,4,2,5670
dalhousie,3,4,2,5941
dalhousie,3,4,2,5614
dalhousie,3,4,2,6830
dalhousie,3,4,2,5663
dalhousie,3,4,2,5276
dalhousie,3,4,2,6048
dalhousie,3,5,2,8324
dalhousie,3,5,2,8478
dalhousie,3,5,2,8791
dalhousie,3,5,2,9497
dalhousie,3,5,2,9407
dalhousie,3,5,2,10463
dalhousie,3,5,2,10289
dalhousie,3,5,2,9387
dalhousie,3,5,2,9121
dalhousie,3,5,2,9071
dalhousie,3,5,2,10389
dalhousie,3,5,2,8309
dalhousie,3,5,2,8196
dalhousie,3,5,2,10451
dalhousie,3,5,2,9534
dalhousie,3,5,2,8536
dalhousie,3,5,2,8838
dalhousie,3,5,2,10845
dalhousie,3,5,2,10635
dalhousie,3,5,2,10204
dalhousie,3,5,2,9548
dalhousie,3,5,2,9658
dalhousie,3,5,2,10968
dalhousie,3,5,2,10941
dalhousie,3,5,2,8779
dalhousie,3,5,2,10495
dalhousie,3,5,2,8728
dalhousie,3,5,2,8774
dalhousie,3,5,2,10107
dalhousie,3,5,2,9326
dalhousie,3,5,2,10842
dalhousie,3,5,2,8416
dalhousie,3,5,2,9633
dalhousie,3,5,2,10805
dalhousie,3,5,2,10763
dalhousie,3,5,2,8610
dalhousie,3,5,2,9215
dalhousie,3,5,2,9943
dalhousie,3,5,2,8619
dalhousie,3,5,2,10947
dalhousie,3,5,2,10794
dalhousie,3,5,2,8640
dalhousie,3,5,2,8508
dalhousie,3,5,2,8405
dalhousie,3,5,2,10779
dalhousie,3,5,2,8717
dalhousie,3,5,2,9358
dalhousie,3,5,2,9452
dalhousie,3,5,2,9885
dalhousie,3,5,2,8366
dalhousie,3,6,2,8813
dalhousie,3,6,2,10842
dalhousie,3,6,2,10776
dalhousie,3,6,2,10410
dalhousie,3,6,2,8215
dalhousie,3,6,2,9101
dalhousie,3,6,2,9968
dalhousie,3,6,2,8952
dalhousie,3,6,2,10779
dalhousie,3,6,2,9985
dalhousie,3,6,2,8367
dalhousie,3,6,2,10777
dalhousie,3,6,2,10918
dalhousie,3,6,2,8383
dalhousie,3,6,2,9693
dalhousie,3,6,2,9033
dalhousie,3,6,2,9291
dalhousie,3,6,2,8677
dalhousie,3,6,2,9824
dalhousie,3,6,2,10918
dalhousie,3,6,2,9608
dalhousie,3,6,2,8398
dalhousie,3,6,2,9945
dalhousie,3,6,2,9139
dalhousie,3,6,2,10625
dalhousie,3,6,2,9411
dalhousie,3,6,2,8715
dalhousie,3,6,2,8710
dalhousie,3,6,2,10374
dalhousie,3,6,2,8924
dalhousie,3,6,2,10369
dalhousie,3,6,2,8752
dalhousie,3,6,2,9086
dalhousie,3,6,2,9500
dalhousie,3,6,2,10876
dalhousie,3,6,2,10843
dalhousie,3,6,2,8755
dalhousie,3,6,2,9191
dalhousie,3,6,2,8590
dalhousie,3,6,2,9628
dalhousie,3,6,2,9486
dalhousie,3,6,2,10754
dalhousie,3,6,2,10838
dalhousie,3,6,2,9264
dalhousie,3,6,2,9576
dalhousie,3,6,2,10741
dalhousie,3,6,2,10483
dalhousie,3,6,2,8170
dalhousie,3,6,2,9081
dalhousie,3,6,2,9374
dalhousie,3,7,2,4135
dalhousie,3,7,2,4094
dalhousie,3,7,2,3876
dalhousie,3,7,2,4693
dalhousie,3,7,2,4179
dalhousie,3,7,2,3895
dalhousie,3,7,2,4136
dalhousie,3,7,2,4907
dalhousie,3,7,2,4974
dalhousie,3,7,2,4477
dalhousie,3,7,2,4386
dalhousie,3,7,2,5145
dalhousie,3,7,2,4095
dalhousie,3,7,2,4115
dalhousie,3,7,2,4219
dalhousie,3,7,2,4058
dalhousie,3,7,2,4337
dalhousie,3,7,2,5054
dalhousie,3,7,2,4655
dalhousie,3,7,2,4381
dalhousie,3,7,2,5086
dalhousie,3,7,2,3890
dalhousie,3,7,2,4108
dalhousie,3,7,2,4588
dalhousie,3,7,2,4655
dalhousie,3,7,2,3878
dalhousie,3,7,2,4369
dalhousie,3,7,2,4701
dalhousie,3,7,2,4767
dalhousie,3,7,2,4686
dalhousie,3,7,2,4257
dalhousie,3,7,2,3951
dalhousie,3,7,2,4401
dalhousie,3,7,2,3998
dalhousie,3,7,2,5104
dalhousie,3,7,2,4466
dalhousie,3,7,2,4253
dalhousie,3,7,2,4859
dalhousie,3,7,2,4497
dalhousie,3,7,2,4243
dalhousie,3,7,2,4921
dalhousie,3,7,2,4995
dalhousie,3,7,2,4733
dalhousie,3,7,2,3888
dalhousie,3,7,2,4589
dalhousie,3,7,2,4855
dalhousie,3,7,2,4009
dalhousie,3,7,2,4133
dalhousie,3,7,2,5016
dalhousie,3,7,2,3852
dalhousie,3,8,2,4841
dalhousie,3,8,2,4464
dalhousie,3,8,2,4428
dalhousie,3,8,2,3834
dalhousie,3,8,2,4931
dalhousie,3,8,2,4310
dalhousie,3,8,2,4555
dalhousie,3,8,2,4739
dalhousie,3,8,2,4773
dalhousie,3,8,2,5115
dalhousie,3,8,2,4542
dalhousie,3,8,2,4364
dalhousie,3,8,2,5112
dalhousie,3,8,2,4691
dalhousie,3,8,2,4227
dalhousie,3,8,2,3995
dalhousie,3,8,2,4962
dalhousie,3,8,2,4313
dalhousie,3,8,2,4716
dalhousie,3,8,2,4460
dalhousie,3,8,2,4093
dalhousie,3,8,2,4637
dalhousie,3,8,2,3906
dalhousie,3,8,2,4383
dalhousie,3,8,2,4562
dalhousie,3,8,2,4413
dalhousie,3,8,2,4835
dalhousie,3,8,2,4942
dalhousie,3,8,2,4866
dalhousie,3,8,2,3877
dalhousie,3,8,2,4087
dalhousie,3,8,2,4549
dalhousie,3,8,2,5087
dalhousie,3,8,2,4952
dalhousie,3,8,2,4962
dalhousie,3,8,2,4234
dalhousie,3,8,2,4404
dalhousie,3,8,2,4460
dalhousie,3,8,2,4037
dalhousie,3,8,2,3866
dalhousie,3,8,2,5103
dalhousie,3,8,2,4149
dalhousie,3,8,2,4148
dalhousie,3,8,2,3937
dalhousie,3,8,2,5078
dalhousie,3,8,2,4607
dalhousie,3,8,2,4725
dalhousie,3,8,2,5055
dalhousie,3,8,2,4291
dalhousie,3,8,2,4664
dalhousie,3,9,2,5169
dalhousie,3,9,2,5436
dalhousie,3,9,2,6596
dalhousie,3,9,2,6480
dalhousie,3,9,2,5731
dalhousie,3,9,2,5778
dalhousie,3,9,2,6060
dalhousie,3,9,2,5100
dalhousie,3,9,2,5534
dalhousie,3,9,2,5474
dalhousie,3,9,2,5550
dalhousie,3,9,2,6550
dalhousie,3,9,2,5603
dalhousie,3,9,2,5444
dalhousie,3,9,2,6007
dalhousie,3,9,2,6658
dalhousie,3,9,2,5534
dalhousie,3,9,2,5241
dalhousie,3,9,2,5741
dalhousie,3,9,2,6445
dalhousie,3,9,2,6091
dalhousie,3,9,2,6570
dalhousie,3,9,2,6827
dalhousie,3,9,2,6526
dalhousie,3,9,2,6186
dalhousie,3,9,2,5988
dalhousie,3,9,2,5172
dalhousie,3,9,2,6871
dalhousie,3,9,2,5790
dalhousie,3,9,2,5374
dalhousie,3,9,2,6300
dalhousie,3,9,2,5611
dalhousie,3,9,2,6154
dalhousie,3,9,2,6156
dalhousie,3,9,2,5902
dalhousie,3,9,2,6605
dalhousie,3,9,2,5576
dalhousie,3,9,2,5907
dalhousie,3,9,2,6067
dalhousie,3,9,2,6294
dalhousie,3,9,2,6511
dalhousie,3,9,2,5810
dalhousie,3,9,2,6262
dalhousie,3,9,2,5371
dalhousie,3,9,2,6778
dalhousie,3,9,2,5789
dalhousie,3,9,2,6413
dalhousie,3,9,2,5136
dalhousie,3,9,2,5469
dalhousie,3,9,2,5976
dalhousie,3,10,2,6680
dalhousie,3,10,2,6049
dalhousie,3,10,2,6773
dalhousie,3,10,2,5970
dalhousie,3,10,2,5982
dalhousie,3,10,2,5315
dalhousie,3,10,2,6544
dalhousie,3,10,2,5544
dalhousie,3,10,2,6719
dalhousie,3,10,2,6739
dalhousie,3,10,2,6797
dalhousie,3,10,2,6036
dalhousie,3,10,2,6318
dalhousie,3,10,2,6501
dalhousie,3,10,2,5335
dalhousie,3,10,2,6181
dalhousie,3,10,2,5161
dalhousie,3,10,2,5995
dalhousie,3,10,2,5378
dalhousie,3,10,2,5429
dalhousie,3,10,2,5757
dalhousie,3,10,2,5878
dalhousie,3,10,2,6221
dalhousie,3,10,2,5233
dalhousie,3,10,2,6006
dalhousie,3,10,2,5428
dalhousie,3,10,2,6133
dalhousie,3,10,2,6247
dalhousie,3,10,2,6102
dalhousie,3,10,2,6428
dalhousie,3,10,2,5704
dalhousie,3,10,2,6477
dalhousie,3,10,2,5878
dalhousie,3,10,2,5971
dalhousie,3,10,2,6266
dalhousie,3,10,2,5133
dalhousie,3,10,2,6277
dalhousie,3,10,2,6213
dalhousie,3,10,2,5657
dalhousie,3,10,2,5254
dalhousie,3,10,2,5263
dalhousie,3,10,2,6761
dalhousie,3,10,2,6340
dalhousie,3,10,2,5328
dalhousie,3,10,2,5742
dalhousie,3,10,2,6166
dalhousie,3,10,2,6604
dalhousie,3,10,2,5178
dalhousie,3,10,2,5525
dalhousie,3,10,2,6701
dalhousie,3,11,2,5116
dalhousie,3,11,2,5462
dalhousie,3,11,2,6826
dalhousie,3,11,2,6204
dalhousie,3,11,2,5571
dalhousie,3,11,2,5220
dalhousie,3,11,2,5150
dalhousie,3,11,2,5540
dalhousie,3,11,2,6686
dalhousie,3,11,2,5848
dalhousie,3,11,2,6396
dalhousie,3,11,2,6752
dalhousie,3,11,2,5834
dalhousie,3,11,2,5444
dalhousie,3,11,2,6030
dalhousie,3,11,2,6734
dalhousie,3,11,2,6547
dalhousie,3,11,2,5218
dalhousie,3,11,2,6346
dalhousie,3,11,2,6129
dalhousie,3,11,2,6733
dalhousie,3,11,2,5320
dalhousie,3,11,2,6061
dalhousie,3,11,2,6683
dalhousie,3,11,2,5838
dalhousie,3,11,2,5967
dalhousie,3,11,2,5226
dalhousie,3,11,2,5600
dalhousie,3,11,2,5684
dalhousie,3,11,2,6801
dalhousie,3,11,2,5608
dalhousie,3,11,2,5929
dalhousie,3,11,2,6308
dalhousie,3,11,2,5391
dalhousie,3,11,2,5975
dalhousie,3,11,2,6429
dalhousie,3,11,2,6660
dalhousie,3,11,2,6227
dalhousie,3,11,2,6304
dalhousie,3,11,2,5327
dalhousie,3,11,2,6802
dalhousie,3,11,2,5338
dalhousie,3,11,2,6494
dalhousie,3,11,2,5576
dalhousie,3,11,2,6780
dalhousie,3,11,2,6395
dalhousie,3,11,2,6456
dalhousie,3,11,2,5494
dalhousie,3,11,2,5897
dalhousie,3,11,2,6212
dalhousie,3,12,2,9080
dalhousie,3,12,2,7401
dalhousie,3,12,2,9565
dalhousie,3,12,2,9383
dalhousie,3,12,2,7821
dalhousie,3,12,2,9213
dalhousie,3,12,2,8446
dalhousie,3,12,2,8303
dalhousie,3,12,2,7932
dalhousie,3,12,2,8604
dalhousie,3,12,2,8979
dalhousie,3,12,2,8175
dalhousie,3,12,2,8725
dalhousie,3,12,2,8902
dalhousie,3,12,2,8932
dalhousie,3,12,2,7270
dalhousie,3,12,2,9306
dalhousie,3,12,2,8294
dalhousie,3,12,2,7801
dalhousie,3,12,2,7749
dalhousie,3,12,2,8357
dalhousie,3,12,2,9374
dalhousie,3,12,2,8093
dalhousie,3,12,2,9029
dalhousie,3,12,2,7383
dalhousie,3,12,2,8339
dalhousie,3,12,2,9639
dalhousie,3,12,2,9081
dalhousie,3,12,2,7670
dalhousie,3,12,2,8403
dalhousie,3,12,2,7728
dalhousie,3,12,2,8172
dalhousie,3,12,2,9105
dalhousie,3,12,2,9083
dalhousie,3,12,2,7714
dalhousie,3,12,2,9464
dalhousie,3,12,2,8633
dalhousie,3,12,2,8097
dalhousie,3,12,2,8404
dalhousie,3,12,2,8664
dalhousie,3,12,2,8550
dalhousie,3,12,2,8365
dalhousie,3,12,2,8412
dalhousie,3,12,2,7584
dalhousie,3,12,2,9188
dalhousie,3,12,2,8505
dalhousie,3,12,2,7470
dalhousie,3,12,2,9070
dalhousie,3,12,2,9489
dalhousie,3,12,2,9527
kaza,4,1,0,1479
kaza,4,1,0,1371
kaza,4,1,0,1548
kaza,4,1,0,1361
kaza,4,1,0,1740
kaza,4,1,0,1393
kaza,4,1,0,1425
kaza,4,1,0,1496
kaza,4,1,0,1486
kaza,4,1,0,1676
kaza,4,1,0,1519
kaza,4,1,0,1387
kaza,4,1,0,1432
kaza,4,1,0,1544
kaza,4,1,0,1377
kaza,4,1,0,1591
kaza,4,1,0,1570
kaza,4,1,0,1639
kaza,4,1,0,1742
kaza,4,1,0,1730
kaza,4,1,0,1746
kaza,4,1,0,1422
kaza,4,1,0,1369
kaza,4,1,0,1448
kaza,4,1,0,1722
kaza,4,1,0,1758
kaza,4,1,0,1706
kaza,4,1,0,1359
kaza,4,1,0,1746
kaza,4,1,0,1504
kaza,4,1,0,1313
kaza,4,1,0,1513
kaza,4,1,0,1330
kaza,4,1,0,1560
kaza,4,1,0,1465
kaza,4,1,0,1527
kaza,4,1,0,1592
kaza,4,1,0,1710
kaza,4,1,0,1614
kaza,4,1,0,1509
kaza,4,1,0,1687
kaza,4,1,0,1727
kaza,4,1,0,1364
kaza,4,1,0,1554
kaza,4,1,0,1440
kaza,4,1,0,1330
kaza,4,1,0,1617
kaza,4,1,0,1707
kaza,4,1,0,1384
kaza,4,1,0,1684
kaza,4,2,0,1216
kaza,4,2,0,1236
kaza,4,2,0,1022
kaza,4,2,0,1233
kaza,4,2,0,1040
kaza,4,2,0,1117
kaza,4,2,0,951
kaza,4,2,0,949
kaza,4,2,0,1172
kaza,4,2,0,1081
kaza,4,2,0,1019
kaza,4,2,0,997
kaza,4,2,0,1156
kaza,4,2,0,935
kaza,4,2,0,1200
kaza,4,2,0,961
kaza,4,2,0,998
kaza,4,2,0,1062
kaza,4,2,0,1095
kaza,4,2,0,1052
kaza,4,2,0,1040
kaza,4,2,0,1253
kaza,4,2,0,1146
kaza,4,2,0,942
kaza,4,2,0,1076
kaza,4,2,0,1223
kaza,4,2,0,1034
kaza,4,2,0,966
kaza,4,2,0,1185
kaza,4,2,0,1134
kaza,4,2,0,1123
kaza,4,2,0,952
kaza,4,2,0,981
kaza,4,2,0,1140
kaza,4,2,0,1003
kaza,4,2,0,1101
kaza,4,2,0,1114
kaza,4,2,0,1028
kaza,4,2,0,1247
kaza,4,2,0,1213
kaza,4,2,0,1173
kaza,4,2,0,960
kaza,4,2,0,970
kaza,4,2,0,1097
kaza,4,2,0,988
kaza,4,2,0,1257
kaza,4,2,0,987
kaza,4,2,0,1095
kaza,4,2,0,1055
kaza,4,2,0,1145
kaza,4,3,0,977
kaza,4,3,0,1077
kaza,4,3,0,1025
kaza,4,3,0,1227
kaza,4,3,0,948
kaza,4,3,0,1236
kaza,4,3,0,1209
kaza,4,3,0,1033
kaza,4,3,0,1195
kaza,4,3,0,945
kaza,4,3,0,1254
kaza,4,3,0,1108
kaza,4,3,0,1035
kaza,4,3,0,1054
kaza,4,3,0,956
kaza,4,3,0,1261
kaza,4,3,0,947
kaza,4,3,0,1151
kaza,4,3,0,1081
kaza,4,3,0,1248
kaza,4,3,0,1016
kaza,4,3,0,1110
kaza,4,3,0,1094
kaza,4,3,0,1166
kaza,4,3,0,957
kaza,4,3,0,998
kaza,4,3,0,1005
kaza,4,3,0,1178
kaza,4,3,0,997
kaza,4,3,0,1124
kaza,4,3,0,1006
kaza,4,3,0,1219
kaza,4,3,0,1245
kaza,4,3,0,1106
kaza,4,3,0,1051
kaza,4,3,0,1012
kaza,4,3,0,951
kaza,4,3,0,1023
kaza,4,3,0,1150
kaza,4,3,0,1111
kaza,4,3,0,1246
kaza,4,3,0,1065
kaza,4,3,0,1163
kaza,4,3,0,1096
kaza,4,3,0,1104
kaza,4,3,0,1023
kaza,4,3,0,1085
kaza,4,3,0,1090
kaza,4,3,0,1168
kaza,4,3,0,1245
kaza,4,4,0,1043
kaza,4,4,0,948
kaza,4,4,0,1098
kaza,4,4,0,1114
kaza,4,4,0,990
kaza,4,4,0,1185
kaza,4,4,0,1260
kaza,4,4,0,1247
kaza,4,4,0,1000
kaza,4,4,0,1223
kaza,4,4,0,1167
kaza,4,4,0,1084
kaza,4,4,0,1113
kaza,4,4,0,1215
kaza,4,4,0,1093
kaza,4,4,0,1058
kaza,4,4,0,1097
kaza,4,4,0,1126
kaza,4,4,0,997
kaza,4,4,0,1232
kaza,4,4,0,1157
kaza,4,4,0,1143
kaza,4,4,0,967
kaza,4,4,0,1134
kaza,4,4,0,974
kaza,4,4,0,960
kaza,4,4,0,1109
kaza,4,4,0,1067
kaza,4,4,0,1129
kaza,4,4,0,964
kaza,4,4,0,1077
kaza,4,4,0,992
kaza,4,4,0,1260
kaza,4,4,0,1120
kaza,4,4,0,1161
kaza,4,4,0,1042
kaza,4,4,0,966
kaza,4,4,0,1257
kaza,4,4,0,1029
kaza,4,4,0,1074
kaza,4,4,0,1149
kaza,4,4,0,943
kaza,4,4,0,1202
kaza,4,4,0,1112
kaza,4,4,0,1026
kaza,4,4,0,955
kaza,4,4,0,988
kaza,4,4,0,1230
kaza,4,4,0,1161
kaza,4,4,0,1017
kaza,4,5,0,1530
kaza,4,5,0,1860
kaza,4,5,0,1798
kaza,4,5,0,1709
kaza,4,5,0,1687
kaza,4,5,0,1610
kaza,4,5,0,1849
kaza,4,5,0,2008
kaza,4,5,0,1588
kaza,4,5,0,1811
kaza,4,5,0,1719
kaza,4,5,0,1731
kaza,4,5,0,1630
kaza,4,5,0,1931
kaza,4,5,0,1752
kaza,4,5,0,1782
kaza,4,5,0,1656
kaza,4,5,0,1591
kaza,4,5,0,1541
kaza,4,5,0,1873
kaza,4,5,0,1599
kaza,4,5,0,1860
kaza,4,5,0,1702
kaza,4,5,0,1715
kaza,4,5,0,1743
kaza,4,5,0,1690
kaza,4,5,0,1549
kaza,4,5,0,1659
kaza,4,5,0,1846
kaza,4,5,0,1847
kaza,4,5,0,1647
kaza,4,5,0,1738
kaza,4,5,0,1598
kaza,4,5,0,1607
kaza,4,5,0,1508
kaza,4,5,0,1969
kaza,4,5,0,1607
kaza,4,5,0,1616
kaza,4,5,0,1643
kaza,4,5,0,1563
kaza,4,5,0,1833
kaza,4,5,0,1535
kaza,4,5,0,1566
kaza,4,5,0,1836
kaza,4,5,0,1675
kaza,4,5,0,1869
kaza,4,5,0,1790
kaza,4,5,0,1631
kaza,4,5,0,1839
kaza,4,5,0,1557
kaza,4,6,0,1779
kaza,4,6,0,1726
kaza,4,6,0,1637
kaza,4,6,0,1814
kaza,4,6,0,1956
kaza,4,6,0,2023
kaza,4,6,0,1816
kaza,4,6,0,1709
kaza,4,6,0,1614
kaza,4,6,0,1631
kaza,4,6,0,1749
kaza,4,6,0,1689
kaza,4,6,0,1978
kaza,4,6,0,1690
kaza,4,6,0,1693
kaza,4,6,0,1698
kaza,4,6,0,1937
kaza,4,6,0,1839
kaza,4,6,0,1820
kaza,4,6,0,1672
kaza,4,6,0,1927
kaza,4,6,0,1516
kaza,4,6,0,1955
kaza,4,6,0,1766
kaza,4,6,0,1706
kaza,4,6,0,1758
kaza,4,6,0,1848
kaza,4,6,0,1502
kaza,4,6,0,1956
kaza,4,6,0,1731
kaza,4,6,0,1677
kaza,4,6,0,1568
kaza,4,6,0,1728
kaza,4,6,0,1758
kaza,4,6,0,1709
kaza,4,6,0,1854
kaza,4,6,0,1718
kaza,4,6,0,2003
kaza,4,6,0,1812
kaza,4,6,0,1922
kaza,4,6,0,1553
kaza,4,6,0,1705
kaza,4,6,0,1673
kaza,4,6,0,1796
kaza,4,6,0,1950
kaza,4,6,0,1537
kaza,4,6,0,1534
kaza,4,6,0,1944
kaza,4,6,0,1608
kaza,4,6,0,1849
kaza,4,7,0,835
kaza,4,7,0,907
kaza,4,7,0,732
kaza,4,7,0,733
kaza,4,7,0,839
kaza,4,7,0,935
kaza,4,7,0,803
kaza,4,7,0,782
kaza,4,7,0,851
kaza,4,7,0,931
kaza,4,7,0,908
kaza,4,7,0,947
kaza,4,7,0,706
kaza,4,7,0,729
kaza,4,7,0,852
kaza,4,7,0,904
kaza,4,7,0,771
kaza,4,7,0,760
kaza,4,7,0,896
kaza,4,7,0,715
kaza,4,7,0,792
kaza,4,7,0,826
kaza,4,7,0,839
kaza,4,7,0,881
kaza,4,7,0,789
kaza,4,7,0,852
kaza,4,7,0,846
kaza,4,7,0,836
kaza,4,7,0,859
kaza,4,7,0,765
kaza,4,7,0,722
kaza,4,7,0,730
kaza,4,7,0,756
kaza,4,7,0,825
kaza,4,7,0,909
kaza,4,7,0,874
kaza,4,7,0,896
kaza,4,7,0,788
kaza,4,7,0,801
kaza,4,7,0,798
kaza,4,7,0,748
kaza,4,7,0,716
kaza,4,7,0,847
kaza,4,7,0,946
kaza,4,7,0,742
kaza,4,7,0,712
kaza,4,7,0,894
kaza,4,7,0,763
kaza,4,7,0,906
kaza,4,7,0,875
kaza,4,8,0,935
kaza,4,8,0,802
kaza,4,8,0,865
kaza,4,8,0,816
kaza,4,8,0,857
kaza,4,8,0,812
kaza,4,8,0,747
kaza,4,8,0,826
kaza,4,8,0,832
kaza,4,8,0,901
kaza,4,8,0,883
kaza,4,8,0,865
kaza,4,8,0,729
kaza,4,8,0,879
kaza,4,8,0,825
kaza,4,8,0,922
kaza,4,8,0,928
kaza,4,8,0,714
kaza,4,8,0,904
kaza,4,8,0,710
kaza,4,8,0,792
kaza,4,8,0,835
kaza,4,8,0,737
kaza,4,8,0,885
kaza,4,8,0,703
kaza,4,8,0,742
kaza,4,8,0,844
kaza,4,8,0,878
kaza,4,8,0,928
kaza,4,8,0,875
kaza,4,8,0,867
kaza,4,8,0,798
kaza,4,8,0,701
kaza,4,8,0,730
kaza,4,8,0,833
kaza,4,8,0,868
kaza,4,8,0,804
kaza,4,8,0,882
kaza,4,8,0,830
kaza,4,8,0,719
kaza,4,8,0,748
kaza,4,8,0,909
kaza,4,8,0,880
kaza,4,8,0,922
kaza,4,8,0,730
kaza,4,8,0,946
kaza,4,8,0,753
kaza,4,8,0,704
kaza,4,8,0,948
kaza,4,8,0,770
kaza,4,9,0,1155
kaza,4,9,0,993
kaza,4,9,0,1126
kaza,4,9,0,1233
kaza,4,9,0,1040
kaza,4,9,0,1156
kaza,4,9,0,997
kaza,4,9,0,1141
kaza,4,9,0,1046
kaza,4,9,0,1004
kaza,4,9,0,1038
kaza,4,9,0,994
kaza,4,9,0,1232
kaza,4,9,0,1066
kaza,4,9,0,1015
kaza,4,9,0,1082
kaza,4,9,0,1040
kaza,4,9,0,1180
kaza,4,9,0,1255
kaza,4,9,0,1079
kaza,4,9,0,1219
kaza,4,9,0,1121
kaza,4,9,0,986
kaza,4,9,0,1162
kaza,4,9,0,1104
kaza,4,9,0,1149
kaza,4,9,0,1228
kaza,4,9,0,1080
kaza,4,9,0,1232
kaza,4,9,0,1182
kaza,4,9,0,1096
kaza,4,9,0,1134
kaza,4,9,0,1042
kaza,4,9,0,1259
kaza,4,9,0,1155
kaza,4,9,0,949
kaza,4,9,0,1042
kaza,4,9,0,1140
kaza,4,9,0,953
kaza,4,9,0,942
kaza,4,9,0,1083
kaza,4,9,0,1044
kaza,4,9,0,1079
kaza,4,9,0,1021
kaza,4,9,0,989
kaza,4,9,0,1162
kaza,4,9,0,1104
kaza,4,9,0,1001
kaza,4,9,0,1040
kaza,4,9,0,1130
kaza,4,10,0,958
kaza,4,10,0,983
kaza,4,10,0,959
kaza,4,10,0,1203
kaza,4,10,0,1183
kaza,4,10,0,1183
kaza,4,10,0,1171
kaza,4,10,0,1155
kaza,4,10,0,1092
kaza,4,10,0,1146
kaza,4,10,0,947
kaza,4,10,0,1140
kaza,4,10,0,1191
kaza,4,10,0,1100
kaza,4,10,0,1052
kaza,4,10,0,1026
kaza,4,10,0,1147
kaza,4,10,0,1163
kaza,4,10,0,1222
kaza,4,10,0,1047
kaza,4,10,0,1189
kaza,4,10,0,1120
kaza,4,10,0,1226
kaza,4,10,0,1109
kaza,4,10,0,1105
kaza,4,10,0,1125
kaza,4,10,0,1182
kaza,4,10,0,1253
kaza,4,10,0,959
kaza,4,10,0,952
kaza,4,10,0,1244
kaza,4,10,0,1109
kaza,4,10,0,1137
kaza,4,10,0,1094
kaza,4,10,0,965
kaza,4,10,0,1188
kaza,4,10,0,1181
kaza,4,10,0,1037
kaza,4,10,0,1036
kaza,4,10,0,1211
kaza,4,10,0,958
kaza,4,10,0,1225
kaza,4,10,0,1019
kaza,4,10,0,1130
kaza,4,10,0,1243
kaza,4,10,0,1158
kaza,4,10,0,1071
kaza,4,10,0,1162
kaza,4,10,0,1048
kaza,4,10,0,1026
kaza,4,11,0,1263
kaza,4,11,0,1182
kaza,4,11,0,1147
kaza,4,11,0,1052
kaza,4,11,0,951
kaza,4,11,0,945
kaza,4,11,0,1117
kaza,4,11,0,1186
kaza,4,11,0,1112
kaza,4,11,0,1212
kaza,4,11,0,946
kaza,4,11,0,1056
kaza,4,11,0,1013
kaza,4,11,0,1082
kaza,4,11,0,958
kaza,4,11,0,1249
kaza,4,11,0,1008
kaza,4,11,0,1239
kaza,4,11,0,1075
kaza,4,11,0,1260
kaza,4,11,0,1117
kaza,4,11,0,1242
kaza,4,11,0,936
kaza,4,11,0,1181
kaza,4,11,0,1233
kaza,4,11,0,981
kaza,4,11,0,966
kaza,4,11,0,1075
kaza,4,11,0,1243
kaza,4,11,0,1113
kaza,4,11,0,1109
kaza,4,11,0,981
kaza,4,11,0,935
kaza,4,11,0,1202
kaza,4,11,0,963
kaza,4,11,0,1144
kaza,4,11,0,1236
kaza,4,11,0,1003
kaza,4,11,0,1154
kaza,4,11,0,960
kaza,4,11,0,1134
kaza,4,11,0,989
kaza,4,11,0,1177
kaza,4,11,0,1034
kaza,4,11,0,1087
kaza,4,11,0,1132
kaza,4,11,0,991
kaza,4,11,0,1179
kaza,4,11,0,1034
kaza,4,11,0,1153
kaza,4,12,0,1382
kaza,4,12,0,1626
kaza,4,12,0,1368
kaza,4,12,0,1505
kaza,4,12,0,1423
kaza,4,12,0,1654
kaza,4,12,0,1430
kaza,4,12,0,1716
kaza,4,12,0,1721
kaza,4,12,0,1399
kaza,4,12,0,1592
kaza,4,12,0,1349
kaza,4,12,0,1489
kaza,4,12,0,1638
kaza,4,12,0,1613
kaza,4,12,0,1597
kaza,4,12,0,1439
kaza,4,12,0,1483
kaza,4,12,0,1356
kaza,4,12,0,1641
kaza,4,12,0,1541
kaza,4,12,0,1636
kaza,4,12,0,1424
kaza,4,12,0,1458
kaza,4,12,0,1463
kaza,4,12,0,1320
kaza,4,12,0,1466
kaza,4,12,0,1680
kaza,4,12,0,1723
kaza,4,12,0,1548
kaza,4,12,0,1519
kaza,4,12,0,1323
kaza,4,12,0,1715
kaza,4,12,0,1315
kaza,4,12,0,1745
kaza,4,12,0,1535
kaza,4,12,0,1466
kaza,4,12,0,1735
kaza,4,12,0,1320
kaza,4,12,0,1577
kaza,4,12,0,1562
kaza,4,12,0,1410
kaza,4,12,0,1507
kaza,4,12,0,1610
kaza,4,12,0,1644
kaza,4,12,0,1309
kaza,4,12,0,1741
kaza,4,12,0,1385
kaza,4,12,0,1416
kaza,4,12,0,1430
kaza,4,1,1,2411
kaza,4,1,1,2483
kaza,4,1,1,3208
kaza,4,1,1,2644
kaza,4,1,1,2476
kaza,4,1,1,2469
kaza,4,1,1,2984
kaza,4,1,1,3097
kaza,4,1,1,2595
kaza,4,1,1,2397
kaza,4,1,1,2567
kaza,4,1,1,2427
kaza,4,1,1,2466
kaza,4,1,1,2742
kaza,4,1,1,2573
kaza,4,1,1,2813
kaza,4,1,1,2592
kaza,4,1,1,3170
kaza,4,1,1,3140
kaza,4,1,1,2856
kaza,4,1,1,2677
kaza,4,1,1,2700
kaza,4,1,1,2725
kaza,4,1,1,2991
kaza,4,1,1,2759
kaza,4,1,1,3099
kaza,4,1,1,3173
kaza,4,1,1,2662
kaza,4,1,1,2850
kaza,4,1,1,2459
kaza,4,1,1,2548
kaza,4,1,1,2727
kaza,4,1,1,2553
kaza,4,1,1,3116
kaza,4,1,1,2512
kaza,4,1,1,2762
kaza,4,1,1,2888
kaza,4,1,1,2961
kaza,4,1,1,2701
kaza,4,1,1,3110
kaza,4,1,1,2857
kaza,4,1,1,2749
kaza,4,1,1,2436
kaza,4,1,1,2770
kaza,4,1,1,3069
kaza,4,1,1,2896
kaza,4,1,1,3079
kaza,4,1,1,2794
kaza,4,1,1,2479
kaza,4,1,1,2391
kaza,4,2,1,1881
kaza,4,2,1,2118
kaza,4,2,1,2174
kaza,4,2,1,1877
kaza,4,2,1,1997
kaza,4,2,1,1952
kaza,4,2,1,1946
kaza,4,2,1,1838
kaza,4,2,1,1781
kaza,4,2,1,1818
kaza,4,2,1,1733
kaza,4,2,1,1818
kaza,4,2,1,1705
kaza,4,2,1,2076
kaza,4,2,1,1889
kaza,4,2,1,2283
kaza,4,2,1,1816
kaza,4,2,1,1907
kaza,4,2,1,1914
kaza,4,2,1,1705
kaza,4,2,1,2203
kaza,4,2,1,1719
kaza,4,2,1,2264
kaza,4,2,1,2235
kaza,4,2,1,2021
kaza,4,2,1,2026
kaza,4,2,1,2092
kaza,4,2,1,1932
kaza,4,2,1,2088
kaza,4,2,1,1726
kaza,4,2,1,1732
kaza,4,2,1,1974
kaza,4,2,1,2029
kaza,4,2,1,2232
kaza,4,2,1,1762
kaza,4,2,1,2193
kaza,4,2,1,1826
kaza,4,2,1,1936
kaza,4,2,1,1889
kaza,4,2,1,1940
kaza,4,2,1,1790
kaza,4,2,1,2002
kaza,4,2,1,2180
kaza,4,2,1,1964
kaza,4,2,1,1994
kaza,4,2,1,2209
kaza,4,2,1,2123
kaza,4,2,1,1994
kaza,4,2,1,1854
kaza,4,2,1,2230
kaza,4,3,1,2046
kaza,4,3,1,1832
kaza,4,3,1,1861
kaza,4,3,1,2181
kaza,4,3,1,1726
kaza,4,3,1,2295
kaza,4,3,1,1778
kaza,4,3,1,2177
kaza,4,3,1,1936
kaza,4,3,1,1995
kaza,4,3,1,2228
kaza,4,3,1,1947
kaza,4,3,1,2022
kaza,4,3,1,1729
kaza,4,3,1,1701
kaza,4,3,1,1846
kaza,4,3,1,2108
kaza,4,3,1,1772
kaza,4,3,1,1768
kaza,4,3,1,1946
kaza,4,3,1,2088
kaza,4,3,1,2127
kaza,4,3,1,1807
kaza,4,3,1,1747
kaza,4,3,1,2264
kaza,4,3,1,1856
kaza,4,3,1,2212
kaza,4,3,1,2218
kaza,4,3,1,2163
kaza,4,3,1,1801
kaza,4,3,1,2193
kaza,4,3,1,2161
kaza,4,3,1,2058
kaza,4,3,1,1902
kaza,4,3,1,1857
kaza,4,3,1,1773
kaza,4,3,1,2005
kaza,4,3,1,2051
kaza,4,3,1,1915
kaza,4,3,1,1985
kaza,4,3,1,1918
kaza,4,3,1,2084
kaza,4,3,1,2240
kaza,4,3,1,1798
kaza,4,3,1,1928
kaza,4,3,1,1784
kaza,4,3,1,2074
kaza,4,3,1,2137
kaza,4,3,1,2259
kaza,4,3,1,1867
kaza,4,4,1,2270
kaza,4,4,1,1737
kaza,4,4,1,2061
kaza,4,4,1,1734
kaza,4,4,1,2236
kaza,4,4,1,2017
kaza,4,4,1,2101
kaza,4,4,1,2198
kaza,4,4,1,1790
kaza,4,4,1,1723
kaza,4,4,1,2227
kaza,4,4,1,1888
kaza,4,4,1,1777
kaza,4,4,1,1981
kaza,4,4,1,2058
kaza,4,4,1,1718
kaza,4,4,1,1864
kaza,4,4,1,1719
kaza,4,4,1,1952
kaza,4,4,1,2237
kaza,4,4,1,2289
kaza,4,4,1,2082
kaza,4,4,1,1796
kaza,4,4,1,2243
kaza,4,4,1,2009
kaza,4,4,1,1792
kaza,4,4,1,2253
kaza,4,4,1,2154
kaza,4,4,1,2139
kaza,4,4,1,2125
kaza,4,4,1,1820
kaza,4,4,1,1826
kaza,4,4,1,2112
kaza,4,4,1,1831
kaza,4,4,1,1963
kaza,4,4,1,2169
kaza,4,4,1,2170
kaza,4,4,1,1971
kaza,4,4,1,2175
kaza,4,4,1,2203
kaza,4,4,1,2092
kaza,4,4,1,1837
kaza,4,4,1,1864
kaza,4,4,1,1888
kaza,4,4,1,1770
kaza,4,4,1,1863
kaza,4,4,1,1825
kaza,4,4,1,1973
kaza,4,4,1,2245
kaza,4,4,1,1762
kaza,4,5,1,3411
kaza,4,5,1,3379
kaza,4,5,1,2811
kaza,4,5,1,3605
kaza,4,5,1,3265
kaza,4,5,1,3069
kaza,4,5,1,3446
kaza,4,5,1,2967
kaza,4,5,1,3385
kaza,4,5,1,2758
kaza,4,5,1,3525
kaza,4,5,1,3150
kaza,4,5,1,3331
kaza,4,5,1,2932
kaza,4,5,1,3369
kaza,4,5,1,3461
kaza,4,5,1,3174
kaza,4,5,1,3313
kaza,4,5,1,3158
kaza,4,5,1,3578
kaza,4,5,1,3197
kaza,4,5,1,3528
kaza,4,5,1,3489
kaza,4,5,1,3114
kaza,4,5,1,2940
kaza,4,5,1,3109
kaza,4,5,1,3513
kaza,4,5,1,2938
kaza,4,5,1,3223
kaza,4,5,1,3493
kaza,4,5,1,3059
kaza,4,5,1,3336
kaza,4,5,1,2955
kaza,4,5,1,2824
kaza,4,5,1,3482
kaza,4,5,1,2815
kaza,4,5,1,2980
kaza,4,5,1,3540
kaza,4,5,1,3052
kaza,4,5,1,3654
kaza,4,5,1,3660
kaza,4,5,1,2977
kaza,4,5,1,2759
kaza,4,5,1,3396
kaza,4,5,1,3152
kaza,4,5,1,2816
kaza,4,5,1,3399
kaza,4,5,1,2749
kaza,4,5,1,3555
kaza,4,5,1,2853
kaza,4,6,1,2842
kaza,4,6,1,2888
kaza,4,6,1,3641
kaza,4,6,1,3385
kaza,4,6,1,3489
kaza,4,6,1,3101
kaza,4,6,1,3042
kaza,4,6,1,2945
kaza,4,6,1,3181
kaza,4,6,1,3249
kaza,4,6,1,3326
kaza,4,6,1,2966
kaza,4,6,1,3630
kaza,4,6,1,2882
kaza,4,6,1,3647
kaza,4,6,1,2734
kaza,4,6,1,3181
kaza,4,6,1,3040
kaza,4,6,1,3151
kaza,4,6,1,3267
kaza,4,6,1,3138
kaza,4,6,1,3118
kaza,4,6,1,3423
kaza,4,6,1,3378
kaza,4,6,1,3519
kaza,4,6,1,2959
kaza,4,6,1,3305
kaza,4,6,1,3281
kaza,4,6,1,3074
kaza,4,6,1,3186
kaza,4,6,1,3021
kaza,4,6,1,2856
kaza,4,6,1,2925
kaza,4,6,1,2821
kaza,4,6,1,3375
kaza,4,6,1,3354
kaza,4,6,1,3632
kaza,4,6,1,3420
kaza,4,6,1,2769
kaza,4,6,1,3568
kaza,4,6,1,3548
kaza,4,6,1,3145
kaza,4,6,1,3282
kaza,4,6,1,3657
kaza,4,6,1,3231
kaza,4,6,1,3589
kaza,4,6,1,2799
kaza,4,6,1,2903
kaza,4,6,1,3143
kaza,4,6,1,3281
kaza,4,7,1,1642
kaza,4,7,1,1719
kaza,4,7,1,1449
kaza,4,7,1,1296
kaza,4,7,1,1635
kaza,4,7,1,1546
kaza,4,7,1,1364
kaza,4,7,1,1497
kaza,4,7,1,1609
kaza,4,7,1,1621
kaza,4,7,1,1499
kaza,4,7,1,1412
kaza,4,7,1,1713
kaza,4,7,1,1573
kaza,4,7,1,1458
kaza,4,7,1,1401
kaza,4,7,1,1603
kaza,4,7,1,1383
kaza,4,7,1,1352
kaza,4,7,1,1513
kaza,4,7,1,1405
kaza,4,7,1,1558
kaza,4,7,1,1328
kaza,4,7,1,1569
kaza,4,7,1,1402
kaza,4,7,1,1275
kaza,4,7,1,1332
kaza,4,7,1,1695
kaza,4,7,1,1665
kaza,4,7,1,1380
kaza,4,7,1,1625
kaza,4,7,1,1548
kaza,4,7,1,1711
kaza,4,7,1,1443
kaza,4,7,1,1581
kaza,4,7,1,1303
kaza,4,7,1,1453
kaza,4,7,1,1708
kaza,4,7,1,1517
kaza,4,7,1,1404
kaza,4,7,1,1329
kaza,4,7,1,1591
kaza,4,7,1,1565
kaza,4,7,1,1443
kaza,4,7,1,1702
kaza,4,7,1,1284
kaza,4,7,1,1411
kaza,4,7,1,1689
kaza,4,7,1,1419
kaza,4,7,1,1388
kaza,4,8,1,1515
kaza,4,8,1,1645
kaza,4,8,1,1321
kaza,4,8,1,1699
kaza,4,8,1,1632
kaza,4,8,1,1356
kaza,4,8,1,1595
kaza,4,8,1,1448
kaza,4,8,1,1456
kaza,4,8,1,1627
kaza,4,8,1,1708
kaza,4,8,1,1331
kaza,4,8,1,1464
kaza,4,8,1,1491
kaza,4,8,1,1444
kaza,4,8,1,1438
kaza,4,8,1,1298
kaza,4,8,1,1583
kaza,4,8,1,1471
kaza,4,8,1,1362
kaza,4,8,1,1642
kaza,4,8,1,1636
kaza,4,8,1,1493
kaza,4,8,1,1409
kaza,4,8,1,1562
kaza,4,8,1,1404
kaza,4,8,1,1381
kaza,4,8,1,1603
kaza,4,8,1,1293
kaza,4,8,1,1317
kaza,4,8,1,1278
kaza,4,8,1,1343
kaza,4,8,1,1306
kaza,4,8,1,1723
kaza,4,8,1,1404
kaza,4,8,1,1342
kaza,4,8,1,1383
kaza,4,8,1,1696
kaza,4,8,1,1509
kaza,4,8,1,1439
kaza,4,8,1,1668
kaza,4,8,1,1452
kaza,4,8,1,1425
kaza,4,8,1,1368
kaza,4,8,1,1445
kaza,4,8,1,1417
kaza,4,8,1,1579
kaza,4,8,1,1405
kaza,4,8,1,1534
kaza,4,8,1,1304
kaza,4,9,1,1814
kaza,4,9,1,1944
kaza,4,9,1,2262
kaza,4,9,1,1926
kaza,4,9,1,2098
kaza,4,9,1,1853
kaza,4,9,1,1776
kaza,4,9,1,1735
kaza,4,9,1,1883
kaza,4,9,1,1794
kaza,4,9,1,1804
kaza,4,9,1,2156
kaza,4,9,1,1709
kaza,4,9,1,2034
kaza,4,9,1,1927
kaza,4,9,1,2003
kaza,4,9,1,2037
kaza,4,9,1,1888
kaza,4,9,1,1877
kaza,4,9,1,2140
kaza,4,9,1,2222
kaza,4,9,1,1815
kaza,4,9,1,1758
kaza,4,9,1,2238
kaza,4,9,1,1909
kaza,4,9,1,2030
kaza,4,9,1,1915
kaza,4,9,1,1775
kaza,4,9,1,2053
kaza,4,9,1,2015
kaza,4,9,1,1821
kaza,4,9,1,1971
kaza,4,9,1,2178
kaza,4,9,1,2054
kaza,4,9,1,1758
kaza,4,9,1,2028
kaza,4,9,1,2121
kaza,4,9,1,2175
kaza,4,9,1,2077
kaza,4,9,1,1791
kaza,4,9,1,2126
kaza,4,9,1,2106
kaza,4,9,1,1714
kaza,4,9,1,1947
kaza,4,9,1,1899
kaza,4,9,1,2101
kaza,4,9,1,1829
kaza,4,9,1,2054
kaza,4,9,1,2247
kaza,4,9,1,2178
kaza,4,10,1,2252
kaza,4,10,1,2287
kaza,4,10,1,1706
kaza,4,10,1,2073
kaza,4,10,1,1947
kaza,4,10,1,2215
kaza,4,10,1,1851
kaza,4,10,1,2288
kaza,4,10,1,2068
kaza,4,10,1,2176
kaza,4,10,1,1751
kaza,4,10,1,1810
kaza,4,10,1,2155
kaza,4,10,1,1713
kaza,4,10,1,2190
kaza,4,10,1,1708
kaza,4,10,1,2094
kaza,4,10,1,1919
kaza,4,10,1,2066
kaza,4,10,1,2117
kaza,4,10,1,1905
kaza,4,10,1,1764
kaza,4,10,1,1741
kaza,4,10,1,2053
kaza,4,10,1,2012
kaza,4,10,1,2145
kaza,4,10,1,2005
kaza,4,10,1,1953
kaza,4,10,1,1938
kaza,4,10,1,1715
kaza,4,10,1,1901
kaza,4,10,1,2285
kaza,4,10,1,2224
kaza,4,10,1,1897
kaza,4,10,1,2052
kaza,4,10,1,2208
kaza,4,10,1,1964
kaza,4,10,1,1710
kaza,4,10,1,1744
kaza,4,10,1,2006
kaza,4,10,1,2281
kaza,4,10,1,2115
kaza,4,10,1,1742
kaza,4,10,1,1813
kaza,4,10,1,2162
kaza,4,10,1,2204
kaza,4,10,1,2070
kaza,4,10,1,2086
kaza,4,10,1,1717
kaza,4,10,1,2197
kaza,4,11,1,2172
kaza,4,11,1,1855
kaza,4,11,1,2125
kaza,4,11,1,1828
kaza,4,11,1,1724
kaza,4,11,1,1820
kaza,4,11,1,1807
kaza,4,11,1,1902
kaza,4,11,1,1951
kaza,4,11,1,2005
kaza,4,11,1,1986
kaza,4,11,1,1862
kaza,4,11,1,1717
kaza,4,11,1,2063
kaza,4,11,1,1937
kaza,4,11,1,1879
kaza,4,11,1,2220
kaza,4,11,1,2148
kaza,4,11,1,2214
kaza,4,11,1,1996
kaza,4,11,1,1778
kaza,4,11,1,2117
kaza,4,11,1,1823
kaza,4,11,1,1964
kaza,4,11,1,1739
kaza,4,11,1,2195
kaza,4,11,1,1775
kaza,4,11,1,2241
kaza,4,11,1,2218
kaza,4,11,1,1978
kaza,4,11,1,2146
kaza,4,11,1,2071
kaza,4,11,1,2181
kaza,4,11,1,1959
kaza,4,11,1,2171
kaza,4,11,1,1977
kaza,4,11,1,2264
kaza,4,11,1,1991
kaza,4,11,1,1977
kaza,4,11,1,2171
kaza,4,11,1,2192
kaza,4,11,1,2032
kaza,4,11,1,1807
kaza,4,11,1,1980
kaza,4,11,1,2280
kaza,4,11,1,2151
kaza,4,11,1,2186
kaza,4,11,1,1719
kaza,4,11,1,1980
kaza,4,11,1,2087
kaza,4,12,1,3077
kaza,4,12,1,2421
kaza,4,12,1,3096
kaza,4,12,1,2840
kaza,4,12,1,2545
kaza,4,12,1,2646
kaza,4,12,1,2616
kaza,4,12,1,2825
kaza,4,12,1,2423
kaza,4,12,1,2513
kaza,4,12,1,3062
kaza,4,12,1,2491
kaza,4,12,1,2576
kaza,4,12,1,2760
kaza,4,12,1,2814
kaza,4,12,1,3021
kaza,4,12,1,2755
kaza,4,12,1,3043
kaza,4,12,1,2899
kaza,4,12,1,2475
kaza,4,12,1,2511
kaza,4,12,1,2747
kaza,4,12,1,2713
kaza,4,12,1,3004
kaza,4,12,1,2867
kaza,4,12,1,2706
kaza,4,12,1,2523
kaza,4,12,1,2570
kaza,4,12,1,2863
kaza,4,12,1,2735
kaza,4,12,1,2812
kaza,4,12,1,2523
kaza,4,12,1,2936
kaza,4,12,1,3096
kaza,4,12,1,2596
kaza,4,12,1,2792
kaza,4,12,1,3199
kaza,4,12,1,2659
kaza,4,12,1,2879
kaza,4,12,1,2455
kaza,4,12,1,2889
kaza,4,12,1,2455
kaza,4,12,1,3185
kaza,4,12,1,2981
kaza,4,12,1,3042
kaza,4,12,1,2971
kaza,4,12,1,2875
kaza,4,12,1,2757
kaza,4,12,1,3101
kaza,4,12,1,3183
kaza,4,1,2,6997
kaza,4,1,2,7906
kaza,4,1,2,7174
kaza,4,1,2,7080
kaza,4,1,2,6904
kaza,4,1,2,6389
kaza,4,1,2,5957
kaza,4,1,2,6457
kaza,4,1,2,7020
kaza,4,1,2,6747
kaza,4,1,2,6891
kaza,4,1,2,8009
kaza,4,1,2,6685
kaza,4,1,2,6899
kaza,4,1,2,6230
kaza,4,1,2,6050
kaza,4,1,2,7578
kaza,4,1,2,7148
kaza,4,1,2,7547
kaza,4,1,2,6264
kaza,4,1,2,7150
kaza,4,1,2,6482
kaza,4,1,2,6428
kaza,4,1,2,5974
kaza,4,1,2,6223
kaza,4,1,2,6599
kaza,4,1,2,6195
kaza,4,1,2,8020
kaza,4,1,2,6598
kaza,4,1,2,6223
kaza,4,1,2,6368
kaza,4,1,2,7184
kaza,4,1,2,6084
kaza,4,1,2,7761
kaza,4,1,2,7969
kaza,4,1,2,6468
kaza,4,1,2,6895
kaza,4,1,2,5996
kaza,4,1,2,7295
kaza,4,1,2,6819
kaza,4,1,2,6517
kaza,4,1,2,6384
kaza,4,1,2,7323
kaza,4,1,2,6824
kaza,4,1,2,6327
kaza,4,1,2,7397
kaza,4,1,2,7136
kaza,4,1,2,7753
kaza,4,1,2,6196
kaza,4,1,2,7599
kaza,4,2,2,5260
kaza,4,2,2,4422
kaza,4,2,2,5292
kaza,4,2,2,4912
kaza,4,2,2,5667
kaza,4,2,2,4462
kaza,4,2,2,5214
kaza,4,2,2,4822
kaza,4,2,2,5685
kaza,4,2,2,4744
kaza,4,2,2,5693
kaza,4,2,2,5602
kaza,4,2,2,4655
kaza,4,2,2,5455
kaza,4,2,2,5743
kaza,4,2,2,4628
kaza,4,2,2,4905
kaza,4,2,2,5030
kaza,4,2,2,4692
kaza,4,2,2,4272
kaza,4,2,2,4580
kaza,4,2,2,4672
kaza,4,2,2,4915
kaza,4,2,2,4506
kaza,4,2,2,5559
kaza,4,2,2,5307
kaza,4,2,2,4377
kaza,4,2,2,5225
kaza,4,2,2,5230
kaza,4,2,2,5684
kaza,4,2,2,4254
kaza,4,2,2,4621
kaza,4,2,2,5641
kaza,4,2,2,5648
kaza,4,2,2,5330
kaza,4,2,2,5398
kaza,4,2,2,4387
kaza,4,2,2,5020
kaza,4,2,2,4597
kaza,4,2,2,4521
kaza,4,2,2,5465
kaza,4,2,2,4452
kaza,4,2,2,4952
kaza,4,2,2,5657
kaza,4,2,2,4528
kaza,4,2,2,5716
kaza,4,2,2,5741
kaza,4,2,2,5083
kaza,4,2,2,4505
kaza,4,2,2,4724
kaza,4,3,2,4886
kaza,4,3,2,4713
kaza,4,3,2,4670
kaza,4,3,2,5708
kaza,4,3,2,4480
kaza,4,3,2,5349
kaza,4,3,2,4250
kaza,4,3,2,5144
kaza,4,3,2,5623
kaza,4,3,2,4681
kaza,4,3,2,4528
kaza,4,3,2,5227
kaza,4,3,2,5318
kaza,4,3,2,5282
kaza,4,3,2,4728
kaza,4,3,2,4628
kaza,4,3,2,5683
kaza,4,3,2,5634
kaza,4,3,2,4935
kaza,4,3,2,5519
kaza,4,3,2,4928
kaza,4,3,2,4886
kaza,4,3,2,4485
kaza,4,3,2,4889
kaza,4,3,2,5056
kaza,4,3,2,4283
kaza,4,3,2,4916
kaza,4,3,2,5422
kaza,4,3,2,5270
kaza,4,3,2,5202
kaza,4,3,2,5614
kaza,4,3,2,4277
kaza,4,3,2,5085
kaza,4,3,2,5431
kaza,4,3,2,5062
kaza,4,3,2,4735
kaza,4,3,2,4454
kaza,4,3,2,5581
kaza,4,3,2,4956
kaza,4,3,2,5567
kaza,4,3,2,5128
kaza,4,3,2,5261
kaza,4,3,2,5456
kaza,4,3,2,5238
kaza,4,3,2,4847
kaza,4,3,2,5020
kaza,4,3,2,5454
kaza,4,3,2,4810
kaza,4,3,2,4832
kaza,4,3,2,4393
kaza,4,4,2,5621
kaza,4,4,2,4386
kaza,4,4,2,5222
kaza,4,4,2,4869
kaza,4,4,2,4858
kaza,4,4,2,5269
kaza,4,4,2,4350
kaza,4,4,2,5140
kaza,4,4,2,5408
kaza,4,4,2,5492
kaza,4,4,2,4505
kaza,4,4,2,5596
kaza,4,4,2,5234
kaza,4,4,2,5572
kaza,4,4,2,4977
kaza,4,4,2,5063
kaza,4,4,2,5628
kaza,4,4,2,5599
kaza,4,4,2,4922
kaza,4,4,2,4661
kaza,4,4,2,4839
kaza,4,4,2,4831
kaza,4,4,2,4680
kaza,4,4,2,4652
kaza,4,4,2,5541
kaza,4,4,2,4354
kaza,4,4,2,5266
kaza,4,4,2,4509
kaza,4,4,2,4766
kaza,4,4,2,4342
kaza,4,4,2,4654
kaza,4,4,2,5402
kaza,4,4,2,5577
kaza,4,4,2,4582
kaza,4,4,2,4945
kaza,4,4,2,4955
kaza,4,4,2,5560
kaza,4,4,2,5394
kaza,4,4,2,5019
kaza,4,4,2,5256
kaza,4,4,2,5521
kaza,4,4,2,4264
kaza,4,4,2,4854
kaza,4,4,2,5610
kaza,4,4,2,5360
kaza,4,4,2,5064
kaza,4,4,2,5044
kaza,4,4,2,4771
kaza,4,4,2,5030
kaza,4,4,2,5233
kaza,4,5,2,7804
kaza,4,5,2,8513
kaza,4,5,2,8866
kaza,4,5,2,7171
kaza,4,5,2,7883
kaza,4,5,2,7779
kaza,4,5,2,8449
kaza,4,5,2,7399
kaza,4,5,2,8336
kaza,4,5,2,8905
kaza,4,5,2,7803
kaza,4,5,2,8986
kaza,4,5,2,9183
kaza,4,5,2,7054
kaza,4,5,2,7359
kaza,4,5,2,9080
kaza,4,5,2,9099
kaza,4,5,2,7034
kaza,4,5,2,6835
kaza,4,5,2,7186
kaza,4,5,2,9190
kaza,4,5,2,7231
kaza,4,5,2,8006
kaza,4,5,2,8836
kaza,4,5,2,6848
kaza,4,5,2,8250
kaza,4,5,2,7464
kaza,4,5,2,8869
kaza,4,5,2,7480
kaza,4,5,2,8448
kaza,4,5,2,8418
kaza,4,5,2,7331
kaza,4,5,2,6883
kaza,4,5,2,7782
kaza,4,5,2,7494
kaza,4,5,2,8741
kaza,4,5,2,8720
kaza,4,5,2,7896
kaza,4,5,2,8255
kaza,4,5,2,8250
kaza,4,5,2,8785
kaza,4,5,2,7820
kaza,4,5,2,7461
kaza,4,5,2,7436
kaza,4,5,2,8086
kaza,4,5,2,7877
kaza,4,5,2,7856
kaza,4,5,2,7018
kaza,4,5,2,8524
kaza,4,5,2,7312
kaza,4,6,2,7272
kaza,4,6,2,7790
kaza,4,6,2,7346
kaza,4,6,2,8201
kaza,4,6,2,7691
kaza,4,6,2,7877
kaza,4,6,2,8089
kaza,4,6,2,7288
kaza,4,6,2,7173
kaza,4,6,2,8913
kaza,4,6,2,7840
kaza,4,6,2,7789
kaza,4,6,2,6885
kaza,4,6,2,7995
kaza,4,6,2,8130
kaza,4,6,2,8141
kaza,4,6,2,8496
kaza,4,6,2,7225
kaza,4,6,2,7405
kaza,4,6,2,8745
kaza,4,6,2,9073
kaza,4,6,2,7126
kaza,4,6,2,7994
kaza,4,6,2,7314
kaza,4,6,2,6944
kaza,4,6,2,7581
kaza,4,6,2,7144
kaza,4,6,2,8503
kaza,4,6,2,8080
kaza,4,6,2,7145
kaza,4,6,2,6822
kaza,4,6,2,8739
kaza,4,6,2,7222
kaza,4,6,2,8254
kaza,4,6,2,7608
kaza,4,6,2,8205
kaza,4,6,2,7557
kaza,4,6,2,7008
kaza,4,6,2,7335
kaza,4,6,2,7251
kaza,4,6,2,7827
kaza,4,6,2,8379
kaza,4,6,2,7433
kaza,4,6,2,6828
kaza,4,6,2,8045
kaza,4,6,2,8253
kaza,4,6,2,9110
kaza,4,6,2,8214
kaza,4,6,2,7930
kaza,4,6,2,8176
kaza,4,7,2,4231
kaza,4,7,2,4119
kaza,4,7,2,3550
kaza,4,7,2,3454
kaza,4,7,2,3482
kaza,4,7,2,3754
kaza,4,7,2,4024
kaza,4,7,2,3753
kaza,4,7,2,3263
kaza,4,7,2,4001
kaza,4,7,2,4094
kaza,4,7,2,3513
kaza,4,7,2,3934
kaza,4,7,2,3667
kaza,4,7,2,4187
kaza,4,7,2,4138
kaza,4,7,2,3778
kaza,4,7,2,3965
kaza,4,7,2,4181
kaza,4,7,2,3745
kaza,4,7,2,3539
kaza,4,7,2,4035
kaza,4,7,2,3435
kaza,4,7,2,3624
kaza,4,7,2,4161
kaza,4,7,2,4002
kaza,4,7,2,3641
kaza,4,7,2,3429
kaza,4,7,2,3587
kaza,4,7,2,3507
kaza,4,7,2,3385
kaza,4,7,2,4023
kaza,4,7,2,3471
kaza,4,7,2,3698
kaza,4,7,2,3621
kaza,4,7,2,4292
kaza,4,7,2,3627
kaza,4,7,2,3277
kaza,4,7,2,3288
kaza,4,7,2,3852
kaza,4,7,2,3861
kaza,4,7,2,3658
kaza,4,7,2,3673
kaza,4,7,2,3248
kaza,4,7,2,3768
kaza,4,7,2,3755
kaza,4,7,2,3355
kaza,4,7,2,3304
kaza,4,7,2,3326
kaza,4,7,2,3301
kaza,4,8,2,3873
kaza,4,8,2,3408
kaza,4,8,2,3470
kaza,4,8,2,3382
kaza,4,8,2,4265
kaza,4,8,2,4148
kaza,4,8,2,3446
kaza,4,8,2,3556
kaza,4,8,2,3423
kaza,4,8,2,3740
kaza,4,8,2,3209
kaza,4,8,2,3942
kaza,4,8,2,3776
kaza,4,8,2,4198
kaza,4,8,2,3372
kaza,4,8,2,4092
kaza,4,8,2,4078
kaza,4,8,2,3330
kaza,4,8,2,3635
kaza,4,8,2,3378
kaza,4,8,2,3474
kaza,4,8,2,3483
kaza,4,8,2,3813
kaza,4,8,2,3650
kaza,4,8,2,4253
kaza,4,8,2,3329
kaza,4,8,2,4282
kaza,4,8,2,3446
kaza,4,8,2,4056
kaza,4,8,2,3568
kaza,4,8,2,3348
kaza,4,8,2,4152
kaza,4,8,2,3534
kaza,4,8,2,3928
kaza,4,8,2,3824
kaza,4,8,2,3718
kaza,4,8,2,3745
kaza,4,8,2,4011
kaza,4,8,2,3286
kaza,4,8,2,3939
kaza,4,8,2,4195
kaza,4,8,2,3252
kaza,4,8,2,3345
kaza,4,8,2,3993
kaza,4,8,2,3679
kaza,4,8,2,3641
kaza,4,8,2,3341
kaza,4,8,2,3757
kaza,4,8,2,3329
kaza,4,8,2,3723
kaza,4,9,2,5395
kaza,4,9,2,4637
kaza,4,9,2,4971
kaza,4,9,2,5738
kaza,4,9,2,5279
kaza,4,9,2,5512
kaza,4,9,2,4872
kaza,4,9,2,5401
kaza,4,9,2,4310
kaza,4,9,2,4434
kaza,4,9,2,4554
kaza,4,9,2,4852
kaza,4,9,2,5518
kaza,4,9,2,4769
kaza,4,9,2,5231
kaza,4,9,2,5313
kaza,4,9,2,5129
kaza,4,9,2,4785
kaza,4,9,2,5115
kaza,4,9,2,4763
kaza,4,9,2,4375
kaza,4,9,2,5739
kaza,4,9,2,4440
kaza,4,9,2,4358
kaza,4,9,2,5567
kaza,4,9,2,4702
kaza,4,9,2,5225
kaza,4,9,2,4743
kaza,4,9,2,4837
kaza,4,9,2,4643
kaza,4,9,2,4764
kaza,4,9,2,4866
kaza,4,9,2,5330
kaza,4,9,2,5017
kaza,4,9,2,5665
kaza,4,9,2,4312
kaza,4,9,2,5004
kaza,4,9,2,5126
kaza,4,9,2,5630
kaza,4,9,2,4323
kaza,4,9,2,5110
kaza,4,9,2,5530
kaza,4,9,2,4612
kaza,4,9,2,5564
kaza,4,9,2,4278
kaza,4,9,2,5348
kaza,4,9,2,5649
kaza,4,9,2,5235
kaza,4,9,2,4908
kaza,4,9,2,4317
kaza,4,10,2,5630
kaza,4,10,2,4955
kaza,4,10,2,4293
kaza,4,10,2,5284
kaza,4,10,2,4972
kaza,4,10,2,4436
kaza,4,10,2,4571
kaza,4,10,2,4346
kaza,4,10,2,5111
kaza,4,10,2,5183
kaza,4,10,2,5008
kaza,4,10,2,5475
kaza,4,10,2,5541
kaza,4,10,2,5173
kaza,4,10,2,4269
kaza,4,10,2,5292
kaza,4,10,2,4876
kaza,4,10,2,5098
kaza,4,10,2,5223
kaza,4,10,2,4775
kaza,4,10,2,5625
kaza,4,10,2,4450
kaza,4,10,2,5257
kaza,4,10,2,4256
kaza,4,10,2,5636
kaza,4,10,2,4418
kaza,4,10,2,4392
kaza,4,10,2,4749
kaza,4,10,2,4810
kaza,4,10,2,4571
kaza,4,10,2,5127
kaza,4,10,2,4914
kaza,4,10,2,4301
kaza,4,10,2,4729
kaza,4,10,2,5465
kaza,4,10,2,5284
kaza,4,10,2,5337
kaza,4,10,2,5297
kaza,4,10,2,4716
kaza,4,10,2,4399
kaza,4,10,2,4658
kaza,4,10,2,5497
kaza,4,10,2,5720
kaza,4,10,2,4990
kaza,4,10,2,4264
kaza,4,10,2,4460
kaza,4,10,2,4733
kaza,4,10,2,5117
kaza,4,10,2,4362
kaza,4,10,2,5665
kaza,4,11,2,4797
kaza,4,11,2,5618
kaza,4,11,2,5420
kaza,4,11,2,5383
kaza,4,11,2,5160
kaza,4,11,2,5190
kaza,4,11,2,5207
kaza,4,11,2,5193
kaza,4,11,2,5080
kaza,4,11,2,5729
kaza,4,11,2,5348
kaza,4,11,2,5415
kaza,4,11,2,5558
kaza,4,11,2,4573
kaza,4,11,2,4375
kaza,4,11,2,4974
kaza,4,11,2,5021
kaza,4,11,2,5493
kaza,4,11,2,4915
kaza,4,11,2,5106
kaza,4,11,2,5040
kaza,4,11,2,4307
kaza,4,11,2,5172
kaza,4,11,2,5492
kaza,4,11,2,4486
kaza,4,11,2,5141
kaza,4,11,2,5140
kaza,4,11,2,4496
kaza,4,11,2,4435
kaza,4,11,2,5720
kaza,4,11,2,4840
kaza,4,11,2,4591
kaza,4,11,2,4506
kaza,4,11,2,5251
kaza,4,11,2,5164
kaza,4,11,2,5215
kaza,4,11,2,4382
kaza,4,11,2,5590
kaza,4,11,2,4833
kaza,4,11,2,4720
kaza,4,11,2,4943
kaza,4,11,2,4835
kaza,4,11,2,5545
kaza,4,11,2,5643
kaza,4,11,2,4705
kaza,4,11,2,5545
kaza,4,11,2,5422
kaza,4,11,2,5646
kaza,4,11,2,4618
kaza,4,11,2,5115
kaza,4,12,2,6526
kaza,4,12,2,7680
kaza,4,12,2,5961
kaza,4,12,2,7136
kaza,4,12,2,6662
kaza,4,12,2,6627
kaza,4,12,2,7304
kaza,4,12,2,7738
kaza,4,12,2,7229
kaza,4,12,2,7741
kaza,4,12,2,6505
kaza,4,12,2,7040
kaza,4,12,2,6896
kaza,4,12,2,5974
kaza,4,12,2,7119
kaza,4,12,2,7339
kaza,4,12,2,7193
kaza,4,12,2,7496
kaza,4,12,2,7149
kaza,4,12,2,6090
kaza,4,12,2,6194
kaza,4,12,2,7202
kaza,4,12,2,6527
kaza,4,12,2,6117
kaza,4,12,2,6852
kaza,4,12,2,7114
kaza,4,12,2,6640
kaza,4,12,2,7462
kaza,4,12,2,7301
kaza,4,12,2,6648
kaza,4,12,2,7535
kaza,4,12,2,7312
kaza,4,12,2,7288
kaza,4,12,2,7112
kaza,4,12,2,5973
kaza,4,12,2,7412
kaza,4,12,2,6739
kaza,4,12,2,7929
kaza,4,12,2,7667
kaza,4,12,2,7184
kaza,4,12,2,6479
kaza,4,12,2,6377
kaza,4,12,2,6664
kaza,4,12,2,6950
kaza,4,12,2,6571
kaza,4,12,2,7031
kaza,4,12,2,6297
kaza,4,12,2,8003
kaza,4,12,2,6176
kaza,4,12,2,7907
spiti,5,1,0,1731
spiti,5,1,0,1551
spiti,5,1,0,1643
spiti,5,1,0,1510
spiti,5,1,0,1600
spiti,5,1,0,1466
spiti,5,1,0,1448
spiti,5,1,0,1576
spiti,5,1,0,1539
spiti,5,1,0,1576
spiti,5,1,0,1441
spiti,5,1,0,1478
spiti,5,1,0,1347
spiti,5,1,0,1333
spiti,5,1,0,1426
spiti,5,1,0,1343
spiti,5,1,0,1356
spiti,5,1,0,1684
spiti,5,1,0,1326
spiti,5,1,0,1613
spiti,5,1,0,1434
spiti,5,1,0,1711
spiti,5,1,0,1533
spiti,5,1,0,1450
spiti,5,1,0,1548
spiti,5,1,0,1485
spiti,5,1,0,1569
spiti,5,1,0,1361
spiti,5,1,0,1769
spiti,5,1,0,1505
spiti,5,1,0,1469
spiti,5,1,0,1637
spiti,5,1,0,1477
spiti,5,1,0,1693
spiti,5,1,0,1518
spiti,5,1,0,1641
spiti,5,1,0,1358
spiti,5,1,0,1699
spiti,5,1,0,1648
spiti,5,1,0,1406
spiti,5,1,0,1376
spiti,5,1,0,1455
spiti,5,1,0,1759
spiti,5,1,0,1427
spiti,5,1,0,1519
spiti,5,1,0,1322
spiti,5,1,0,1492
spiti,5,1,0,1572
spiti,5,1,0,1749
spiti,5,1,0,1547
spiti,5,2,0,1205
spiti,5,2,0,1115
spiti,5,2,0,948
spiti,5,2,0,1038
spiti,5,2,0,1124
spiti,5,2,0,1248
spiti,5,2,0,1218
spiti,5,2,0,1010
spiti,5,2,0,1007
spiti,5,2,0,1001
spiti,5,2,0,1239
spiti,5,2,0,1216
spiti,5,2,0,1190
spiti,5,2,0,1064
spiti,5,2,0,1101
spiti,5,2,0,1088
spiti,5,2,0,1018
spiti,5,2,0,1101
spiti,5,2,0,945
spiti,5,2,0,978
spiti,5,2,0,1227
spiti,5,2,0,1183
spiti,5,2,0,1074
spiti,5,2,0,1105
spiti,5,2,0,1057
spiti,5,2,0,1179
spiti,5,2,0,1193
spiti,5,2,0,1186
spiti,5,2,0,1173
spiti,5,2,0,1002
spiti,5,2,0,1046
spiti,5,2,0,1090
spiti,5,2,0,1044
spiti,5,2,0,1184
spiti,5,2,0,1043
spiti,5,2,0,980
spiti,5,2,0,1066
spiti,5,2,0,1258
spiti,5,2,0,1009
spiti,5,2,0,1137
spiti,5,2,0,1077
spiti,5,2,0,958
spiti,5,2,0,1095
spiti,5,2,0,1166
spiti,5,2,0,1104
spiti,5,2,0,1222
spiti,5,2,0,1030
spiti,5,2,0,963
spiti,5,2,0,1244
spiti,5,2,0,1059
spiti,5,3,0,1125
spiti,5,3,0,1196
spiti,5,3,0,1042
spiti,5,3,0,1171
spiti,5,3,0,979
spiti,5,3,0,1031
spiti,5,3,0,982
spiti,5,3,0,1202
spiti,5,3,0,1008
spiti,5,3,0,1171
spiti,5,3,0,1246
spiti,5,3,0,1109
spiti,5,3,0,1113
spiti,5,3,0,1087
spiti,5,3,0,1042
spiti,5,3,0,1091
spiti,5,3,0,1133
spiti,5,3,0,1260
spiti,5,3,0,1244
spiti,5,3,0,1219
spiti,5,3,0,1228
spiti,5,3,0,1089
spiti,5,3,0,1151
spiti,5,3,0,1230
spiti,5,3,0,1064
spiti,5,3,0,1252
spiti,5,3,0,1072
spiti,5,3,0,1133
spiti,5,3,0,1169
spiti,5,3,0,1248
spiti,5,3,0,1015
spiti,5,3,0,1181
spiti,5,3,0,1106
spiti,5,3,0,1023
spiti,5,3,0,1191
spiti,5,3,0,1117
spiti,5,3,0,1153
spiti,5,3,0,1041
spiti,5,3,0,1093
spiti,5,3,0,1138
spiti,5,3,0,1068
spiti,5,3,0,1000
spiti,5,3,0,1252
spiti,5,3,0,1103
spiti,5,3,0,1177
spiti,5,3,0,1070
spiti,5,3,0,1052
spiti,5,3,0,1069
spiti,5,3,0,1070
spiti,5,3,0,1114
spiti,5,4,0,1114
spiti,5,4,0,1099
spiti,5,4,0,979
spiti,5,4,0,1098
spiti,5,4,0,990
spiti,5,4,0,976
spiti,5,4,0,1242
spiti,5,4,0,1134
spiti,5,4,0,1152
spiti,5,4,0,1067
spiti,5,4,0,1234
spiti,5,4,0,1145
spiti,5,4,0,1188
spiti,5,4,0,1056
spiti,5,4,0,1251
spiti,5,4,0,1205
spiti,5,4,0,1216
spiti,5,4,0,991
spiti,5,4,0,1024
spiti,5,4,0,1029
spiti,5,4,0,1024
spiti,5,4,0,1217
spiti,5,4,0,945
spiti,5,4,0,960
spiti,5,4,0,1025
spiti,5,4,0,1000
spiti,5,4,0,1011
spiti,5,4,0,1198
spiti,5,4,0,1120
spiti,5,4,0,936
spiti,5,4,0,1076
spiti,5,4,0,1069
spiti,5,4,0,972
spiti,5,4,0,1158
spiti,5,4,0,1166
spiti,5,4,0,1172
spiti,5,4,0,1175
spiti,5,4,0,935
spiti,5,4,0,1249
spiti,5,4,0,1203
spiti,5,4,0,1233
spiti,5,4,0,940
spiti,5,4,0,1243
spiti,5,4,0,1202
spiti,5,4,0,1211
spiti,5,4,0,965
spiti,5,4,0,1178
spiti,5,4,0,1251
spiti,5,4,0,1158
spiti,5,4,0,1123
spiti,5,5,0,1995
spiti,5,5,0,1729
spiti,5,5,0,1812
spiti,5,5,0,1747
spiti,5,5,0,1988
spiti,5,5,0,1536
spiti,5,5,0,1760
spiti,5,5,0,1858
spiti,5,5,0,1914
spiti,5,5,0,1803
spiti,5,5,0,1975
spiti,5,5,0,1993
spiti,5,5,0,1529
spiti,5,5,0,1708
spiti,5,5,0,1508
spiti,5,5,0,1669
spiti,5,5,0,1779
spiti,5,5,0,1976
spiti,5,5,0,1942
spiti,5,5,0,1563
spiti,5,5,0,1545
spiti,5,5,0,1807
spiti,5,5,0,1776
spiti,5,5,0,1636
spiti,5,5,0,1970
spiti,5,5,0,1985
spiti,5,5,0,1708
spiti,5,5,0,1966
spiti,5,5,0,1698
spiti,5,5,0,1885
spiti,5,5,0,1747
spiti,5,5,0,1560
spiti,5,5,0,1985
spiti,5,5,0,1735
spiti,5,5,0,1883
spiti,5,5,0,1689
spiti,5,5,0,1505
spiti,5,5,0,1549
spiti,5,5,0,1758
spiti,5,5,0,1860
spiti,5,5,0,1672
spiti,5,5,0,1863
spiti,5,5,0,1864
spiti,5,5,0,1867
spiti,5,5,0,1756
spiti,5,5,0,1979
spiti,5,5,0,1754
spiti,5,5,0,1733
spiti,5,5,0,1601
spiti,5,5,0,1658
spiti,5,6,0,1518
spiti,5,6,0,1830
spiti,5,6,0,1627
spiti,5,6,0,1656
spiti,5,6,0,1902
spiti,5,6,0,1668
spiti,5,6,0,1623
spiti,5,6,0,1585
spiti,5,6,0,1905
spiti,5,6,0,1564
spiti,5,6,0,1735
spiti,5,6,0,1763
spiti,5,6,0,1858
spiti,5,6,0,1830
spiti,5,6,0,1924
spiti,5,6,0,1519
spiti,5,6,0,1652
spiti,5,6,0,1643
spiti,5,6,0,1573
spiti,5,6,0,1648
spiti,5,6,0,1659
spiti,5,6,0,1771
spiti,5,6,0,1846
spiti,5,6,0,1697
spiti,5,6,0,1875
spiti,5,6,0,1673
spiti,5,6,0,1649
spiti,5,6,0,1781
spiti,5,6,0,1508
spiti,5,6,0,1538
spiti,5,6,0,1716
spiti,5,6,0,1993
spiti,5,6,0,1876
spiti,5,6,0,1542
spiti,5,6,0,1942
spiti,5,6,0,1882
spiti,5,6,0,1818
spiti,5,6,0,1929
spiti,5,6,0,1709
spiti,5,6,0,1612
spiti,5,6,0,1766
spiti,5,6,0,1785
spiti,5,6,0,1780
spiti,5,6,0,1794
spiti,5,6,0,1996
spiti,5,6,0,1972
spiti,5,6,0,1958
spiti,5,6,0,1919
spiti,5,6,0,1994
spiti,5,6,0,1548
spiti,5,7,0,766
spiti,5,7,0,823
spiti,5,7,0,910
spiti,5,7,0,826
spiti,5,7,0,886
spiti,5,7,0,735
spiti,5,7,0,763
spiti,5,7,0,882
spiti,5,7,0,742
spiti,5,7,0,788
spiti,5,7,0,766
spiti,5,7,0,787
spiti,5,7,0,876
spiti,5,7,0,792
spiti,5,7,0,838
spiti,5,7,0,725
spiti,5,7,0,900
spiti,5,7,0,792
spiti,5,7,0,861
spiti,5,7,0,880
spiti,5,7,0,753
spiti,5,7,0,920
spiti,5,7,0,853
spiti,5,7,0,807
spiti,5,7,0,746
spiti,5,7,0,934
spiti,5,7,0,888
spiti,5,7,0,752
spiti,5,7,0,784
spiti,5,7,0,901
spiti,5,7,0,873
spiti,5,7,0,890
spiti,5,7,0,810
spiti,5,7,0,878
spiti,5,7,0,796
spiti,5,7,0,753
spiti,5,7,0,857
spiti,5,7,0,942
spiti,5,7,0,778
spiti,5,7,0,815
spiti,5,7,0,868
spiti,5,7,0,835
spiti,5,7,0,909
spiti,5,7,0,889
spiti,5,7,0,715
spiti,5,7,0,948
spiti,5,7,0,887
spiti,5,7,0,915
spiti,5,7,0,862
spiti,5,7,0,913
spiti,5,8,0,729
spiti,5,8,0,787
spiti,5,8,0,918
spiti,5,8,0,751
spiti,5,8,0,720
spiti,5,8,0,896
spiti,5,8,0,908
spiti,5,8,0,741
spiti,5,8,0,912
spiti,5,8,0,871
spiti,5,8,0,829
spiti,5,8,0,906
spiti,5,8,0,805
spiti,5,8,0,749
spiti,5,8,0,771
spiti,5,8,0,826
spiti,5,8,0,832
spiti,5,8,0,900
spiti,5,8,0,897
spiti,5,8,0,845
spiti,5,8,0,894
spiti,5,8,0,748
spiti,5,8,0,713
spiti,5,8,0,917
spiti,5,8,0,719
spiti,5,8,0,762
spiti,5,8,0,873
spiti,5,8,0,802
spiti,5,8,0,918
spiti,5,8,0,774
spiti,5,8,0,704
spiti,5,8,0,775
spiti,5,8,0,844
spiti,5,8,0,794
spiti,5,8,0,833
spiti,5,8,0,918
spiti,5,8,0,927
spiti,5,8,0,767
spiti,5,8,0,815
spiti,5,8,0,837
spiti,5,8,0,936
spiti,5,8,0,948
spiti,5,8,0,759
spiti,5,8,0,881
spiti,5,8,0,794
spiti,5,8,0,703
spiti,5,8,0,703
spiti,5,8,0,815
spiti,5,8,0,822
spiti,5,8,0,706
spiti,5,9,0,1161
spiti,5,9,0,1032
spiti,5,9,0,1119
spiti,5,9,0,1034
spiti,5,9,0,990
spiti,5,9,0,1069
spiti,5,9,0,1011
spiti,5,9,0,1111
spiti,5,9,0,1000
spiti,5,9,0,1102
spiti,5,9,0,986
spiti,5,9,0,1156
spiti,5,9,0,1183
spiti,5,9,0,971
spiti,5,9,0,1089
spiti,5,9,0,958
spiti,5,9,0,1132
spiti,5,9,0,1022
spiti,5,9,0,1109
spiti,5,9,0,1105
spiti,5,9,0,1240
spiti,5,9,0,1116
spiti,5,9,0,1127
spiti,5,9,0,1067
spiti,5,9,0,1248
spiti,5,9,0,1191
spiti,5,9,0,1029
spiti,5,9,0,1213
spiti,5,9,0,1077
spiti,5,9,0,1208
spiti,5,9,0,1206
spiti,5,9,0,997
spiti,5,9,0,1166
spiti,5,9,0,1030
spiti,5,9,0,1033
spiti,5,9,0,1032
spiti,5,9,0,1174
spiti,5,9,0,1010
spiti,5,9,0,935
spiti,5,9,0,1171
spiti,5,9,0,991
spiti,5,9,0,969
spiti,5,9,0,1013
spiti,5,9,0,1060
spiti,5,9,0,1092
spiti,5,9,0,949
spiti,5,9,0,1255
spiti,5,9,0,1171
spiti,5,9,0,1041
spiti,5,9,0,1040
spiti,5,10,0,1083
spiti,5,10,0,1141
spiti,5,10,0,983
spiti,5,10,0,997
spiti,5,10,0,1218
spiti,5,10,0,1019
spiti,5,10,0,1060
spiti,5,10,0,1222
spiti,5,10,0,1153
spiti,5,10,0,1047
spiti,5,10,0,1160
spiti,5,10,0,941
spiti,5,10,0,1177
spiti,5,10,0,1095
spiti,5,10,0,1203
spiti,5,10,0,1250
spiti,5,10,0,1240
spiti,5,10,0,1235
spiti,5,10,0,1104
spiti,5,10,0,1053
spiti,5,10,0,1088
spiti,5,10,0,1162
spiti,5,10,0,1226
spiti,5,10,0,1003
spiti,5,10,0,1238
spiti,5,10,0,1204
spiti,5,10,0,1258
spiti,5,10,0,1225
spiti,5,10,0,1027
spiti,5,10,0,969
spiti,5,10,0,972
spiti,5,10,0,1031
spiti,5,10,0,1137
spiti,5,10,0,1200
spiti,5,10,0,1231
spiti,5,10,0,1140
spiti,5,10,0,936
spiti,5,10,0,996
spiti,5,10,0,967
spiti,5,10,0,1054
spiti,5,10,0,1100
spiti,5,10,0,949
spiti,5,10,0,1049
spiti,5,10,0,994
spiti,5,10,0,1148
spiti,5,10,0,1088
spiti,5,10,0,1098
spiti,5,10,0,1076
spiti,5,10,0,1250
spiti,5,10,0,1005
spiti,5,11,0,1105
spiti,5,11,0,1177
spiti,5,11,0,1118
spiti,5,11,0,1241
spiti,5,11,0,1059
spiti,5,11,0,1088
spiti,5,11,0,964
spiti,5,11,0,1135
spiti,5,11,0,1030
spiti,5,11,0,987
spiti,5,11,0,1114
spiti,5,11,0,1110
spiti,5,11,0,960
spiti,5,11,0,1165
spiti,5,11,0,1140
spiti,5,11,0,997
spiti,5,11,0,1089
spiti,5,11,0,1172
spiti,5,11,0,1109
spiti,5,11,0,1065
spiti,5,11,0,1041
spiti,5,11,0,1136
spiti,5,11,0,1244
spiti,5,11,0,1156
spiti,5,11,0,959
spiti,5,11,0,1087
spiti,5,11,0,1228
spiti,5,11,0,966
spiti,5,11,0,1261
spiti,5,11,0,1248
spiti,5,11,0,960
spiti,5,11,0,1243
spiti,5,11,0,1054
spiti,5,11,0,1213
spiti,5,11,0,1073
spiti,5,11,0,1080
spiti,5,11,0,1144
spiti,5,11,0,1190
spiti,5,11,0,946
spiti,5,11,0,1130
spiti,5,11,0,996
spiti,5,11,0,1049
spiti,5,11,0,1049
spiti,5,11,0,1089
spiti,5,11,0,1045
spiti,5,11,0,970
spiti,5,11,0,983
spiti,5,11,0,946
spiti,5,11,0,1090
spiti,5,11,0,1249
spiti,5,12,0,1362
spiti,5,12,0,1746
spiti,5,12,0,1647
spiti,5,12,0,1603
spiti,5,12,0,1607
spiti,5,12,0,1690
spiti,5,12,0,1358
spiti,5,12,0,1542
spiti,5,12,0,1631
spiti,5,12,0,1580
spiti,5,12,0,1693
spiti,5,12,0,1342
spiti,5,12,0,1628
spiti,5,12,0,1555
spiti,5,12,0,1484
spiti,5,12,0,1466
spiti,5,12,0,1595
spiti,5,12,0,1720
spiti,5,12,0,1538
spiti,5,12,0,1690
spiti,5,12,0,1494
spiti,5,12,0,1356
spiti,5,12,0,1337
spiti,5,12,0,1332
spiti,5,12,0,1484
spiti,5,12,0,1464
spiti,5,12,0,1640
spiti,5,12,0,1652
spiti,5,12,0,1332
spiti,5,12,0,1411
spiti,5,12,0,1435
spiti,5,12,0,1561
spiti,5,12,0,1375
spiti,5,12,0,1370
spiti,5,12,0,1745
spiti,5,12,0,1680
spiti,5,12,0,1392
spiti,5,12,0,1496
spiti,5,12,0,1473
spiti,5,12,0,1674
spiti,5,12,0,1544
spiti,5,12,0,1368
spiti,5,12,0,1650
spiti,5,12,0,1492
spiti,5,12,0,1430
spiti,5,12,0,1482
spiti,5,12,0,1538
spiti,5,12,0,1467
spiti,5,12,0,1420
spiti,5,12,0,1493
spiti,5,1,1,2396
spiti,5,1,1,3028
spiti,5,1,1,2523
spiti,5,1,1,2416
spiti,5,1,1,2929
spiti,5,1,1,3030
spiti,5,1,1,3063
spiti,5,1,1,2794
spiti,5,1,1,2552
spiti,5,1,1,2999
spiti,5,1,1,2967
spiti,5,1,1,2586
spiti,5,1,1,3138
spiti,5,1,1,2467
spiti,5,1,1,3205
spiti,5,1,1,3102
spiti,5,1,1,2957
spiti,5,1,1,3168
spiti,5,1,1,2986
spiti,5,1,1,2539
spiti,5,1,1,2751
spiti,5,1,1,2440
spiti,5,1,1,2707
spiti,5,1,1,3002
spiti,5,1,1,2704
spiti,5,1,1,2657
spiti,5,1,1,2880
spiti,5,1,1,3112
spiti,5,1,1,2419
spiti,5,1,1,2703
spiti,5,1,1,2512
spiti,5,1,1,2964
spiti,5,1,1,2468
spiti,5,1,1,2938
spiti,5,1,1,2620
spiti,5,1,1,2547
spiti,5,1,1,3166
spiti,5,1,1,2395
spiti,5,1,1,2747
spiti,5,1,1,2398
spiti,5,1,1,2786
spiti,5,1,1,2800
spiti,5,1,1,2650
spiti,5,1,1,2491
spiti,5,1,1,2696
spiti,5,1,1,2944
spiti,5,1,1,3037
spiti,5,1,1,2825
spiti,5,1,1,2875
spiti,5,1,1,2548
spiti,5,2,1,1872
spiti,5,2,1,1797
spiti,5,2,1,1849
spiti,5,2,1,1834
spiti,5,2,1,2011
spiti,5,2,1,2037
spiti,5,2,1,2266
spiti,5,2,1,1817
spiti,5,2,1,2085
spiti,5,2,1,2190
spiti,5,2,1,2036
spiti,5,2,1,1853
spiti,5,2,1,1857
spiti,5,2,1,1723
spiti,5,2,1,1883
spiti,5,2,1,2146
spiti,5,2,1,1728
spiti,5,2,1,1831
spiti,5,2,1,2123
spiti,5,2,1,2169
spiti,5,2,1,1973
spiti,5,2,1,2118
spiti,5,2,1,1932
spiti,5,2,1,1795
spiti,5,2,1,1938
spiti,5,2,1,2047
spiti,5,2,1,2268
spiti,5,2,1,1741
spiti,5,2,1,2004
spiti,5,2,1,1897
spiti,5,2,1,2004
spiti,5,2,1,1714
spiti,5,2,1,1887
spiti,5,2,1,2191
spiti,5,2,1,2032
spiti,5,2,1,1970
spiti,5,2,1,1871
spiti,5,2,1,1878
spiti,5,2,1,1929
spiti,5,2,1,2201
spiti,5,2,1,2280
spiti,5,2,1,1963
spiti,5,2,1,1936
spiti,5,2,1,2207
spiti,5,2,1,1956
spiti,5,2,1,2031
spiti,5,2,1,1838
spiti,5,2,1,2146
spiti,5,2,1,2019
spiti,5,2,1,2185
spiti,5,3,1,2168
spiti,5,3,1,1829
spiti,5,3,1,2129
spiti,5,3,1,2180
spiti,5,3,1,1907
spiti,5,3,1,1803
spiti,5,3,1,1701
spiti,5,3,1,1970
spiti,5,3,1,1911
spiti,5,3,1,2032
spiti,5,3,1,1812
spiti,5,3,1,2215
spiti,5,3,1,1854
spiti,5,3,1,1835
spiti,5,3,1,1988
spiti,5,3,1,1999
spiti,5,3,1,1829
spiti,5,3,1,1863
spiti,5,3,1,1801
spiti,5,3,1,2131
spiti,5,3,1,2162
spiti,5,3,1,1977
spiti,5,3,1,2128
spiti,5,3,1,2141
spiti,5,3,1,1782
spiti,5,3,1,2279
spiti,5,3,1,2192
spiti,5,3,1,1822
spiti,5,3,1,1811
spiti,5,3,1,1775
spiti,5,3,1,1783
spiti,5,3,1,2148
spiti,5,3,1,1981
spiti,5,3,1,2169
spiti,5,3,1,2147
spiti,5,3,1,2062
spiti,5,3,1,2111
spiti,5,3,1,1711
spiti,5,3,1,1887
spiti,5,3,1,2082
spiti,5,3,1,1705
spiti,5,3,1,1719
spiti,5,3,1,2211
spiti,5,3,1,2110
spiti,5,3,1,1859
spiti,5,3,1,2112
spiti,5,3,1,2175
spiti,5,3,1,1884
spiti,5,3,1,1721
spiti,5,3,1,2259
spiti,5,4,1,1907
spiti,5,4,1,1763
spiti,5,4,1,1995
spiti,5,4,1,2161
spiti,5,4,1,1832
spiti,5,4,1,1861
spiti,5,4,1,1845
spiti,5,4,1,2295
spiti,5,4,1,1818
spiti,5,4,1,2045
spiti,5,4,1,2255
spiti,5,4,1,1788
spiti,5,4,1,2282
spiti,5,4,1,2268
spiti,5,4,1,2230
spiti,5,4,1,1828
spiti,5,4,1,2080
spiti,5,4,1,2156
spiti,5,4,1,2291
spiti,5,4,1,1808
spiti,5,4,1,2159
spiti,5,4,1,1903
spiti,5,4,1,1805
spiti,5,4,1,1952
spiti,5,4,1,2176
spiti,5,4,1,1978
spiti,5,4,1,2022
spiti,5,4,1,2297
spiti,5,4,1,1939
spiti,5,4,1,2069
spiti,5,4,1,1919
spiti,5,4,1,1935
spiti,5,4,1,2117
spiti,5,4,1,2262
spiti,5,4,1,2025
spiti,5,4,1,2161
spiti,5,4,1,1753
spiti,5,4,1,1826
spiti,5,4,1,2001
spiti,5,4,1,1712
spiti,5,4,1,1851
spiti,5,4,1,2010
spiti,5,4,1,1708
spiti,5,4,1,1858
spiti,5,4,1,2008
spiti,5,4,1,2043
spiti,5,4,1,2255
spiti,5,4,1,2087
spiti,5,4,1,1948
spiti,5,4,1,2258
spiti,5,5,1,3473
spiti,5,5,1,2912
spiti,5,5,1,2845
spiti,5,5,1,3368
spiti,5,5,1,3257
spiti,5,5,1,3478
spiti,5,5,1,3429
spiti,5,5,1,3320
spiti,5,5,1,3666
spiti,5,5,1,3232
spiti,5,5,1,2828
spiti,5,5,1,3515
spiti,5,5,1,2961
spiti,5,5,1,3466
spiti,5,5,1,3638
spiti,5,5,1,3388
spiti,5,5,1,3292
spiti,5,5,1,3161
spiti,5,5,1,3069
spiti,5,5,1,3058
spiti,5,5,1,3330
spiti,5,5,1,3441
spiti,5,5,1,3371
spiti,5,5,1,2910
spiti,5,5,1,3194
spiti,5,5,1,3479
spiti,5,5,1,3176
spiti,5,5,1,3235
spiti,5,5,1,3460
spiti,5,5,1,3354
spiti,5,5,1,3112
spiti,5,5,1,3579
spiti,5,5,1,2876
spiti,5,5,1,3675
spiti,5,5,1,2834
spiti,5,5,1,2734
spiti,5,5,1,3574
spiti,5,5,1,2955
spiti,5,5,1,3420
spiti,5,5,1,3498
spiti,5,5,1,3544
spiti,5,5,1,3671
spiti,5,5,1,3002
spiti,5,5,1,3401
spiti,5,5,1,2830
spiti,5,5,1,3110
spiti,5,5,1,3534
spiti,5,5,1,3072
spiti,5,5,1,3287
spiti,5,5,1,3203
spiti,5,6,1,3340
spiti,5,6,1,3653
spiti,5,6,1,2773
spiti,5,6,1,3271
spiti,5,6,1,3548
spiti,5,6,1,3182
spiti,5,6,1,2795
spiti,5,6,1,3258
spiti,5,6,1,3038
spiti,5,6,1,2868
spiti,5,6,1,3535
spiti,5,6,1,3220
spiti,5,6,1,3615
spiti,5,6,1,3493
spiti,5,6,1,3385
spiti,5,6,1,2724
spiti,5,6,1,3130
spiti,5,6,1,2909
spiti,5,6,1,3594
spiti,5,6,1,2887
spiti,5,6,1,2994
spiti,5,6,1,3216
spiti,5,6,1,2972
spiti,5,6,1,2921
spiti,5,6,1,3295
spiti,5,6,1,2805
spiti,5,6,1,2775
spiti,5,6,1,3077
spiti,5,6,1,3411
spiti,5,6,1,3252
spiti,5,6,1,3125
spiti,5,6,1,3263
spiti,5,6,1,3070
spiti,5,6,1,3618
spiti,5,6,1,2772
spiti,5,6,1,3366
spiti,5,6,1,3575
spiti,5,6,1,3491
spiti,5,6,1,2896
spiti,5,6,1,3004
spiti,5,6,1,3408
spiti,5,6,1,2800
spiti,5,6,1,3499
spiti,5,6,1,3410
spiti,5,6,1,3420
spiti,5,6,1,2816
spiti,5,6,1,3409
spiti,5,6,1,3372
spiti,5,6,1,3517
spiti,5,6,1,2759
spiti,5,7,1,1285
spiti,5,7,1,1442
spiti,5,7,1,1341
spiti,5,7,1,1526
spiti,5,7,1,1687
spiti,5,7,1,1451
spiti,5,7,1,1655
spiti,5,7,1,1275
spiti,5,7,1,1350
spiti,5,7,1,1288
spiti,5,7,1,1422
spiti,5,7,1,1683
spiti,5,7,1,1318
spiti,5,7,1,1547
spiti,5,7,1,1478
spiti,5,7,1,1697
spiti,5,7,1,1330
spiti,5,7,1,1370
spiti,5,7,1,1288
spiti,5,7,1,1470
spiti,5,7,1,1400
spiti,5,7,1,1666
spiti,5,7,1,1547
spiti,5,7,1,1551
spiti,5,7,1,1514
spiti,5,7,1,1316
spiti,5,7,1,1475
spiti,5,7,1,1724
spiti,5,7,1,1650
spiti,5,7,1,1677
spiti,5,7,1,1645
spiti,5,7,1,1321
spiti,5,7,1,1377
spiti,5,7,1,1276
spiti,5,7,1,1411
spiti,5,7,1,1323
spiti,5,7,1,1487
spiti,5,7,1,1579
spiti,5,7,1,1668
spiti,5,7,1,1612
spiti,5,7,1,1697
spiti,5,7,1,1299
spiti,5,7,1,1280
spiti,5,7,1,1572
spiti,5,7,1,1405
spiti,5,7,1,1389
spiti,5,7,1,1423
spiti,5,7,1,1396
spiti,5,7,1,1505
spiti,5,7,1,1473
spiti,5,8,1,1505
spiti,5,8,1,1577
spiti,5,8,1,1449
spiti,5,8,1,1388
spiti,5,8,1,1349
spiti,5,8,1,1432
spiti,5,8,1,1608
spiti,5,8,1,1615
spiti,5,8,1,1575
spiti,5,8,1,1380
spiti,5,8,1,1539
spiti,5,8,1,1531
spiti,5,8,1,1492
spiti,5,8,1,1522
spiti,5,8,1,1496
spiti,5,8,1,1529
spiti,5,8,1,1596
spiti,5,8,1,1324
spiti,5,8,1,1612
spiti,5,8,1,1336
spiti,5,8,1,1304
spiti,5,8,1,1714
spiti,5,8,1,1705
spiti,5,8,1,1302
spiti,5,8,1,1474
spiti,5,8,1,1358
spiti,5,8,1,1493
spiti,5,8,1,1648
spiti,5,8,1,1702
spiti,5,8,1,1560
spiti,5,8,1,1434
spiti,5,8,1,1546
spiti,5,8,1,1415
spiti,5,8,1,1684
spiti,5,8,1,1666
spiti,5,8,1,1526
spiti,5,8,1,1421
spiti,5,8,1,1407
spiti,5,8,1,1290
spiti,5,8,1,1642
spiti,5,8,1,1477
spiti,5,8,1,1421
spiti,5,8,1,1486
spiti,5,8,1,1643
spiti,5,8,1,1331
spiti,5,8,1,1660
spiti,5,8,1,1678
spiti,5,8,1,1701
spiti,5,8,1,1453
spiti,5,8,1,1372
spiti,5,9,1,1924
spiti,5,9,1,1899
spiti,5,9,1,1805
spiti,5,9,1,2064
spiti,5,9,1,1985
spiti,5,9,1,2219
spiti,5,9,1,1719
spiti,5,9,1,2086
spiti,5,9,1,2157
spiti,5,9,1,2155
spiti,5,9,1,2231
spiti,5,9,1,2137
spiti,5,9,1,2256
spiti,5,9,1,1899
spiti,5,9,1,2001
spiti,5,9,1,1708
spiti,5,9,1,1704
spiti,5,9,1,1844
spiti,5,9,1,1760
spiti,5,9,1,1856
spiti,5,9,1,1806
spiti,5,9,1,1717
spiti,5,9,1,2245
spiti,5,9,1,1704
spiti,5,9,1,2141
spiti,5,9,1,1791
spiti,5,9,1,2247
spiti,5,9,1,2235
spiti,5,9,1,2092
spiti,5,9,1,2103
spiti,5,9,1,1703
spiti,5,9,1,2290
spiti,5,9,1,2226
spiti,5,9,1,2237
spiti,5,9,1,2095
spiti,5,9,1,1906
spiti,5,9,1,2236
spiti,5,9,1,1874
spiti,5,9,1,2037
spiti,5,9,1,1759
spiti,5,9,1,2253
spiti,5,9,1,1784
spiti,5,9,1,1834
spiti,5,9,1,2034
spiti,5,9,1,2158
spiti,5,9,1,2071
spiti,5,9,1,1839
spiti,5,9,1,1700
spiti,5,9,1,2154
spiti,5,9,1,2291
spiti,5,10,1,2185
spiti,5,10,1,1976
spiti,5,10,1,2242
spiti,5,10,1,1945
spiti,5,10,1,2014
spiti,5,10,1,1986
spiti,5,10,1,1968
spiti,5,10,1,2165
spiti,5,10,1,2016
spiti,5,10,1,1890
spiti,5,10,1,1854
spiti,5,10,1,1722
spiti,5,10,1,2049
spiti,5,10,1,1837
spiti,5,10,1,1788
spiti,5,10,1,2092
spiti,5,10,1,2108
spiti,5,10,1,2151
spiti,5,10,1,2002
spiti,5,10,1,2236
spiti,5,10,1,2261
spiti,5,10,1,2184
spiti,5,10,1,2081
spiti,5,10,1,1882
spiti,5,10,1,2289
spiti,5,10,1,1864
spiti,5,10,1,1821
spiti,5,10,1,1965
spiti,5,10,1,1734
spiti,5,10,1,2287
spiti,5,10,1,2053
spiti,5,10,1,2034
spiti,5,10,1,2093
spiti,5,10,1,1998
spiti,5,10,1,1719
spiti,5,10,1,2067
spiti,5,10,1,2129
spiti,5,10,1,1950
spiti,5,10,1,2154
spiti,5,10,1,1836
spiti,5,10,1,1832
spiti,5,10,1,1796
spiti,5,10,1,1923
spiti,5,10,1,2208
spiti,5,10,1,2196
spiti,5,10,1,1929
spiti,5,10,1,2053
spiti,5,10,1,2132
spiti,5,10,1,1844
spiti,5,10,1,1800
spiti,5,11,1,2283
spiti,5,11,1,2070
spiti,5,11,1,2288
spiti,5,11,1,1902
spiti,5,11,1,2121
spiti,5,11,1,1833
spiti,5,11,1,1856
spiti,5,11,1,2007
spiti,5,11,1,1891
spiti,5,11,1,1800
spiti,5,11,1,1857
spiti,5,11,1,1721
spiti,5,11,1,2122
spiti,5,11,1,1995
spiti,5,11,1,1756
spiti,5,11,1,1803
spiti,5,11,1,1761
spiti,5,11,1,2067
spiti,5,11,1,1756
spiti,5,11,1,2152
spiti,5,11,1,1712
spiti,5,11,1,1849
spiti,5,11,1,2234
spiti,5,11,1,2131
spiti,5,11,1,1743
spiti,5,11,1,2192
spiti,5,11,1,1995
spiti,5,11,1,2208
spiti,5,11,1,2060
spiti,5,11,1,2109
spiti,5,11,1,2296
spiti,5,11,1,1839
spiti,5,11,1,2074
spiti,5,11,1,1976
spiti,5,11,1,1723
spiti,5,11,1,1708
spiti,5,11,1,1771
spiti,5,11,1,2089
spiti,5,11,1,2040
spiti,5,11,1,2032
spiti,5,11,1,1719
spiti,5,11,1,1981
spiti,5,11,1,2254
spiti,5,11,1,1938
spiti,5,11,1,2074
spiti,5,11,1,2167
spiti,5,11,1,2170
spiti,5,11,1,2011
spiti,5,11,1,2214
spiti,5,11,1,1934
spiti,5,12,1,3126
spiti,5,12,1,2581
spiti,5,12,1,2615
spiti,5,12,1,2424
spiti,5,12,1,3048
spiti,5,12,1,2730
spiti,5,12,1,2572
spiti,5,12,1,2574
spiti,5,12,1,3137
spiti,5,12,1,3080
spiti,5,12,1,2844
spiti,5,12,1,2897
spiti,5,12,1,2778
spiti,5,12,1,2708
spiti,5,12,1,3149
spiti,5,12,1,2485
spiti,5,12,1,2731
spiti,5,12,1,2669
spiti,5,12,1,2798
spiti,5,12,1,2764
spiti,5,12,1,2815
spiti,5,12,1,2497
spiti,5,12,1,2811
spiti,5,12,1,2583
spiti,5,12,1,2534
spiti,5,12,1,2434
spiti,5,12,1,3020
spiti,5,12,1,2739
spiti,5,12,1,2906
spiti,5,12,1,2991
spiti,5,12,1,2950
spiti,5,12,1,2775
spiti,5,12,1,2705
spiti,5,12,1,2695
spiti,5,12,1,2917
spiti,5,12,1,2795
spiti,5,12,1,3093
spiti,5,12,1,3114
spiti,5,12,1,2523
spiti,5,12,1,2494
spiti,5,12,1,2909
spiti,5,12,1,2633
spiti,5,12,1,2395
spiti,5,12,1,3126
spiti,5,12,1,2570
spiti,5,12,1,3160
spiti,5,12,1,2982
spiti,5,12,1,3020
spiti,5,12,1,2549
spiti,5,12,1,2576
spiti,5,1,2,7044
spiti,5,1,2,6311
spiti,5,1,2,6591
spiti,5,1,2,6625
spiti,5,1,2,6285
spiti,5,1,2,6380
spiti,5,1,2,7605
spiti,5,1,2,6301
spiti,5,1,2,6009
spiti,5,1,2,7271
spiti,5,1,2,7999
spiti,5,1,2,6645
spiti,5,1,2,6199
spiti,5,1,2,7147
spiti,5,1,2,7853
spiti,5,1,2,7596
spiti,5,1,2,7257
spiti,5,1,2,6611
spiti,5,1,2,7087
spiti,5,1,2,6141
spiti,5,1,2,7375
spiti,5,1,2,7472
spiti,5,1,2,7976
spiti,5,1,2,6496
spiti,5,1,2,5988
spiti,5,1,2,7095
spiti,5,1,2,7434
spiti,5,1,2,7609
spiti,5,1,2,6356
spiti,5,1,2,6499
spiti,5,1,2,7026
spiti,5,1,2,6644
spiti,5,1,2,7757
spiti,5,1,2,6944
spiti,5,1,2,7629
spiti,5,1,2,7169
spiti,5,1,2,7573
spiti,5,1,2,6648
spiti,5,1,2,7695
spiti,5,1,2,6526
spiti,5,1,2,7096
spiti,5,1,2,6399
spiti,5,1,2,6948
spiti,5,1,2,6618
spiti,5,1,2,6510
spiti,5,1,2,7980
spiti,5,1,2,6286
spiti,5,1,2,7603
spiti,5,1,2,8016
spiti,5,1,2,5991
spiti,5,2,2,5298
spiti,5,2,2,4629
spiti,5,2,2,4310
spiti,5,2,2,4854
spiti,5,2,2,5652
spiti,5,2,2,4267
spiti,5,2,2,5131
spiti,5,2,2,5002
spiti,5,2,2,5560
spiti,5,2,2,4376
spiti,5,2,2,5272
spiti,5,2,2,5270
spiti,5,2,2,5253
spiti,5,2,2,5663
spiti,5,2,2,5484
spiti,5,2,2,4312
spiti,5,2,2,4956
spiti,5,2,2,4846
spiti,5,2,2,4715
spiti,5,2,2,4927
spiti,5,2,2,4826
spiti,5,2,2,4898
spiti,5,2,2,5718
spiti,5,2,2,4382
spiti,5,2,2,5633
spiti,5,2,2,4970
spiti,5,2,2,5185
spiti,5,2,2,5495
spiti,5,2,2,4790
spiti,5,2,2,4895
spiti,5,2,2,4864
spiti,5,2,2,4812
spiti,5,2,2,5638
spiti,5,2,2,5493
spiti,5,2,2,4413
spiti,5,2,2,4412
spiti,5,2,2,4891
spiti,5,2,2,4397
spiti,5,2,2,5178
spiti,5,2,2,4465
spiti,5,2,2,5033
spiti,5,2,2,4260
spiti,5,2,2,4724
spiti,5,2,2,5265
spiti,5,2,2,4976
spiti,5,2,2,5717
spiti,5,2,2,5561
spiti,5,2,2,4788
spiti,5,2,2,4318
spiti,5,2,2,5518
spiti,5,3,2,5616
spiti,5,3,2,5480
spiti,5,3,2,4441
spiti,5,3,2,5746
spiti,5,3,2,4637
spiti,5,3,2,5336
spiti,5,3,2,5612
spiti,5,3,2,4603
spiti,5,3,2,5612
spiti,5,3,2,4714
spiti,5,3,2,5714
spiti,5,3,2,4671
spiti,5,3,2,5680
spiti,5,3,2,4330
spiti,5,3,2,5313
spiti,5,3,2,5048
spiti,5,3,2,4966
spiti,5,3,2,4585
spiti,5,3,2,5308
spiti,5,3,2,4536
spiti,5,3,2,5079
spiti,5,3,2,4629
spiti,5,3,2,5683
spiti,5,3,2,4292
spiti,5,3,2,4549
spiti,5,3,2,4613
spiti,5,3,2,4871
spiti,5,3,2,4599
spiti,5,3,2,4987
spiti,5,3,2,5558
spiti,5,3,2,5318
spiti,5,3,2,5119
spiti,5,3,2,4383
spiti,5,3,2,5290
spiti,5,3,2,4499
spiti,5,3,2,5429
spiti,5,3,2,4625
spiti,5,3,2,4875
spiti,5,3,2,4775
spiti,5,3,2,5538
spiti,5,3,2,4439
spiti,5,3,2,5098
spiti,5,3,2,4463
spiti,5,3,2,5307
spiti,5,3,2,5607
spiti,5,3,2,4901
spiti,5,3,2,4982
spiti,5,3,2,5641
spiti,5,3,2,5031
spiti,5,3,2,4981
spiti,5,4,2,5117
spiti,5,4,2,5283
spiti,5,4,2,4410
spiti,5,4,2,5481
spiti,5,4,2,4903
spiti,5,4,2,4358
spiti,5,4,2,5429
spiti,5,4,2,4815
spiti,5,4,2,4400
spiti,5,4,2,5200
spiti,5,4,2,5570
spiti,5,4,2,5581
spiti,5,4,2,5686
spiti,5,4,2,5551
spiti,5,4,2,4253
spiti,5,4,2,4820
spiti,5,4,2,5477
spiti,5,4,2,4799
spiti,5,4,2,5152
spiti,5,4,2,5159
spiti,5,4,2,4797
spiti,5,4,2,5606
spiti,5,4,2,5004
spiti,5,4,2,4947
spiti,5,4,2,5746
spiti,5,4,2,4990
spiti,5,4,2,4517
spiti,5,4,2,5019
spiti,5,4,2,5471
spiti,5,4,2,5415
spiti,5,4,2,5432
spiti,5,4,2,5312
spiti,5,4,2,4631
spiti,5,4,2,5543
spiti,5,4,2,5590
spiti,5,4,2,4541
spiti,5,4,2,4445
spiti,5,4,2,5713
spiti,5,4,2,5552
spiti,5,4,2,5589
spiti,5,4,2,5579
spiti,5,4,2,5062
spiti,5,4,2,5219
spiti,5,4,2,5068
spiti,5,4,2,4326
spiti,5,4,2,5368
spiti,5,4,2,5007
spiti,5,4,2,5221
spiti,5,4,2,5003
spiti,5,4,2,4987
spiti,5,5,2,7212
spiti,5,5,2,7468
spiti,5,5,2,7181
spiti,5,5,2,7269
spiti,5,5,2,9135
spiti,5,5,2,7167
spiti,5,5,2,7446
spiti,5,5,2,8217
spiti,5,5,2,8264
spiti,5,5,2,7169
spiti,5,5,2,8704
spiti,5,5,2,8684
spiti,5,5,2,7369
spiti,5,5,2,7492
spiti,5,5,2,9051
spiti,5,5,2,8781
spiti,5,5,2,8474
spiti,5,5,2,6997
spiti,5,5,2,7803
spiti,5,5,2,8142
spiti,5,5,2,7249
spiti,5,5,2,7875
spiti,5,5,2,8242
spiti,5,5,2,7585
spiti,5,5,2,8674
spiti,5,5,2,8817
spiti,5,5,2,7576
spiti,5,5,2,8812
spiti,5,5,2,7048
spiti,5,5,2,8810
spiti,5,5,2,7166
spiti,5,5,2,6999
spiti,5,5,2,8340
spiti,5,5,2,7932
spiti,5,5,2,8978
spiti,5,5,2,7671
spiti,5,5,2,7489
spiti,5,5,2,8001
spiti,5,5,2,7894
spiti,5,5,2,7626
spiti,5,5,2,8464
spiti,5,5,2,8622
spiti,5,5,2,8847
spiti,5,5,2,9134
spiti,5,5,2,7439
spiti,5,5,2,8518
spiti,5,5,2,7746
spiti,5,5,2,8424
spiti,5,5,2,7942
spiti,5,5,2,9185
spiti,5,6,2,8549
spiti,5,6,2,9085
spiti,5,6,2,8803
spiti,5,6,2,8966
spiti,5,6,2,8754
spiti,5,6,2,7901
spiti,5,6,2,7404
spiti,5,6,2,7688
spiti,5,6,2,6848
spiti,5,6,2,8057
spiti,5,6,2,8012
spiti,5,6,2,8060
spiti,5,6,2,9137
spiti,5,6,2,8987
spiti,5,6,2,7188
spiti,5,6,2,7685
spiti,5,6,2,7817
spiti,5,6,2,7665
spiti,5,6,2,8716
spiti,5,6,2,8057
spiti,5,6,2,8173
spiti,5,6,2,8847
spiti,5,6,2,8734
spiti,5,6,2,7117
spiti,5,6,2,8513
spiti,5,6,2,7845
spiti,5,6,2,7507
spiti,5,6,2,6920
spiti,5,6,2,7969
spiti,5,6,2,7653
spiti,5,6,2,7403
spiti,5,6,2,8467
spiti,5,6,2,8646
spiti,5,6,2,7387
spiti,5,6,2,6918
spiti,5,6,2,8837
spiti,5,6,2,6823
spiti,5,6,2,9049
spiti,5,6,2,8306
spiti,5,6,2,7572
spiti,5,6,2,7391
spiti,5,6,2,6821
spiti,5,6,2,7365
spiti,5,6,2,7130
spiti,5,6,2,8269
spiti,5,6,2,7199
spiti,5,6,2,8068
spiti,5,6,2,8216
spiti,5,6,2,7515
spiti,5,6,2,6884
spiti,5,7,2,3229
spiti,5,7,2,3217
spiti,5,7,2,4019
spiti,5,7,2,3545
spiti,5,7,2,4083
spiti,5,7,2,3673
spiti,5,7,2,3697
spiti,5,7,2,3764
spiti,5,7,2,3989
spiti,5,7,2,3495
spiti,5,7,2,3324
spiti,5,7,2,3813
spiti,5,7,2,3555
spiti,5,7,2,3685
spiti,5,7,2,3915
spiti,5,7,2,3743
spiti,5,7,2,3885
spiti,5,7,2,3799
spiti,5,7,2,4019
spiti,5,7,2,3981
spiti,5,7,2,3788
spiti,5,7,2,3951
spiti,5,7,2,4170
spiti,5,7,2,3673
spiti,5,7,2,3651
spiti,5,7,2,4047
spiti,5,7,2,3842
spiti,5,7,2,3267
spiti,5,7,2,4191
spiti,5,7,2,3222
spiti,5,7,2,4029
spiti,5,7,2,4041
spiti,5,7,2,4259
spiti,5,7,2,3248
spiti,5,7,2,3858
spiti,5,7,2,3668
spiti,5,7,2,3559
spiti,5,7,2,3289
spiti,5,7,2,3820
spiti,5,7,2,3726
spiti,5,7,2,3305
spiti,5,7,2,3876
spiti,5,7,2,4017
spiti,5,7,2,4050
spiti,5,7,2,4206
spiti,5,7,2,3648
spiti,5,7,2,4259
spiti,5,7,2,4161
spiti,5,7,2,3521
spiti,5,7,2,3366
spiti,5,8,2,3677
spiti,5,8,2,3639
spiti,5,8,2,3835
spiti,5,8,2,3843
spiti,5,8,2,4031
spiti,5,8,2,3761
spiti,5,8,2,3305
spiti,5,8,2,4153
spiti,5,8,2,3535
spiti,5,8,2,4280
spiti,5,8,2,3320
spiti,5,8,2,4265
spiti,5,8,2,3289
spiti,5,8,2,3447
spiti,5,8,2,3239
spiti,5,8,2,3980
spiti,5,8,2,4144
spiti,5,8,2,3675
spiti,5,8,2,4232
spiti,5,8,2,3851
spiti,5,8,2,3896
spiti,5,8,2,4138
spiti,5,8,2,3521
spiti,5,8,2,3586
spiti,5,8,2,4206
spiti,5,8,2,4201
spiti,5,8,2,4286
spiti,5,8,2,4202
spiti,5,8,2,3330
spiti,5,8,2,4114
spiti,5,8,2,3648
spiti,5,8,2,4302
spiti,5,8,2,3718
spiti,5,8,2,3810
spiti,5,8,2,3783
spiti,5,8,2,3549
spiti,5,8,2,3271
spiti,5,8,2,4195
spiti,5,8,2,4090
spiti,5,8,2,3344
spiti,5,8,2,4061
spiti,5,8,2,3891
spiti,5,8,2,3647
spiti,5,8,2,3473
spiti,5,8,2,4154
spiti,5,8,2,3975
spiti,5,8,2,3803
spiti,5,8,2,3873
spiti,5,8,2,3289
spiti,5,8,2,3720
spiti,5,9,2,4540
spiti,5,9,2,4562
spiti,5,9,2,5241
spiti,5,9,2,5616
spiti,5,9,2,4855
spiti,5,9,2,4561
spiti,5,9,2,5223
spiti,5,9,2,5556
spiti,5,9,2,5372
spiti,5,9,2,5553
spiti,5,9,2,5054
spiti,5,9,2,5377
spiti,5,9,2,4460
spiti,5,9,2,4772
spiti,5,9,2,4834
spiti,5,9,2,5016
spiti,5,9,2,5643
spiti,5,9,2,5561
spiti,5,9,2,4451
spiti,5,9,2,4509
spiti,5,9,2,4786
spiti,5,9,2,4686
spiti,5,9,2,5172
spiti,5,9,2,5604
spiti,5,9,2,5693
spiti,5,9,2,5230
spiti,5,9,2,5507
spiti,5,9,2,5037
spiti,5,9,2,4562
spiti,5,9,2,5037
spiti,5,9,2,5082
spiti,5,9,2,5363
spiti,5,9,2,4579
spiti,5,9,2,4802
spiti,5,9,2,4796
spiti,5,9,2,5689
spiti,5,9,2,4915
spiti,5,9,2,5382
spiti,5,9,2,5376
spiti,5,9,2,4648
spiti,5,9,2,5107
spiti,5,9,2,5591
spiti,5,9,2,4962
spiti,5,9,2,5667
spiti,5,9,2,4571
spiti,5,9,2,4361
spiti,5,9,2,5587
spiti,5,9,2,5521
spiti,5,9,2,5738
spiti,5,9,2,5269
spiti,5,10,2,5655
spiti,5,10,2,5490
spiti,5,10,2,5516
spiti,5,10,2,5103
spiti,5,10,2,4823
spiti,5,10,2,5651
spiti,5,10,2,4898
spiti,5,10,2,5058
spiti,5,10,2,4919
spiti,5,10,2,5097
spiti,5,10,2,4955
spiti,5,10,2,4321
spiti,5,10,2,5573
spiti,5,10,2,4916
spiti,5,10,2,5133
spiti,5,10,2,4458
spiti,5,10,2,4255
spiti,5,10,2,4617
spiti,5,10,2,5306
spiti,5,10,2,4398
spiti,5,10,2,5613
spiti,5,10,2,4572
spiti,5,10,2,4556
spiti,5,10,2,4522
spiti,5,10,2,4270
spiti,5,10,2,5407
spiti,5,10,2,5562
spiti,5,10,2,5171
spiti,5,10,2,4532
spiti,5,10,2,4677
spiti,5,10,2,4963
spiti,5,10,2,5681
spiti,5,10,2,4621
spiti,5,10,2,5347
spiti,5,10,2,4909
spiti,5,10,2,4696
spiti,5,10,2,4933
spiti,5,10,2,4356
spiti,5,10,2,5448
spiti,5,10,2,4614
spiti,5,10,2,5338
spiti,5,10,2,4352
spiti,5,10,2,5682
spiti,5,10,2,4539
spiti,5,10,2,5574
spiti,5,10,2,5464
spiti,5,10,2,5701
spiti,5,10,2,4966
spiti,5,10,2,5341
spiti,5,10,2,4806
spiti,5,11,2,4526
spiti,5,11,2,4914
spiti,5,11,2,4498
spiti,5,11,2,5723
spiti,5,11,2,4394
spiti,5,11,2,5133
spiti,5,11,2,5189
spiti,5,11,2,5057
spiti,5,11,2,5243
spiti,5,11,2,4424
spiti,5,11,2,5082
spiti,5,11,2,4680
spiti,5,11,2,5660
spiti,5,11,2,5393
spiti,5,11,2,5708
spiti,5,11,2,4306
spiti,5,11,2,4677
spiti,5,11,2,4543
spiti,5,11,2,4266
spiti,5,11,2,4613
spiti,5,11,2,5268
spiti,5,11,2,4596
spiti,5,11,2,5013
spiti,5,11,2,5581
spiti,5,11,2,5290
spiti,5,11,2,4841
spiti,5,11,2,4808
spiti,5,11,2,4933
spiti,5,11,2,4515
spiti,5,11,2,5201
spiti,5,11,2,4796
spiti,5,11,2,5528
spiti,5,11,2,5384
spiti,5,11,2,5165
spiti,5,11,2,4796
spiti,5,11,2,4564
spiti,5,11,2,5414
spiti,5,11,2,4979
spiti,5,11,2,4587
spiti,5,11,2,4542
spiti,5,11,2,4498
spiti,5,11,2,5415
spiti,5,11,2,4593
spiti,5,11,2,5039
spiti,5,11,2,4927
spiti,5,11,2,5119
spiti,5,11,2,5565
spiti,5,11,2,5551
spiti,5,11,2,4926
spiti,5,11,2,4273
spiti,5,12,2,6845
spiti,5,12,2,7223
spiti,5,12,2,7121
spiti,5,12,2,7317
spiti,5,12,2,6273
spiti,5,12,2,7307
spiti,5,12,2,6333
spiti,5,12,2,7526
spiti,5,12,2,6662
spiti,5,12,2,7440
spiti,5,12,2,6050
spiti,5,12,2,6806
spiti,5,12,2,7430
spiti,5,12,2,6426
spiti,5,12,2,7620
spiti,5,12,2,7274
spiti,5,12,2,7183
spiti,5,12,2,6692
spiti,5,12,2,6963
spiti,5,12,2,7204
spiti,5,12,2,6942
spiti,5,12,2,7416
spiti,5,12,2,6860
spiti,5,12,2,6374
spiti,5,12,2,6399
spiti,5,12,2,5962
spiti,5,12,2,6582
spiti,5,12,2,7522
spiti,5,12,2,7617
spiti,5,12,2,6375
spiti,5,12,2,7963
spiti,5,12,2,7005
spiti,5,12,2,7875
spiti,5,12,2,7434
spiti,5,12,2,7467
spiti,5,12,2,6128
spiti,5,12,2,6411
spiti,5,12,2,5968
spiti,5,12,2,7453
spiti,5,12,2,6673
spiti,5,12,2,7601
spiti,5,12,2,6661
spiti,5,12,2,7670
spiti,5,12,2,6224
spiti,5,12,2,6314
spiti,5,12,2,6665
spiti,5,12,2,6807
spiti,5,12,2,6682
spiti,5,12,2,7553
spiti,5,12,2,6153
reckong peo,6,1,0,1324
reckong peo,6,1,0,1526
reckong peo,6,1,0,1205
reckong peo,6,1,0,1569
reckong peo,6,1,0,1588
reckong peo,6,1,0,1214
reckong peo,6,1,0,1299
reckong peo,6,1,0,1332
reckong peo,6,1,0,1500
reckong peo,6,1,0,1425
reckong peo,6,1,0,1446
reckong peo,6,1,0,1493
reckong peo,6,1,0,1227
reckong peo,6,1,0,1524
reckong peo,6,1,0,1471
reckong peo,6,1,0,1418
reckong peo,6,1,0,1548
reckong peo,6,1,0,1469
reckong peo,6,1,0,1261
reckong peo,6,1,0,1356
reckong peo,6,1,0,1383
reckong peo,6,1,0,1201
reckong peo,6,1,0,1575
reckong peo,6,1,0,1231
reckong peo,6,1,0,1468
reckong peo,6,1,0,1388
reckong peo,6,1,0,1188
reckong peo,6,1,0,1562
reckong peo,6,1,0,1532
reckong peo,6,1,0,1396
reckong peo,6,1,0,1273
reckong peo,6,1,0,1228
reckong peo,6,1,0,1329
reckong peo,6,1,0,1284
reckong peo,6,1,0,1388
reckong peo,6,1,0,1579
reckong peo,6,1,0,1417
reckong peo,6,1,0,1548
reckong peo,6,1,0,1448
reckong peo,6,1,0,1375
reckong peo,6,1,0,1533
reckong peo,6,1,0,1374
reckong peo,6,1,0,1539
reckong peo,6,1,0,1299
reckong peo,6,1,0,1231
reckong peo,6,1,0,1533
reckong peo,6,1,0,1422
reckong peo,6,1,0,1547
reckong peo,6,1,0,1568
reckong peo,6,1,0,1200
reckong peo,6,2,0,990
reckong peo,6,2,0,952
reckong peo,6,2,0,1027
reckong peo,6,2,0,1077
reckong peo,6,2,0,924
reckong peo,6,2,0,1006
reckong peo,6,2,0,1051
reckong peo,6,2,0,881
reckong peo,6,2,0,1083
reckong peo,6,2,0,1021
reckong peo,6,2,0,1123
reckong peo,6,2,0,942
reckong peo,6,2,0,873
reckong peo,6,2,0,991
reckong peo,6,2,0,866
reckong peo,6,2,0,1129
reckong peo,6,2,0,852
reckong peo,6,2,0,1065
reckong peo,6,2,0,997
reckong peo,6,2,0,950
reckong peo,6,2,0,861
reckong peo,6,2,0,1026
reckong peo,6,2,0,1015
reckong peo,6,2,0,924
reckong peo,6,2,0,1111
reckong peo,6,2,0,931
reckong peo,6,2,0,975
reckong peo,6,2,0,1002
reckong peo,6,2,0,871
reckong peo,6,2,0,1118
reckong peo,6,2,0,952
reckong peo,6,2,0,865
reckong peo,6,2,0,956
reckong peo,6,2,0,1019
reckong peo,6,2,0,994
reckong peo,6,2,0,1047
reckong peo,6,2,0,857
reckong peo,6,2,0,926
reckong peo,6,2,0,1084
reckong peo,6,2,0,865
reckong peo,6,2,0,1095
reckong peo,6,2,0,868
reckong peo,6,2,0,1089
reckong peo,6,2,0,948
reckong peo,6,2,0,1023
reckong peo,6,2,0,886
reckong peo,6,2,0,861
reckong peo,6,2,0,905
reckong peo,6,2,0,879
reckong peo,6,2,0,934
reckong peo,6,3,0,994
reckong peo,6,3,0,1016
reckong peo,6,3,0,1076
reckong peo,6,3,0,1036
reckong peo,6,3,0,1022
reckong peo,6,3,0,963
reckong peo,6,3,0,982
reckong peo,6,3,0,964
reckong peo,6,3,0,1091
reckong peo,6,3,0,909
reckong peo,6,3,0,843
reckong peo,6,3,0,1034
reckong peo,6,3,0,901
reckong peo,6,3,0,1105
reckong peo,6,3,0,1096
reckong peo,6,3,0,864
reckong peo,6,3,0,873
reckong peo,6,3,0,988
reckong peo,6,3,0,1022
reckong peo,6,3,0,923
reckong peo,6,3,0,1054
reckong peo,6,3,0,1018
reckong peo,6,3,0,937
reckong peo,6,3,0,849
reckong peo,6,3,0,1064
reckong peo,6,3,0,905
reckong peo,6,3,0,1089
reckong peo,6,3,0,966
reckong peo,6,3,0,1012
reckong peo,6,3,0,1100
reckong peo,6,3,0,1097
reckong peo,6,3,0,951
reckong peo,6,3,0,903
reckong peo,6,3,0,1071
reckong peo,6,3,0,970
reckong peo,6,3,0,898
reckong peo,6,3,0,1110
reckong peo,6,3,0,900
reckong peo,6,3,0,849
reckong peo,6,3,0,847
reckong peo,6,3,0,1026
reckong peo,6,3,0,1038
reckong peo,6,3,0,933
reckong peo,6,3,0,936
reckong peo,6,3,0,942
reckong peo,6,3,0,1043
reckong peo,6,3,0,858
reckong peo,6,3,0,1117
reckong peo,6,3,0,907
reckong peo,6,3,0,1138
reckong peo,6,4,0,892
reckong peo,6,4,0,1070
reckong peo,6,4,0,907
reckong peo,6,4,0,865
reckong peo,6,4,0,1101
reckong peo,6,4,0,1096
reckong peo,6,4,0,961
reckong peo,6,4,0,1050
reckong peo,6,4,0,1006
reckong peo,6,4,0,1094
reckong peo,6,4,0,935
reckong peo,6,4,0,997
reckong peo,6,4,0,985
reckong peo,6,4,0,946
reckong peo,6,4,0,1106
reckong peo,6,4,0,890
reckong peo,6,4,0,885
reckong peo,6,4,0,1012
reckong peo,6,4,0,1036
reckong peo,6,4,0,899
reckong peo,6,4,0,957
reckong peo,6,4,0,1122
reckong peo,6,4,0,914
reckong peo,6,4,0,1040
reckong peo,6,4,0,1061
reckong peo,6,4,0,974
reckong peo,6,4,0,1119
reckong peo,6,4,0,1060
reckong peo,6,4,0,977
reckong peo,6,4,0,1010
reckong peo,6,4,0,1047
reckong peo,6,4,0,1017
reckong peo,6,4,0,1102
reckong peo,6,4,0,947
reckong peo,6,4,0,930
reckong peo,6,4,0,905
reckong peo,6,4,0,852
reckong peo,6,4,0,854
reckong peo,6,4,0,1099
reckong peo,6,4,0,1042
reckong peo,6,4,0,1037
reckong peo,6,4,0,1024
reckong peo,6,4,0,1093
reckong peo,6,4,0,984
reckong peo,6,4,0,1100
reckong peo,6,4,0,948
reckong peo,6,4,0,1116
reckong peo,6,4,0,1049
reckong peo,6,4,0,917
reckong peo,6,4,0,1009
reckong peo,6,5,0,1599
reckong peo,6,5,0,1411
reckong peo,6,5,0,1627
reckong peo,6,5,0,1495
reckong peo,6,5,0,1371
reckong peo,6,5,0,1797
reckong peo,6,5,0,1651
reckong peo,6,5,0,1763
reckong peo,6,5,0,1667
reckong peo,6,5,0,1516
reckong peo,6,5,0,1590
reckong peo,6,5,0,1667
reckong peo,6,5,0,1802
reckong peo,6,5,0,1466
reckong peo,6,5,0,1762
reckong peo,6,5,0,1785
reckong peo,6,5,0,1664
reckong peo,6,5,0,1788
reckong peo,6,5,0,1535
reckong peo,6,5,0,1799
reckong peo,6,5,0,1680
reckong peo,6,5,0,1366
reckong peo,6,5,0,1777
reckong peo,6,5,0,1576
reckong peo,6,5,0,1565
reckong peo,6,5,0,1615
reckong peo,6,5,0,1417
reckong peo,6,5,0,1569
reckong peo,6,5,0,1741
reckong peo,6,5,0,1353
reckong peo,6,5,0,1476
reckong peo,6,5,0,1347
reckong peo,6,5,0,1543
reckong peo,6,5,0,1692
reckong peo,6,5,0,1725
reckong peo,6,5,0,1795
reckong peo,6,5,0,1635
reckong peo,6,5,0,1467
reckong peo,6,5,0,1785
reckong peo,6,5,0,1714
reckong peo,6,5,0,1619
reckong peo,6,5,0,1676
reckong peo,6,5,0,1785
reckong peo,6,5,0,1684
reckong peo,6,5,0,1521
reckong peo,6,5,0,1685
reckong peo,6,5,0,1365
reckong peo,6,5,0,1530
reckong peo,6,5,0,1539
reckong peo,6,5,0,1425
reckong peo,6,6,0,1357
reckong peo,6,6,0,1409
reckong peo,6,6,0,1657
reckong peo,6,6,0,1727
reckong peo,6,6,0,1815
reckong peo,6,6,0,1510
reckong peo,6,6,0,1631
reckong peo,6,6,0,1791
reckong peo,6,6,0,1425
reckong peo,6,6,0,1687
reckong peo,6,6,0,1705
reckong peo,6,6,0,1388
reckong peo,6,6,0,1755
reckong peo,6,6,0,1732
reckong peo,6,6,0,1362
reckong peo,6,6,0,1389
reckong peo,6,6,0,1369
reckong peo,6,6,0,1505
reckong peo,6,6,0,1588
reckong peo,6,6,0,1599
reckong peo,6,6,0,1473
reckong peo,6,6,0,1779
reckong peo,6,6,0,1521
reckong peo,6,6,0,1368
reckong peo,6,6,0,1489
reckong peo,6,6,0,1598
reckong peo,6,6,0,1540
reckong peo,6,6,0,1476
reckong peo,6,6,0,1408
reckong peo,6,6,0,1735
reckong peo,6,6,0,1819
reckong peo,6,6,0,1502
reckong peo,6,6,0,1527
reckong peo,6,6,0,1640
reckong peo,6,6,0,1687
reckong peo,6,6,0,1532
reckong peo,6,6,0,1776
reckong peo,6,6,0,1612
reckong peo,6,6,0,1560
reckong peo,6,6,0,1653
reckong peo,6,6,0,1799
reckong peo,6,6,0,1723
reckong peo,6,6,0,1365
reckong peo,6,6,0,1504
reckong peo,6,6,0,1570
reckong peo,6,6,0,1495
reckong peo,6,6,0,1679
reckong peo,6,6,0,1739
reckong peo,6,6,0,1693
reckong peo,6,6,0,1816
reckong peo,6,7,0,691
reckong peo,6,7,0,826
reckong peo,6,7,0,801
reckong peo,6,7,0,711
reckong peo,6,7,0,794
reckong peo,6,7,0,654
reckong peo,6,7,0,806
reckong peo,6,7,0,749
reckong peo,6,7,0,696
reckong peo,6,7,0,777
reckong peo,6,7,0,774
reckong peo,6,7,0,677
reckong peo,6,7,0,637
reckong peo,6,7,0,727
reckong peo,6,7,0,757
reckong peo,6,7,0,826
reckong peo,6,7,0,837
reckong peo,6,7,0,748
reckong peo,6,7,0,799
reckong peo,6,7,0,728
reckong peo,6,7,0,797
reckong peo,6,7,0,676
reckong peo,6,7,0,713
reckong peo,6,7,0,772
reckong peo,6,7,0,635
reckong peo,6,7,0,792
reckong peo,6,7,0,817
reckong peo,6,7,0,720
reckong peo,6,7,0,730
reckong peo,6,7,0,820
reckong peo,6,7,0,803
reckong peo,6,7,0,695
reckong peo,6,7,0,703
reckong peo,6,7,0,782
reckong peo,6,7,0,756
reckong peo,6,7,0,667
reckong peo,6,7,0,700
reckong peo,6,7,0,831
reckong peo,6,7,0,784
reckong peo,6,7,0,850
reckong peo,6,7,0,801
reckong peo,6,7,0,840
reckong peo,6,7,0,679
reckong peo,6,7,0,802
reckong peo,6,7,0,635
reckong peo,6,7,0,780
reckong peo,6,7,0,735
reckong peo,6,7,0,708
reckong peo,6,7,0,823
reckong peo,6,7,0,821
reckong peo,6,8,0,636
reckong peo,6,8,0,766
reckong peo,6,8,0,713
reckong peo,6,8,0,723
reckong peo,6,8,0,816
reckong peo,6,8,0,700
reckong peo,6,8,0,841
reckong peo,6,8,0,671
reckong peo,6,8,0,778
reckong peo,6,8,0,780
reckong peo,6,8,0,687
reckong peo,6,8,0,703
reckong peo,6,8,0,817
reckong peo,6,8,0,800
reckong peo,6,8,0,704
reckong peo,6,8,0,750
reckong peo,6,8,0,644
reckong peo,6,8,0,677
reckong peo,6,8,0,739
reckong peo,6,8,0,650
reckong peo,6,8,0,818
reckong peo,6,8,0,791
reckong peo,6,8,0,841
reckong peo,6,8,0,785
reckong peo,6,8,0,840
reckong peo,6,8,0,754
reckong peo,6,8,0,764
reckong peo,6,8,0,848
reckong peo,6,8,0,774
reckong peo,6,8,0,637
reckong peo,6,8,0,792
reckong peo,6,8,0,832
reckong peo,6,8,0,808
reckong peo,6,8,0,761
reckong peo,6,8,0,780
reckong peo,6,8,0,851
reckong peo,6,8,0,651
reckong peo,6,8,0,779
reckong peo,6,8,0,694
reckong peo,6,8,0,773
reckong peo,6,8,0,766
reckong peo,6,8,0,665
reckong peo,6,8,0,677
reckong peo,6,8,0,769
reckong peo,6,8,0,659
reckong peo,6,8,0,690
reckong peo,6,8,0,817
reckong peo,6,8,0,703
reckong peo,6,8,0,739
reckong peo,6,8,0,840
reckong peo,6,9,0,908
reckong peo,6,9,0,957
reckong peo,6,9,0,1021
reckong peo,6,9,0,1065
reckong peo,6,9,0,1109
reckong peo,6,9,0,1113
reckong peo,6,9,0,1072
reckong peo,6,9,0,909
reckong peo,6,9,0,848
reckong peo,6,9,0,955
reckong peo,6,9,0,883
reckong peo,6,9,0,1052
reckong peo,6,9,0,1037
reckong peo,6,9,0,854
reckong peo,6,9,0,1089
reckong peo,6,9,0,915
reckong peo,6,9,0,969
reckong peo,6,9,0,1039
reckong peo,6,9,0,969
reckong peo,6,9,0,972
reckong peo,6,9,0,860
reckong peo,6,9,0,960
reckong peo,6,9,0,1068
reckong peo,6,9,0,1113
reckong peo,6,9,0,964
reckong peo,6,9,0,967
reckong peo,6,9,0,1050
reckong peo,6,9,0,1121
reckong peo,6,9,0,920
reckong peo,6,9,0,972
reckong peo,6,9,0,1077
reckong peo,6,9,0,1022
reckong peo,6,9,0,874
reckong peo,6,9,0,1027
reckong peo,6,9,0,896
reckong peo,6,9,0,993
reckong peo,6,9,0,998
reckong peo,6,9,0,1101
reckong peo,6,9,0,978
reckong peo,6,9,0,924
reckong peo,6,9,0,910
reckong peo,6,9,0,1101
reckong peo,6,9,0,892
reckong peo,6,9,0,967
reckong peo,6,9,0,897
reckong peo,6,9,0,1071
reckong peo,6,9,0,982
reckong peo,6,9,0,945
reckong peo,6,9,0,948
reckong peo,6,9,0,1094
reckong peo,6,10,0,1005
reckong peo,6,10,0,1054
reckong peo,6,10,0,1107
reckong peo,6,10,0,1109
reckong peo,6,10,0,939
reckong peo,6,10,0,1124
reckong peo,6,10,0,848
reckong peo,6,10,0,953
reckong peo,6,10,0,1107
reckong peo,6,10,0,923
reckong peo,6,10,0,922
reckong peo,6,10,0,931
reckong peo,6,10,0,1023
reckong peo,6,10,0,971
reckong peo,6,10,0,1057
reckong peo,6,10,0,1107
reckong peo,6,10,0,1041
reckong peo,6,10,0,902
reckong peo,6,10,0,1118
reckong peo,6,10,0,920
reckong peo,6,10,0,886
reckong peo,6,10,0,868
reckong peo,6,10,0,1008
reckong peo,6,10,0,875
reckong peo,6,10,0,882
reckong peo,6,10,0,930
reckong peo,6,10,0,925
reckong peo,6,10,0,1020
reckong peo,6,10,0,1084
reckong peo,6,10,0,1067
reckong peo,6,10,0,919
reckong peo,6,10,0,914
reckong peo,6,10,0,1128
reckong peo,6,10,0,843
reckong peo,6,10,0,1102
reckong peo,6,10,0,900
reckong peo,6,10,0,1122
reckong peo,6,10,0,943
reckong peo,6,10,0,972
reckong peo,6,10,0,1051
reckong peo,6,10,0,1016
reckong peo,6,10,0,935
reckong peo,6,10,0,1005
reckong peo,6,10,0,1058
reckong peo,6,10,0,854
reckong peo,6,10,0,844
reckong peo,6,10,0,977
reckong peo,6,10,0,880
reckong peo,6,10,0,1038
reckong peo,6,10,0,905
reckong peo,6,11,0,970
reckong peo,6,11,0,900
reckong peo,6,11,0,1004
reckong peo,6,11,0,875
reckong peo,6,11,0,848
reckong peo,6,11,0,856
reckong peo,6,11,0,1124
reckong peo,6,11,0,883
reckong peo,6,11,0,1051
reckong peo,6,11,0,861
reckong peo,6,11,0,873
reckong peo,6,11,0,992
reckong peo,6,11,0,979
reckong peo,6,11,0,1124
reckong peo,6,11,0,1122
reckong peo,6,11,0,1073
reckong peo,6,11,0,1020
reckong peo,6,11,0,976
reckong peo,6,11,0,947
reckong peo,6,11,0,1122
reckong peo,6,11,0,1020
reckong peo,6,11,0,1013
reckong peo,6,11,0,910
reckong peo,6,11,0,855
reckong peo,6,11,0,1122
reckong peo,6,11,0,934
reckong peo,6,11,0,972
reckong peo,6,11,0,875
reckong peo,6,11,0,1090
reckong peo,6,11,0,849
reckong peo,6,11,0,1089
reckong peo,6,11,0,883
reckong peo,6,11,0,1104
reckong peo,6,11,0,1058
reckong peo,6,11,0,890
reckong peo,6,11,0,1009
reckong peo,6,11,0,934
reckong peo,6,11,0,894
reckong peo,6,11,0,1096
reckong peo,6,11,0,961
reckong peo,6,11,0,959
reckong peo,6,11,0,891
reckong peo,6,11,0,955
reckong peo,6,11,0,1100
reckong peo,6,11,0,949
reckong peo,6,11,0,1124
reckong peo,6,11,0,1122
reckong peo,6,11,0,884
reckong peo,6,11,0,894
reckong peo,6,11,0,1097
reckong peo,6,12,0,1341
reckong peo,6,12,0,1179
reckong peo,6,12,0,1291
reckong peo,6,12,0,1426
reckong peo,6,12,0,1510
reckong peo,6,12,0,1233
reckong peo,6,12,0,1224
reckong peo,6,12,0,1561
reckong peo,6,12,0,1490
reckong peo,6,12,0,1423
reckong peo,6,12,0,1497
reckong peo,6,12,0,1356
reckong peo,6,12,0,1493
reckong peo,6,12,0,1332
reckong peo,6,12,0,1279
reckong peo,6,12,0,1481
reckong peo,6,12,0,1352
reckong peo,6,12,0,1586
reckong peo,6,12,0,1323
reckong peo,6,12,0,1561
reckong peo,6,12,0,1566
reckong peo,6,12,0,1278
reckong peo,6,12,0,1510
reckong peo,6,12,0,1358
reckong peo,6,12,0,1559
reckong peo,6,12,0,1365
reckong peo,6,12,0,1487
reckong peo,6,12,0,1372
reckong peo,6,12,0,1272
reckong peo,6,12,0,1260
reckong peo,6,12,0,1354
reckong peo,6,12,0,1492
reckong peo,6,12,0,1429
reckong peo,6,12,0,1464
reckong peo,6,12,0,1295
reckong peo,6,12,0,1378
reckong peo,6,12,0,1196
reckong peo,6,12,0,1518
reckong peo,6,12,0,1589
reckong peo,6,12,0,1347
reckong peo,6,12,0,1182
reckong peo,6,12,0,1248
reckong peo,6,12,0,1449
reckong peo,6,12,0,1432
reckong peo,6,12,0,1505
reckong peo,6,12,0,1283
reckong peo,6,12,0,1495
reckong peo,6,12,0,1464
reckong peo,6,12,0,1312
reckong peo,6,12,0,1404
reckong peo,6,1,1,2253
reckong peo,6,1,1,2484
reckong peo,6,1,1,2808
reckong peo,6,1,1,2460
reckong peo,6,1,1,2776
reckong peo,6,1,1,2588
reckong peo,6,1,1,2287
reckong peo,6,1,1,2581
reckong peo,6,1,1,2524
reckong peo,6,1,1,2443
reckong peo,6,1,1,2232
reckong peo,6,1,1,2457
reckong peo,6,1,1,2197
reckong peo,6,1,1,2216
reckong peo,6,1,1,2456
reckong peo,6,1,1,2372
reckong peo,6,1,1,2841
reckong peo,6,1,1,2426
reckong peo,6,1,1,2714
reckong peo,6,1,1,2542
reckong peo,6,1,1,2674
reckong peo,6,1,1,2338
reckong peo,6,1,1,2854
reckong peo,6,1,1,2542
reckong peo,6,1,1,2770
reckong peo,6,1,1,2417
reckong peo,6,1,1,2217
reckong peo,6,1,1,2651
reckong peo,6,1,1,2147
reckong peo,6,1,1,2501
reckong peo,6,1,1,2287
reckong peo,6,1,1,2616
reckong peo,6,1,1,2882
reckong peo,6,1,1,2493
reckong peo,6,1,1,2760
reckong peo,6,1,1,2525
reckong peo,6,1,1,2516
reckong peo,6,1,1,2845
reckong peo,6,1,1,2814
reckong peo,6,1,1,2736
reckong peo,6,1,1,2365
reckong peo,6,1,1,2554
reckong peo,6,1,1,2311
reckong peo,6,1,1,2477
reckong peo,6,1,1,2508
reckong peo,6,1,1,2770
reckong peo,6,1,1,2819
reckong peo,6,1,1,2455
reckong peo,6,1,1,2155
reckong peo,6,1,1,2793
reckong peo,6,2,1,1624
reckong peo,6,2,1,1865
reckong peo,6,2,1,1543
reckong peo,6,2,1,1745
reckong peo,6,2,1,2062
reckong peo,6,2,1,1584
reckong peo,6,2,1,1758
reckong peo,6,2,1,1695
reckong peo,6,2,1,2018
reckong peo,6,2,1,1999
reckong peo,6,2,1,1658
reckong peo,6,2,1,1573
reckong peo,6,2,1,1868
reckong peo,6,2,1,1711
reckong peo,6,2,1,1892
reckong peo,6,2,1,1547
reckong peo,6,2,1,1602
reckong peo,6,2,1,1900
reckong peo,6,2,1,1644
reckong peo,6,2,1,1993
reckong peo,6,2,1,1561
reckong peo,6,2,1,1646
reckong peo,6,2,1,2069
reckong peo,6,2,1,1763
reckong peo,6,2,1,1909
reckong peo,6,2,1,1628
reckong peo,6,2,1,1859
reckong peo,6,2,1,1922
reckong peo,6,2,1,1699
reckong peo,6,2,1,1977
reckong peo,6,2,1,1855
reckong peo,6,2,1,1740
reckong peo,6,2,1,1831
reckong peo,6,2,1,1841
reckong peo,6,2,1,1619
reckong peo,6,2,1,1747
reckong peo,6,2,1,1715
reckong peo,6,2,1,1746
reckong peo,6,2,1,1940
reckong peo,6,2,1,1790
reckong peo,6,2,1,2037
reckong peo,6,2,1,1688
reckong peo,6,2,1,1754
reckong peo,6,2,1,1954
reckong peo,6,2,1,1824
reckong peo,6,2,1,1825
reckong peo,6,2,1,1558
reckong peo,6,2,1,1745
reckong peo,6,2,1,1676
reckong peo,6,2,1,2069
reckong peo,6,3,1,1696
reckong peo,6,3,1,2007
reckong peo,6,3,1,1895
reckong peo,6,3,1,1714
reckong peo,6,3,1,1823
reckong peo,6,3,1,1983
reckong peo,6,3,1,2007
reckong peo,6,3,1,1616
reckong peo,6,3,1,1713
reckong peo,6,3,1,1711
reckong peo,6,3,1,1552
reckong peo,6,3,1,1853
reckong peo,6,3,1,1991
reckong peo,6,3,1,1736
reckong peo,6,3,1,1929
reckong peo,6,3,1,1868
reckong peo,6,3,1,1732
reckong peo,6,3,1,1606
reckong peo,6,3,1,1913
reckong peo,6,3,1,1991
reckong peo,6,3,1,1900
reckong peo,6,3,1,1539
reckong peo,6,3,1,1646
reckong peo,6,3,1,1567
reckong peo,6,3,1,1838
reckong peo,6,3,1,1938
reckong peo,6,3,1,1589
reckong peo,6,3,1,1982
reckong peo,6,3,1,1829
reckong peo,6,3,1,1902
reckong peo,6,3,1,2054
reckong peo,6,3,1,1575
reckong peo,6,3,1,2016
reckong peo,6,3,1,1598
reckong peo,6,3,1,1742
reckong peo,6,3,1,1989
reckong peo,6,3,1,2019
reckong peo,6,3,1,1803
reckong peo,6,3,1,1850
reckong peo,6,3,1,1912
reckong peo,6,3,1,1979
reckong peo,6,3,1,1595
reckong peo,6,3,1,1967
reckong peo,6,3,1,1789
reckong peo,6,3,1,1773
reckong peo,6,3,1,1758
reckong peo,6,3,1,1804
reckong peo,6,3,1,2040
reckong peo,6,3,1,1826
reckong peo,6,3,1,2044
reckong peo,6,4,1,1627
reckong peo,6,4,1,1921
reckong peo,6,4,1,1968
reckong peo,6,4,1,1896
reckong peo,6,4,1,1857
reckong peo,6,4,1,1834
reckong peo,6,4,1,1994
reckong peo,6,4,1,1973
reckong peo,6,4,1,1596
reckong peo,6,4,1,1988
reckong peo,6,4,1,1753
reckong peo,6,4,1,1666
reckong peo,6,4,1,1999
reckong peo,6,4,1,1763
reckong peo,6,4,1,1966
reckong peo,6,4,1,1672
reckong peo,6,4,1,1532
reckong peo,6,4,1,1797
reckong peo,6,4,1,1584
reckong peo,6,4,1,1937
reckong peo,6,4,1,1679
reckong peo,6,4,1,1769
reckong peo,6,4,1,1576
reckong peo,6,4,1,1684
reckong peo,6,4,1,1952
reckong peo,6,4,1,1611
reckong peo,6,4,1,1879
reckong peo,6,4,1,2025
reckong peo,6,4,1,1897
reckong peo,6,4,1,1967
reckong peo,6,4,1,1588
reckong peo,6,4,1,1665
reckong peo,6,4,1,2013
reckong peo,6,4,1,1916
reckong peo,6,4,1,1875
reckong peo,6,4,1,1888
reckong peo,6,4,1,1753
reckong peo,6,4,1,1554
reckong peo,6,4,1,1953
reckong peo,6,4,1,1896
reckong peo,6,4,1,1785
reckong peo,6,4,1,2015
reckong peo,6,4,1,1711
reckong peo,6,4,1,1688
reckong peo,6,4,1,2001
reckong peo,6,4,1,1960
reckong peo,6,4,1,1808
reckong peo,6,4,1,1600
reckong peo,6,4,1,1646
reckong peo,6,4,1,1884
reckong peo,6,5,1,2780
reckong peo,6,5,1,3170
reckong peo,6,5,1,3268
reckong peo,6,5,1,3144
reckong peo,6,5,1,2774
reckong peo,6,5,1,3129
reckong peo,6,5,1,2751
reckong peo,6,5,1,2592
reckong peo,6,5,1,2476
reckong peo,6,5,1,2781
reckong peo,6,5,1,3228
reckong peo,6,5,1,2654
reckong peo,6,5,1,2626
reckong peo,6,5,1,3285
reckong peo,6,5,1,2469
reckong peo,6,5,1,3126
reckong peo,6,5,1,2725
reckong peo,6,5,1,2480
reckong peo,6,5,1,3240
reckong peo,6,5,1,2568
reckong peo,6,5,1,2924
reckong peo,6,5,1,2684
reckong peo,6,5,1,2504
reckong peo,6,5,1,2491
reckong peo,6,5,1,2547
reckong peo,6,5,1,2509
reckong peo,6,5,1,3105
reckong peo,6,5,1,2867
reckong peo,6,5,1,2744
reckong peo,6,5,1,2809
reckong peo,6,5,1,3250
reckong peo,6,5,1,3234
reckong peo,6,5,1,3066
reckong peo,6,5,1,3212
reckong peo,6,5,1,2724
reckong peo,6,5,1,2777
reckong peo,6,5,1,2978
reckong peo,6,5,1,2986
reckong peo,6,5,1,2864
reckong peo,6,5,1,2794
reckong peo,6,5,1,3300
reckong peo,6,5,1,3157
reckong peo,6,5,1,2823
reckong peo,6,5,1,3076
reckong peo,6,5,1,2680
reckong peo,6,5,1,2534
reckong peo,6,5,1,2752
reckong peo,6,5,1,2796
reckong peo,6,5,1,2462
reckong peo,6,5,1,3151
reckong peo,6,6,1,2758
reckong peo,6,6,1,2949
reckong peo,6,6,1,2511
reckong peo,6,6,1,2599
reckong peo,6,6,1,3216
reckong peo,6,6,1,2973
reckong peo,6,6,1,3269
reckong peo,6,6,1,3310
reckong peo,6,6,1,2769
reckong peo,6,6,1,2706
reckong peo,6,6,1,3189
reckong peo,6,6,1,3310
reckong peo,6,6,1,2992
reckong peo,6,6,1,3135
reckong peo,6,6,1,3123
reckong peo,6,6,1,2755
reckong peo,6,6,1,2944
reckong peo,6,6,1,3167
reckong peo,6,6,1,3042
reckong peo,6,6,1,2466
reckong peo,6,6,1,2738
reckong peo,6,6,1,2572
reckong peo,6,6,1,2649
reckong peo,6,6,1,3230
reckong peo,6,6,1,2479
reckong peo,6,6,1,2637
reckong peo,6,6,1,2715
reckong peo,6,6,1,2980
reckong peo,6,6,1,2909
reckong peo,6,6,1,2636
reckong peo,6,6,1,2589
reckong peo,6,6,1,2652
reckong peo,6,6,1,2882
reckong peo,6,6,1,2682
reckong peo,6,6,1,3266
reckong peo,6,6,1,2848
reckong peo,6,6,1,2498
reckong peo,6,6,1,3078
reckong peo,6,6,1,2732
reckong peo,6,6,1,3012
reckong peo,6,6,1,2689
reckong peo,6,6,1,2941
reckong peo,6,6,1,3115
reckong peo,6,6,1,3249
reckong peo,6,6,1,2673
reckong peo,6,6,1,2737
reckong peo,6,6,1,2849
reckong peo,6,6,1,3249
reckong peo,6,6,1,3226
reckong peo,6,6,1,2525
reckong peo,6,7,1,1200
reckong peo,6,7,1,1348
reckong peo,6,7,1,1190
reckong peo,6,7,1,1287
reckong peo,6,7,1,1207
reckong peo,6,7,1,1405
reckong peo,6,7,1,1532
reckong peo,6,7,1,1551
reckong peo,6,7,1,1299
reckong peo,6,7,1,1390
reckong peo,6,7,1,1494
reckong peo,6,7,1,1195
reckong peo,6,7,1,1426
reckong peo,6,7,1,1313
reckong peo,6,7,1,1230
reckong peo,6,7,1,1310
reckong peo,6,7,1,1178
reckong peo,6,7,1,1429
reckong peo,6,7,1,1249
reckong peo,6,7,1,1273
reckong peo,6,7,1,1196
reckong peo,6,7,1,1497
reckong peo,6,7,1,1347
reckong peo,6,7,1,1379
reckong peo,6,7,1,1378
reckong peo,6,7,1,1313
reckong peo,6,7,1,1225
reckong peo,6,7,1,1449
reckong peo,6,7,1,1198
reckong peo,6,7,1,1189
reckong peo,6,7,1,1435
reckong peo,6,7,1,1232
reckong peo,6,7,1,1271
reckong peo,6,7,1,1339
reckong peo,6,7,1,1329
reckong peo,6,7,1,1434
reckong peo,6,7,1,1399
reckong peo,6,7,1,1408
reckong peo,6,7,1,1436
reckong peo,6,7,1,1266
reckong peo,6,7,1,1278
reckong peo,6,7,1,1324
reckong peo,6,7,1,1272
reckong peo,6,7,1,1546
reckong peo,6,7,1,1477
reckong peo,6,7,1,1214
reckong peo,6,7,1,1149
reckong peo,6,7,1,1164
reckong peo,6,7,1,1246
reckong peo,6,7,1,1193
reckong peo,6,8,1,1363
reckong peo,6,8,1,1494
reckong peo,6,8,1,1445
reckong peo,6,8,1,1234
reckong peo,6,8,1,1309
reckong peo,6,8,1,1353
reckong peo,6,8,1,1475
reckong peo,6,8,1,1487
reckong peo,6,8,1,1515
reckong peo,6,8,1,1353
reckong peo,6,8,1,1428
reckong peo,6,8,1,1192
reckong peo,6,8,1,1376
reckong peo,6,8,1,1248
reckong peo,6,8,1,1322
reckong peo,6,8,1,1404
reckong peo,6,8,1,1251
reckong peo,6,8,1,1168
reckong peo,6,8,1,1151
reckong peo,6,8,1,1156
reckong peo,6,8,1,1150
reckong peo,6,8,1,1192
reckong peo,6,8,1,1244
reckong peo,6,8,1,1237
reckong peo,6,8,1,1547
reckong peo,6,8,1,1271
reckong peo,6,8,1,1199
reckong peo,6,8,1,1368
reckong peo,6,8,1,1494
reckong peo,6,8,1,1422
reckong peo,6,8,1,1267
reckong peo,6,8,1,1374
reckong peo,6,8,1,1437
reckong peo,6,8,1,1442
reckong peo,6,8,1,1417
reckong peo,6,8,1,1500
reckong peo,6,8,1,1499
reckong peo,6,8,1,1381
reckong peo,6,8,1,1321
reckong peo,6,8,1,1407
reckong peo,6,8,1,1478
reckong peo,6,8,1,1149
reckong peo,6,8,1,1549
reckong peo,6,8,1,1221
reckong peo,6,8,1,1337
reckong peo,6,8,1,1500
reckong peo,6,8,1,1238
reckong peo,6,8,1,1340
reckong peo,6,8,1,1201
reckong peo,6,8,1,1307
reckong peo,6,9,1,1625
reckong peo,6,9,1,1726
reckong peo,6,9,1,1731
reckong peo,6,9,1,2066
reckong peo,6,9,1,2067
reckong peo,6,9,1,1591
reckong peo,6,9,1,1922
reckong peo,6,9,1,1557
reckong peo,6,9,1,1546
reckong peo,6,9,1,1586
reckong peo,6,9,1,2051
reckong peo,6,9,1,2038
reckong peo,6,9,1,1634
reckong peo,6,9,1,1617
reckong peo,6,9,1,1659
reckong peo,6,9,1,1808
reckong peo,6,9,1,1837
reckong peo,6,9,1,1649
reckong peo,6,9,1,1938
reckong peo,6,9,1,1697
reckong peo,6,9,1,2027
reckong peo,6,9,1,1884
reckong peo,6,9,1,1765
reckong peo,6,9,1,1956
reckong peo,6,9,1,1971
reckong peo,6,9,1,1686
reckong peo,6,9,1,1713
reckong peo,6,9,1,2035
reckong peo,6,9,1,1618
reckong peo,6,9,1,1552
reckong peo,6,9,1,1775
reckong peo,6,9,1,1962
reckong peo,6,9,1,1946
reckong peo,6,9,1,2026
reckong peo,6,9,1,1817
reckong peo,6,9,1,1584
reckong peo,6,9,1,1847
reckong peo,6,9,1,1950
reckong peo,6,9,1,1580
reckong peo,6,9,1,1623
reckong peo,6,9,1,1536
reckong peo,6,9,1,1850
reckong peo,6,9,1,2008
reckong peo,6,9,1,1892
reckong peo,6,9,1,2060
reckong peo,6,9,1,1564
reckong peo,6,9,1,2017
reckong peo,6,9,1,1969
reckong peo,6,9,1,1699
reckong peo,6,9,1,2055
reckong peo,6,10,1,1685
reckong peo,6,10,1,2010
reckong peo,6,10,1,2005
reckong peo,6,10,1,1939
reckong peo,6,10,1,1834
reckong peo,6,10,1,1594
reckong peo,6,10,1,1817
reckong peo,6,10,1,1722
reckong peo,6,10,1,1957
reckong peo,6,10,1,1939
reckong peo,6,10,1,2021
reckong peo,6,10,1,1538
reckong peo,6,10,1,1966
reckong peo,6,10,1,2036
reckong peo,6,10,1,1956
reckong peo,6,10,1,1600
reckong peo,6,10,1,1573
reckong peo,6,10,1,1541
reckong peo,6,10,1,1869
reckong peo,6,10,1,1870
reckong peo,6,10,1,2062
reckong peo,6,10,1,1744
reckong peo,6,10,1,1709
reckong peo,6,10,1,1867
reckong peo,6,10,1,1975
reckong peo,6,10,1,2035
reckong peo,6,10,1,1963
reckong peo,6,10,1,1760
reckong peo,6,10,1,1872
reckong peo,6,10,1,1992
reckong peo,6,10,1,1794
reckong peo,6,10,1,1647
reckong peo,6,10,1,1621
reckong peo,6,10,1,1530
reckong peo,6,10,1,1917
reckong peo,6,10,1,1589
reckong peo,6,10,1,1661
reckong peo,6,10,1,1690
reckong peo,6,10,1,1832
reckong peo,6,10,1,1744
reckong peo,6,10,1,1894
reckong peo,6,10,1,1560
reckong peo,6,10,1,1596
reckong peo,6,10,1,1799
reckong peo,6,10,1,1711
reckong peo,6,10,1,1689
reckong peo,6,10,1,1566
reckong peo,6,10,1,2013
reckong peo,6,10,1,1903
reckong peo,6,10,1,1595
reckong peo,6,11,1,1565
reckong peo,6,11,1,2056
reckong peo,6,11,1,1897
reckong peo,6,11,1,1755
reckong peo,6,11,1,1908
reckong peo,6,11,1,1938
reckong peo,6,11,1,1951
reckong peo,6,11,1,1788
reckong peo,6,11,1,1762
reckong peo,6,11,1,1535
reckong peo,6,11,1,2030
reckong peo,6,11,1,1855
reckong peo,6,11,1,1639
reckong peo,6,11,1,2026
reckong peo,6,11,1,2024
reckong peo,6,11,1,2064
reckong peo,6,11,1,2001
reckong peo,6,11,1,2068
reckong peo,6,11,1,1662
reckong peo,6,11,1,1984
reckong peo,6,11,1,1974
reckong peo,6,11,1,1654
reckong peo,6,11,1,1583
reckong peo,6,11,1,2058
reckong peo,6,11,1,1689
reckong peo,6,11,1,2000
reckong peo,6,11,1,1532
reckong peo,6,11,1,1541
reckong peo,6,11,1,1781
reckong peo,6,11,1,1658
reckong peo,6,11,1,1902
reckong peo,6,11,1,1835
reckong peo,6,11,1,1571
reckong peo,6,11,1,1617
reckong peo,6,11,1,1739
reckong peo,6,11,1,1630
reckong peo,6,11,1,1957
reckong peo,6,11,1,1754
reckong peo,6,11,1,1580
reckong peo,6,11,1,1791
reckong peo,6,11,1,1579
reckong peo,6,11,1,1599
reckong peo,6,11,1,1659
reckong peo,6,11,1,1994
reckong peo,6,11,1,2029
reckong peo,6,11,1,1976
reckong peo,6,11,1,1710
reckong peo,6,11,1,1677
reckong peo,6,11,1,1826
reckong peo,6,11,1,1919
reckong peo,6,12,1,2892
reckong peo,6,12,1,2241
reckong peo,6,12,1,2179
reckong peo,6,12,1,2666
reckong peo,6,12,1,2771
reckong peo,6,12,1,2781
reckong peo,6,12,1,2654
reckong peo,6,12,1,2863
reckong peo,6,12,1,2528
reckong peo,6,12,1,2832
reckong peo,6,12,1,2873
reckong peo,6,12,1,2782
reckong peo,6,12,1,2376
reckong peo,6,12,1,2290
reckong peo,6,12,1,2556
reckong peo,6,12,1,2484
reckong peo,6,12,1,2805
reckong peo,6,12,1,2217
reckong peo,6,12,1,2336
reckong peo,6,12,1,2710
reckong peo,6,12,1,2213
reckong peo,6,12,1,2384
reckong peo,6,12,1,2434
reckong peo,6,12,1,2612
reckong peo,6,12,1,2261
reckong peo,6,12,1,2792
reckong peo,6,12,1,2480
reckong peo,6,12,1,2835
reckong peo,6,12,1,2495
reckong peo,6,12,1,2349
reckong peo,6,12,1,2249
reckong peo,6,12,1,2144
reckong peo,6,12,1,2544
reckong peo,6,12,1,2223
reckong peo,6,12,1,2438
reckong peo,6,12,1,2587
reckong peo,6,12,1,2350
reckong peo,6,12,1,2274
reckong peo,6,12,1,2727
reckong peo,6,12,1,2857
reckong peo,6,12,1,2217
reckong peo,6,12,1,2259
reckong peo,6,12,1,2867
reckong peo,6,12,1,2170
reckong peo,6,12,1,2881
reckong peo,6,12,1,2145
reckong peo,6,12,1,2802
reckong peo,6,12,1,2374
reckong peo,6,12,1,2851
reckong peo,6,12,1,2381
reckong peo,6,1,2,6591
reckong peo,6,1,2,5506
reckong peo,6,1,2,5813
reckong peo,6,1,2,6817
reckong peo,6,1,2,6354
reckong peo,6,1,2,7108
reckong peo,6,1,2,6165
reckong peo,6,1,2,6998
reckong peo,6,1,2,6203
reckong peo,6,1,2,7205
reckong peo,6,1,2,7169
reckong peo,6,1,2,5977
reckong peo,6,1,2,7029
reckong peo,6,1,2,6956
reckong peo,6,1,2,5753
reckong peo,6,1,2,6534
reckong peo,6,1,2,5492
reckong peo,6,1,2,6936
reckong peo,6,1,2,5684
reckong peo,6,1,2,5488
reckong peo,6,1,2,6111
reckong peo,6,1,2,6445
reckong peo,6,1,2,6970
reckong peo,6,1,2,7196
reckong peo,6,1,2,6185
reckong peo,6,1,2,5469
reckong peo,6,1,2,6770
reckong peo,6,1,2,6423
reckong peo,6,1,2,6201
reckong peo,6,1,2,5939
reckong peo,6,1,2,6304
reckong peo,6,1,2,5995
reckong peo,6,1,2,6785
reckong peo,6,1,2,6382
reckong peo,6,1,2,7012
reckong peo,6,1,2,6382
reckong peo,6,1,2,5805
reckong peo,6,1,2,6963
reckong peo,6,1,2,6408
reckong peo,6,1,2,5745
reckong peo,6,1,2,6533
reckong peo,6,1,2,6031
reckong peo,6,1,2,6950
reckong peo,6,1,2,6211
reckong peo,6,1,2,6727
reckong peo,6,1,2,5535
reckong peo,6,1,2,6103
reckong peo,6,1,2,7213
reckong peo,6,1,2,6882
reckong peo,6,1,2,5657
reckong peo,6,2,2,4199
reckong peo,6,2,2,4270
reckong peo,6,2,2,4702
reckong peo,6,2,2,4846
reckong peo,6,2,2,4836
reckong peo,6,2,2,4513
reckong peo,6,2,2,4919
reckong peo,6,2,2,4415
reckong peo,6,2,2,3992
reckong peo,6,2,2,4586
reckong peo,6,2,2,5110
reckong peo,6,2,2,4895
reckong peo,6,2,2,4606
reckong peo,6,2,2,4698
reckong peo,6,2,2,5081
reckong peo,6,2,2,4403
reckong peo,6,2,2,4272
reckong peo,6,2,2,5144
reckong peo,6,2,2,4990
reckong peo,6,2,2,4261
reckong peo,6,2,2,4451
reckong peo,6,2,2,4385
reckong peo,6,2,2,4026
reckong peo,6,2,2,5118
reckong peo,6,2,2,4370
reckong peo,6,2,2,5006
reckong peo,6,2,2,4080
reckong peo,6,2,2,4564
reckong peo,6,2,2,3857
reckong peo,6,2,2,4856
reckong peo,6,2,2,4609
reckong peo,6,2,2,4669
reckong peo,6,2,2,3894
reckong peo,6,2,2,4109
reckong peo,6,2,2,3925
reckong peo,6,2,2,4215
reckong peo,6,2,2,4672
reckong peo,6,2,2,4589
reckong peo,6,2,2,4651
reckong peo,6,2,2,4566
reckong peo,6,2,2,4193
reckong peo,6,2,2,4155
reckong peo,6,2,2,4010
reckong peo,6,2,2,4971
reckong peo,6,2,2,4657
reckong peo,6,2,2,4076
reckong peo,6,2,2,4064
reckong peo,6,2,2,5003
reckong peo,6,2,2,4827
reckong peo,6,2,2,4715
reckong peo,6,3,2,4374
reckong peo,6,3,2,4178
reckong peo,6,3,2,5147
reckong peo,6,3,2,4901
reckong peo,6,3,2,4232
reckong peo,6,3,2,4969
reckong peo,6,3,2,4849
reckong peo,6,3,2,4226
reckong peo,6,3,2,4400
reckong peo,6,3,2,4076
reckong peo,6,3,2,3974
reckong peo,6,3,2,4800
reckong peo,6,3,2,4186
reckong peo,6,3,2,4932
reckong peo,6,3,2,5169
reckong peo,6,3,2,3928
reckong peo,6,3,2,4463
reckong peo,6,3,2,4907
reckong peo,6,3,2,4890
reckong peo,6,3,2,4850
reckong peo,6,3,2,4296
reckong peo,6,3,2,4437
reckong peo,6,3,2,4628
reckong peo,6,3,2,5139
reckong peo,6,3,2,4267
reckong peo,6,3,2,5071
reckong peo,6,3,2,4188
reckong peo,6,3,2,5160
reckong peo,6,3,2,4729
reckong peo,6,3,2,4450
reckong peo,6,3,2,4653
reckong peo,6,3,2,4192
reckong peo,6,3,2,4195
reckong peo,6,3,2,3978
reckong peo,6,3,2,3978
reckong peo,6,3,2,4294
reckong peo,6,3,2,4854
reckong peo,6,3,2,4645
reckong peo,6,3,2,3963
reckong peo,6,3,2,4975
reckong peo,6,3,2,4636
reckong peo,6,3,2,5122
reckong peo,6,3,2,4729
reckong peo,6,3,2,4061
reckong peo,6,3,2,4464
reckong peo,6,3,2,4700
reckong peo,6,3,2,3863
reckong peo,6,3,2,3845
reckong peo,6,3,2,3999
reckong peo,6,3,2,4164
reckong peo,6,4,2,4404
reckong peo,6,4,2,4483
reckong peo,6,4,2,4011
reckong peo,6,4,2,4734
reckong peo,6,4,2,4629
reckong peo,6,4,2,4222
reckong peo,6,4,2,3843
reckong peo,6,4,2,3929
reckong peo,6,4,2,4353
reckong peo,6,4,2,4032
reckong peo,6,4,2,4333
reckong peo,6,4,2,4673
reckong peo,6,4,2,4563
reckong peo,6,4,2,4137
reckong peo,6,4,2,4289
reckong peo,6,4,2,4653
reckong peo,6,4,2,4987
reckong peo,6,4,2,4841
reckong peo,6,4,2,4572
reckong peo,6,4,2,4314
reckong peo,6,4,2,4317
reckong peo,6,4,2,5012
reckong peo,6,4,2,3877
reckong peo,6,4,2,5158
reckong peo,6,4,2,4721
reckong peo,6,4,2,4744
reckong peo,6,4,2,3876
reckong peo,6,4,2,4642
reckong peo,6,4,2,4479
reckong peo,6,4,2,3967
reckong peo,6,4,2,4200
reckong peo,6,4,2,5026
reckong peo,6,4,2,4567
reckong peo,6,4,2,4383
reckong peo,6,4,2,3923
reckong peo,6,4,2,4789
reckong peo,6,4,2,4773
reckong peo,6,4,2,4653
reckong peo,6,4,2,4513
reckong peo,6,4,2,4410
reckong peo,6,4,2,4625
reckong peo,6,4,2,4140
reckong peo,6,4,2,5095
reckong peo,6,4,2,4619
reckong peo,6,4,2,4245
reckong peo,6,4,2,4432
reckong peo,6,4,2,4912
reckong peo,6,4,2,4043
reckong peo,6,4,2,4220
reckong peo,6,4,2,4742
reckong peo,6,5,2,6801
reckong peo,6,5,2,7831
reckong peo,6,5,2,6401
reckong peo,6,5,2,7767
reckong peo,6,5,2,6267
reckong peo,6,5,2,6147
reckong peo,6,5,2,8060
reckong peo,6,5,2,7375
reckong peo,6,5,2,6879
reckong peo,6,5,2,6622
reckong peo,6,5,2,7452
reckong peo,6,5,2,7219
reckong peo,6,5,2,8261
reckong peo,6,5,2,8243
reckong peo,6,5,2,7491
reckong peo,6,5,2,7076
reckong peo,6,5,2,7180
reckong peo,6,5,2,7594
reckong peo,6,5,2,6339
reckong peo,6,5,2,6829
reckong peo,6,5,2,6282
reckong peo,6,5,2,6278
reckong peo,6,5,2,6543
reckong peo,6,5,2,7168
reckong peo,6,5,2,7815
reckong peo,6,5,2,7168
reckong peo,6,5,2,6844
reckong peo,6,5,2,6297
reckong peo,6,5,2,7308
reckong peo,6,5,2,6705
reckong peo,6,5,2,7448
reckong peo,6,5,2,8230
reckong peo,6,5,2,6360
reckong peo,6,5,2,6578
reckong peo,6,5,2,7141
reckong peo,6,5,2,8212
reckong peo,6,5,2,7787
reckong peo,6,5,2,8060
reckong peo,6,5,2,6840
reckong peo,6,5,2,8262
reckong peo,6,5,2,6342
reckong peo,6,5,2,6234
reckong peo,6,5,2,7968
reckong peo,6,5,2,8122
reckong peo,6,5,2,6315
reckong peo,6,5,2,6365
reckong peo,6,5,2,6191
reckong peo,6,5,2,6345
reckong peo,6,5,2,6572
reckong peo,6,5,2,8215
reckong peo,6,6,2,7562
reckong peo,6,6,2,7801
reckong peo,6,6,2,7796
reckong peo,6,6,2,7275
reckong peo,6,6,2,7842
reckong peo,6,6,2,7406
reckong peo,6,6,2,6799
reckong peo,6,6,2,7331
reckong peo,6,6,2,7272
reckong peo,6,6,2,7898
reckong peo,6,6,2,8240
reckong peo,6,6,2,7007
reckong peo,6,6,2,7768
reckong peo,6,6,2,6335
reckong peo,6,6,2,7797
reckong peo,6,6,2,6922
reckong peo,6,6,2,6205
reckong peo,6,6,2,6904
reckong peo,6,6,2,7438
reckong peo,6,6,2,6377
reckong peo,6,6,2,8115
reckong peo,6,6,2,6287
reckong peo,6,6,2,8128
reckong peo,6,6,2,7647
reckong peo,6,6,2,6832
reckong peo,6,6,2,6964
reckong peo,6,6,2,7720
reckong peo,6,6,2,7419
reckong peo,6,6,2,7570
reckong peo,6,6,2,6960
reckong peo,6,6,2,7173
reckong peo,6,6,2,8258
reckong peo,6,6,2,6582
reckong peo,6,6,2,7022
reckong peo,6,6,2,6750
reckong peo,6,6,2,7772
reckong peo,6,6,2,7770
reckong peo,6,6,2,6751
reckong peo,6,6,2,6295
reckong peo,6,6,2,6144
reckong peo,6,6,2,7043
reckong peo,6,6,2,7006
reckong peo,6,6,2,8254
reckong peo,6,6,2,7134
reckong peo,6,6,2,6673
reckong peo,6,6,2,8045
reckong peo,6,6,2,7180
reckong peo,6,6,2,7414
reckong peo,6,6,2,6326
reckong peo,6,6,2,6947
reckong peo,6,7,2,3824
reckong peo,6,7,2,3465
reckong peo,6,7,2,3217
reckong peo,6,7,2,3502
reckong peo,6,7,2,3790
reckong peo,6,7,2,3146
reckong peo,6,7,2,3380
reckong peo,6,7,2,3839
reckong peo,6,7,2,3043
reckong peo,6,7,2,3597
reckong peo,6,7,2,3490
reckong peo,6,7,2,3556
reckong peo,6,7,2,3224
reckong peo,6,7,2,3186
reckong peo,6,7,2,3561
reckong peo,6,7,2,3086
reckong peo,6,7,2,3293
reckong peo,6,7,2,3059
reckong peo,6,7,2,2877
reckong peo,6,7,2,3850
reckong peo,6,7,2,3305
reckong peo,6,7,2,3850
reckong peo,6,7,2,3010
reckong peo,6,7,2,3463
reckong peo,6,7,2,3072
reckong peo,6,7,2,3668
reckong peo,6,7,2,3662
reckong peo,6,7,2,2982
reckong peo,6,7,2,3792
reckong peo,6,7,2,3065
reckong peo,6,7,2,3489
reckong peo,6,7,2,3866
reckong peo,6,7,2,3762
reckong peo,6,7,2,3837
reckong peo,6,7,2,3215
reckong peo,6,7,2,2975
reckong peo,6,7,2,3059
reckong peo,6,7,2,3375
reckong peo,6,7,2,3671
reckong peo,6,7,2,3020
reckong peo,6,7,2,3536
reckong peo,6,7,2,3196
reckong peo,6,7,2,3214
reckong peo,6,7,2,3538
reckong peo,6,7,2,3341
reckong peo,6,7,2,3690
reckong peo,6,7,2,3026
reckong peo,6,7,2,3668
reckong peo,6,7,2,2933
reckong peo,6,7,2,3065
reckong peo,6,8,2,3533
reckong peo,6,8,2,3734
reckong peo,6,8,2,3124
reckong peo,6,8,2,3200
reckong peo,6,8,2,3412
reckong peo,6,8,2,3082
reckong peo,6,8,2,3690
reckong peo,6,8,2,3652
reckong peo,6,8,2,3015
reckong peo,6,8,2,3338
reckong peo,6,8,2,3653
reckong peo,6,8,2,3210
reckong peo,6,8,2,3509
reckong peo,6,8,2,2919
reckong peo,6,8,2,3485
reckong peo,6,8,2,3023
reckong peo,6,8,2,3709
reckong peo,6,8,2,3228
reckong peo,6,8,2,3153
reckong peo,6,8,2,3720
reckong peo,6,8,2,2919
reckong peo,6,8,2,3270
reckong peo,6,8,2,3243
reckong peo,6,8,2,3157
reckong peo,6,8,2,3791
reckong peo,6,8,2,3629
reckong peo,6,8,2,2933
reckong peo,6,8,2,3592
reckong peo,6,8,2,3402
reckong peo,6,8,2,3780
reckong peo,6,8,2,3185
reckong peo,6,8,2,3450
reckong peo,6,8,2,3375
reckong peo,6,8,2,3364
reckong peo,6,8,2,3330
reckong peo,6,8,2,3076
reckong peo,6,8,2,3633
reckong peo,6,8,2,3325
reckong peo,6,8,2,3839
reckong peo,6,8,2,3132
reckong peo,6,8,2,3560
reckong peo,6,8,2,3821
reckong peo,6,8,2,3540
reckong peo,6,8,2,3750
reckong peo,6,8,2,3706
reckong peo,6,8,2,3233
reckong peo,6,8,2,3476
reckong peo,6,8,2,3026
reckong peo,6,8,2,3410
reckong peo,6,8,2,3102
reckong peo,6,9,2,4829
reckong peo,6,9,2,4537
reckong peo,6,9,2,4380
reckong peo,6,9,2,4187
reckong peo,6,9,2,5173
reckong peo,6,9,2,3921
reckong peo,6,9,2,3883
reckong peo,6,9,2,4118
reckong peo,6,9,2,5135
reckong peo,6,9,2,5146
reckong peo,6,9,2,4709
reckong peo,6,9,2,5013
reckong peo,6,9,2,4113
reckong peo,6,9,2,5137
reckong peo,6,9,2,4017
reckong peo,6,9,2,3961
reckong peo,6,9,2,3976
reckong peo,6,9,2,4598
reckong peo,6,9,2,4879
reckong peo,6,9,2,4320
reckong peo,6,9,2,5145
reckong peo,6,9,2,4411
reckong peo,6,9,2,4028
reckong peo,6,9,2,4454
reckong peo,6,9,2,4741
reckong peo,6,9,2,4948
reckong peo,6,9,2,4444
reckong peo,6,9,2,4626
reckong peo,6,9,2,4185
reckong peo,6,9,2,4696
reckong peo,6,9,2,5156
reckong peo,6,9,2,3891
reckong peo,6,9,2,5021
reckong peo,6,9,2,4584
reckong peo,6,9,2,4165
reckong peo,6,9,2,5114
reckong peo,6,9,2,4477
reckong peo,6,9,2,4272
reckong peo,6,9,2,4070
reckong peo,6,9,2,4155
reckong peo,6,9,2,4949
reckong peo,6,9,2,4654
reckong peo,6,9,2,5057
reckong peo,6,9,2,4138
reckong peo,6,9,2,3988
reckong peo,6,9,2,3833
reckong peo,6,9,2,4510
reckong peo,6,9,2,5172
reckong peo,6,9,2,4763
reckong peo,6,9,2,4241
reckong peo,6,10,2,5008
reckong peo,6,10,2,4880
reckong peo,6,10,2,3845
reckong peo,6,10,2,4927
reckong peo,6,10,2,4230
reckong peo,6,10,2,4027
reckong peo,6,10,2,4130
reckong peo,6,10,2,4457
reckong peo,6,10,2,4398
reckong peo,6,10,2,4214
reckong peo,6,10,2,4057
reckong peo,6,10,2,4854
reckong peo,6,10,2,5161
reckong peo,6,10,2,4875
reckong peo,6,10,2,4224
reckong peo,6,10,2,4155
reckong peo,6,10,2,4118
reckong peo,6,10,2,4009
reckong peo,6,10,2,4569
reckong peo,6,10,2,4642
reckong peo,6,10,2,4777
reckong peo,6,10,2,4743
reckong peo,6,10,2,4219
reckong peo,6,10,2,4270
reckong peo,6,10,2,4745
reckong peo,6,10,2,4296
reckong peo,6,10,2,4112
reckong peo,6,10,2,4330
reckong peo,6,10,2,4192
reckong peo,6,10,2,3944
reckong peo,6,10,2,4945
reckong peo,6,10,2,4976
reckong peo,6,10,2,4121
reckong peo,6,10,2,3912
reckong peo,6,10,2,4822
reckong peo,6,10,2,4110
reckong peo,6,10,2,4356
reckong peo,6,10,2,3911
reckong peo,6,10,2,4130
reckong peo,6,10,2,4895
reckong peo,6,10,2,4910
reckong peo,6,10,2,4104
reckong peo,6,10,2,4278
reckong peo,6,10,2,4006
reckong peo,6,10,2,3925
reckong peo,6,10,2,5164
reckong peo,6,10,2,4710
reckong peo,6,10,2,4556
reckong peo,6,10,2,4858
reckong peo,6,10,2,4959
reckong peo,6,11,2,4914
reckong peo,6,11,2,3847
reckong peo,6,11,2,4077
reckong peo,6,11,2,4709
reckong peo,6,11,2,4332
reckong peo,6,11,2,5151
reckong peo,6,11,2,4723
reckong peo,6,11,2,5116
reckong peo,6,11,2,4096
reckong peo,6,11,2,4991
reckong peo,6,11,2,4258
reckong peo,6,11,2,5160
reckong peo,6,11,2,4037
reckong peo,6,11,2,4522
reckong peo,6,11,2,4895
reckong peo,6,11,2,4409
reckong peo,6,11,2,4456
reckong peo,6,11,2,5156
reckong peo,6,11,2,4399
reckong peo,6,11,2,4640
reckong peo,6,11,2,3898
reckong peo,6,11,2,4961
reckong peo,6,11,2,4700
reckong peo,6,11,2,4370
reckong peo,6,11,2,3846
reckong peo,6,11,2,4623
reckong peo,6,11,2,3842
reckong peo,6,11,2,3826
reckong peo,6,11,2,4656
reckong peo,6,11,2,4080
reckong peo,6,11,2,4084
reckong peo,6,11,2,4706
reckong peo,6,11,2,3897
reckong peo,6,11,2,4248
reckong peo,6,11,2,4026
reckong peo,6,11,2,4608
reckong peo,6,11,2,4718
reckong peo,6,11,2,4798
reckong peo,6,11,2,4169
reckong peo,6,11,2,3945
reckong peo,6,11,2,3931
reckong peo,6,11,2,4400
reckong peo,6,11,2,5101
reckong peo,6,11,2,4118
reckong peo,6,11,2,4171
reckong peo,6,11,2,3961
reckong peo,6,11,2,4642
reckong peo,6,11,2,4742
reckong peo,6,11,2,4692
reckong peo,6,11,2,4987
reckong peo,6,12,2,6274
reckong peo,6,12,2,5609
reckong peo,6,12,2,5901
reckong peo,6,12,2,6606
reckong peo,6,12,2,6513
reckong peo,6,12,2,6358
reckong peo,6,12,2,6645
reckong peo,6,12,2,6559
reckong peo,6,12,2,7020
reckong peo,6,12,2,6462
reckong peo,6,12,2,6826
reckong peo,6,12,2,5825
reckong peo,6,12,2,6636
reckong peo,6,12,2,7060
reckong peo,6,12,2,6084
reckong peo,6,12,2,6827
reckong peo,6,12,2,6724
reckong peo,6,12,2,5467
reckong peo,6,12,2,6454
reckong peo,6,12,2,5601
reckong peo,6,12,2,7183
reckong peo,6,12,2,6888
reckong peo,6,12,2,5562
reckong peo,6,12,2,5585
reckong peo,6,12,2,6478
reckong peo,6,12,2,6006
reckong peo,6,12,2,5420
reckong peo,6,12,2,6378
reckong peo,6,12,2,6088
reckong peo,6,12,2,5546
reckong peo,6,12,2,6870
reckong peo,6,12,2,7084
reckong peo,6,12,2,6784
reckong peo,6,12,2,6909
reckong peo,6,12,2,5764
reckong peo,6,12,2,5853
reckong peo,6,12,2,5749
reckong peo,6,12,2,6800
reckong peo,6,12,2,7146
reckong peo,6,12,2,6709
reckong peo,6,12,2,7020
reckong peo,6,12,2,6562
reckong peo,6,12,2,6087
reckong peo,6,12,2,6159
reckong peo,6,12,2,5497
reckong peo,6,12,2,5414
reckong peo,6,12,2,6669
reckong peo,6,12,2,6183
reckong peo,6,12,2,6398
reckong peo,6,12,2,6408
kinnaur,7,1,0,1293
kinnaur,7,1,0,1375
kinnaur,7,1,0,1373
kinnaur,7,1,0,1339
kinnaur,7,1,0,1519
kinnaur,7,1,0,1365
kinnaur,7,1,0,1429
kinnaur,7,1,0,1550
kinnaur,7,1,0,1538
kinnaur,7,1,0,1548
kinnaur,7,1,0,1290
kinnaur,7,1,0,1192
kinnaur,7,1,0,1286
kinnaur,7,1,0,1293
kinnaur,7,1,0,1556
kinnaur,7,1,0,1448
kinnaur,7,1,0,1212
kinnaur,7,1,0,1234
kinnaur,7,1,0,1242
kinnaur,7,1,0,1440
kinnaur,7,1,0,1483
kinnaur,7,1,0,1535
kinnaur,7,1,0,1569
kinnaur,7,1,0,1261
kinnaur,7,1,0,1306
kinnaur,7,1,0,1278
kinnaur,7,1,0,1327
kinnaur,7,1,0,1558
kinnaur,7,1,0,1417
kinnaur,7,1,0,1485
kinnaur,7,1,0,1381
kinnaur,7,1,0,1190
kinnaur,7,1,0,1204
kinnaur,7,1,0,1401
kinnaur,7,1,0,1476
kinnaur,7,1,0,1267
kinnaur,7,1,0,1478
kinnaur,7,1,0,1515
kinnaur,7,1,0,1349
kinnaur,7,1,0,1488
kinnaur,7,1,0,1346
kinnaur,7,1,0,1460
kinnaur,7,1,0,1495
kinnaur,7,1,0,1590
kinnaur,7,1,0,1321
kinnaur,7,1,0,1349
kinnaur,7,1,0,1246
kinnaur,7,1,0,1262
kinnaur,7,1,0,1466
kinnaur,7,1,0,1559
kinnaur,7,2,0,958
kinnaur,7,2,0,894
kinnaur,7,2,0,926
kinnaur,7,2,0,976
kinnaur,7,2,0,927
kinnaur,7,2,0,910
kinnaur,7,2,0,1060
kinnaur,7,2,0,843
kinnaur,7,2,0,1001
kinnaur,7,2,0,1077
kinnaur,7,2,0,920
kinnaur,7,2,0,1020
kinnaur,7,2,0,1040
kinnaur,7,2,0,1036
kinnaur,7,2,0,973
kinnaur,7,2,0,944
kinnaur,7,2,0,1089
kinnaur,7,2,0,1066
kinnaur,7,2,0,936
kinnaur,7,2,0,872
kinnaur,7,2,0,862
kinnaur,7,2,0,869
kinnaur,7,2,0,1014
kinnaur,7,2,0,856
kinnaur,7,2,0,941
kinnaur,7,2,0,1065
kinnaur,7,2,0,928
kinnaur,7,2,0,1068
kinnaur,7,2,0,1062
kinnaur,7,2,0,914
kinnaur,7,2,0,1057
kinnaur,7,2,0,1063
kinnaur,7,2,0,959
kinnaur,7,2,0,903
kinnaur,7,2,0,996
kinnaur,7,2,0,1115
kinnaur,7,2,0,1031
kinnaur,7,2,0,892
kinnaur,7,2,0,1044
kinnaur,7,2,0,968
kinnaur,7,2,0,1017
kinnaur,7,2,0,1059
kinnaur,7,2,0,994
kinnaur,7,2,0,1083
kinnaur,7,2,0,1055
kinnaur,7,2,0,1024
kinnaur,7,2,0,886
kinnaur,7,2,0,1089
kinnaur,7,2,0,1119
kinnaur,7,2,0,882
kinnaur,7,3,0,986
kinnaur,7,3,0,918
kinnaur,7,3,0,1065
kinnaur,7,3,0,1055
kinnaur,7,3,0,883
kinnaur,7,3,0,1101
kinnaur,7,3,0,895
kinnaur,7,3,0,1078
kinnaur,7,3,0,977
kinnaur,7,3,0,938
kinnaur,7,3,0,888
kinnaur,7,3,0,891
kinnaur,7,3,0,1038
kinnaur,7,3,0,1004
kinnaur,7,3,0,877
kinnaur,7,3,0,874
kinnaur,7,3,0,862
kinnaur,7,3,0,1062
kinnaur,7,3,0,1052
kinnaur,7,3,0,858
kinnaur,7,3,0,1007
kinnaur,7,3,0,866
kinnaur,7,3,0,1109
kinnaur,7,3,0,1110
kinnaur,7,3,0,1048
kinnaur,7,3,0,1116
kinnaur,7,3,0,1082
kinnaur,7,3,0,1087
kinnaur,7,3,0,1010
kinnaur,7,3,0,932
kinnaur,7,3,0,906
kinnaur,7,3,0,938
kinnaur,7,3,0,1028
kinnaur,7,3,0,892
kinnaur,7,3,0,918
kinnaur,7,3,0,980
kinnaur,7,3,0,910
kinnaur,7,3,0,1016
kinnaur,7,3,0,1115
kinnaur,7,3,0,1063
kinnaur,7,3,0,1039
kinnaur,7,3,0,1014
kinnaur,7,3,0,986
kinnaur,7,3,0,896
kinnaur,7,3,0,1107
kinnaur,7,3,0,915
kinnaur,7,3,0,868
kinnaur,7,3,0,1064
kinnaur,7,3,0,893
kinnaur,7,3,0,951
kinnaur,7,4,0,849
kinnaur,7,4,0,882
kinnaur,7,4,0,892
kinnaur,7,4,0,857
kinnaur,7,4,0,1036
kinnaur,7,4,0,1090
kinnaur,7,4,0,952
kinnaur,7,4,0,1101
kinnaur,7,4,0,904
kinnaur,7,4,0,938
kinnaur,7,4,0,886
kinnaur,7,4,0,1025
kinnaur,7,4,0,966
kinnaur,7,4,0,1023
kinnaur,7,4,0,1067
kinnaur,7,4,0,1003
kinnaur,7,4,0,1027
kinnaur,7,4,0,1119
kinnaur,7,4,0,930
kinnaur,7,4,0,948
kinnaur,7,4,0,1054
kinnaur,7,4,0,1023
kinnaur,7,4,0,894
kinnaur,7,4,0,953
kinnaur,7,4,0,980
kinnaur,7,4,0,966
kinnaur,7,4,0,894
kinnaur,7,4,0,1116
kinnaur,7,4,0,1067
kinnaur,7,4,0,984
kinnaur,7,4,0,1043
kinnaur,7,4,0,1107
kinnaur,7,4,0,881
kinnaur,7,4,0,915
kinnaur,7,4,0,1002
kinnaur,7,4,0,1078
kinnaur,7,4,0,852
kinnaur,7,4,0,1133
kinnaur,7,4,0,976
kinnaur,7,4,0,948
kinnaur,7,4,0,928
kinnaur,7,4,0,893
kinnaur,7,4,0,1076
kinnaur,7,4,0,1125
kinnaur,7,4,0,964
kinnaur,7,4,0,1124
kinnaur,7,4,0,1086
kinnaur,7,4,0,984
kinnaur,7,4,0,1041
kinnaur,7,4,0,970
kinnaur,7,5,0,1611
kinnaur,7,5,0,1373
kinnaur,7,5,0,1677
kinnaur,7,5,0,1371
kinnaur,7,5,0,1734
kinnaur,7,5,0,1738
kinnaur,7,5,0,1459
kinnaur,7,5,0,1500
kinnaur,7,5,0,1575
kinnaur,7,5,0,1629
kinnaur,7,5,0,1482
kinnaur,7,5,0,1627
kinnaur,7,5,0,1487
kinnaur,7,5,0,1372
kinnaur,7,5,0,1347
kinnaur,7,5,0,1394
kinnaur,7,5,0,1722
kinnaur,7,5,0,1803
kinnaur,7,5,0,1549
kinnaur,7,5,0,1590
kinnaur,7,5,0,1416
kinnaur,7,5,0,1608
kinnaur,7,5,0,1415
kinnaur,7,5,0,1636
kinnaur,7,5,0,1789
kinnaur,7,5,0,1439
kinnaur,7,5,0,1709
kinnaur,7,5,0,1357
kinnaur,7,5,0,1524
kinnaur,7,5,0,1399
kinnaur,7,5,0,1513
kinnaur,7,5,0,1428
kinnaur,7,5,0,1523
kinnaur,7,5,0,1544
kinnaur,7,5,0,1489
kinnaur,7,5,0,1658
kinnaur,7,5,0,1783
kinnaur,7,5,0,1536
kinnaur,7,5,0,1437
kinnaur,7,5,0,1475
kinnaur,7,5,0,1752
kinnaur,7,5,0,1618
kinnaur,7,5,0,1562
kinnaur,7,5,0,1417
kinnaur,7,5,0,1560
kinnaur,7,5,0,1478
kinnaur,7,5,0,1794
kinnaur,7,5,0,1766
kinnaur,7,5,0,1386
kinnaur,7,5,0,1591
kinnaur,7,6,0,1453
kinnaur,7,6,0,1541
kinnaur,7,6,0,1763
kinnaur,7,6,0,1597
kinnaur,7,6,0,1505
kinnaur,7,6,0,1445
kinnaur,7,6,0,1726
kinnaur,7,6,0,1643
kinnaur,7,6,0,1568
kinnaur,7,6,0,1449
kinnaur,7,6,0,1505
kinnaur,7,6,0,1802
kinnaur,7,6,0,1593
kinnaur,7,6,0,1536
kinnaur,7,6,0,1594
kinnaur,7,6,0,1716
kinnaur,7,6,0,1508
kinnaur,7,6,0,1431
kinnaur,7,6,0,1624
kinnaur,7,6,0,1662
kinnaur,7,6,0,1685
kinnaur,7,6,0,1765
kinnaur,7,6,0,1522
kinnaur,7,6,0,1382
kinnaur,7,6,0,1801
kinnaur,7,6,0,1553
kinnaur,7,6,0,1642
kinnaur,7,6,0,1663
kinnaur,7,6,0,1606
kinnaur,7,6,0,1443
kinnaur,7,6,0,1705
kinnaur,7,6,0,1728
kinnaur,7,6,0,1609
kinnaur,7,6,0,1578
kinnaur,7,6,0,1400
kinnaur,7,6,0,1386
kinnaur,7,6,0,1507
kinnaur,7,6,0,1494
kinnaur,7,6,0,1799
kinnaur,7,6,0,1718
kinnaur,7,6,0,1659
kinnaur,7,6,0,1592
kinnaur,7,6,0,1425
kinnaur,7,6,0,1811
kinnaur,7,6,0,1524
kinnaur,7,6,0,1397
kinnaur,7,6,0,1581
kinnaur,7,6,0,1761
kinnaur,7,6,0,1768
kinnaur,7,6,0,1351
kinnaur,7,7,0,828
kinnaur,7,7,0,691
kinnaur,7,7,0,639
kinnaur,7,7,0,819
kinnaur,7,7,0,823
kinnaur,7,7,0,763
kinnaur,7,7,0,759
kinnaur,7,7,0,812
kinnaur,7,7,0,806
kinnaur,7,7,0,829
kinnaur,7,7,0,754
kinnaur,7,7,0,846
kinnaur,7,7,0,853
kinnaur,7,7,0,657
kinnaur,7,7,0,820
kinnaur,7,7,0,742
kinnaur,7,7,0,717
kinnaur,7,7,0,767
kinnaur,7,7,0,643
kinnaur,7,7,0,743
kinnaur,7,7,0,825
kinnaur,7,7,0,678
kinnaur,7,7,0,726
kinnaur,7,7,0,840
kinnaur,7,7,0,726
kinnaur,7,7,0,710
kinnaur,7,7,0,729
kinnaur,7,7,0,746
kinnaur,7,7,0,771
kinnaur,7,7,0,809
kinnaur,7,7,0,731
kinnaur,7,7,0,813
kinnaur,7,7,0,750
kinnaur,7,7,0,706
kinnaur,7,7,0,777
kinnaur,7,7,0,790
kinnaur,7,7,0,755
kinnaur,7,7,0,643
kinnaur,7,7,0,668
kinnaur,7,7,0,694
kinnaur,7,7,0,694
kinnaur,7,7,0,781
kinnaur,7,7,0,635
kinnaur,7,7,0,799
kinnaur,7,7,0,690
kinnaur,7,7,0,700
kinnaur,7,7,0,748
kinnaur,7,7,0,679
kinnaur,7,7,0,828
kinnaur,7,7,0,650
kinnaur,7,8,0,730
kinnaur,7,8,0,820
kinnaur,7,8,0,768
kinnaur,7,8,0,696
kinnaur,7,8,0,724
kinnaur,7,8,0,788
kinnaur,7,8,0,847
kinnaur,7,8,0,830
kinnaur,7,8,0,707
kinnaur,7,8,0,853
kinnaur,7,8,0,631
kinnaur,7,8,0,637
kinnaur,7,8,0,814
kinnaur,7,8,0,675
kinnaur,7,8,0,644
kinnaur,7,8,0,683
kinnaur,7,8,0,726
kinnaur,7,8,0,793
kinnaur,7,8,0,770
kinnaur,7,8,0,684
kinnaur,7,8,0,743
kinnaur,7,8,0,837
kinnaur,7,8,0,812
kinnaur,7,8,0,703
kinnaur,7,8,0,849
kinnaur,7,8,0,788
kinnaur,7,8,0,645
kinnaur,7,8,0,638
kinnaur,7,8,0,668
kinnaur,7,8,0,793
kinnaur,7,8,0,672
kinnaur,7,8,0,745
kinnaur,7,8,0,651
kinnaur,7,8,0,836
kinnaur,7,8,0,707
kinnaur,7,8,0,833
kinnaur,7,8,0,841
kinnaur,7,8,0,632
kinnaur,7,8,0,734
kinnaur,7,8,0,636
kinnaur,7,8,0,833
kinnaur,7,8,0,746
kinnaur,7,8,0,647
kinnaur,7,8,0,655
kinnaur,7,8,0,716
kinnaur,7,8,0,840
kinnaur,7,8,0,785
kinnaur,7,8,0,824
kinnaur,7,8,0,712
kinnaur,7,8,0,640
kinnaur,7,9,0,1130
kinnaur,7,9,0,846
kinnaur,7,9,0,1122
kinnaur,7,9,0,950
kinnaur,7,9,0,844
kinnaur,7,9,0,1046
kinnaur,7,9,0,1132
kinnaur,7,9,0,1128
kinnaur,7,9,0,889
kinnaur,7,9,0,895
kinnaur,7,9,0,1009
kinnaur,7,9,0,1030
kinnaur,7,9,0,1061
kinnaur,7,9,0,895
kinnaur,7,9,0,1126
kinnaur,7,9,0,1031
kinnaur,7,9,0,1093
kinnaur,7,9,0,1001
kinnaur,7,9,0,964
kinnaur,7,9,0,1131
kinnaur,7,9,0,1014
kinnaur,7,9,0,1098
kinnaur,7,9,0,1124
kinnaur,7,9,0,1042
kinnaur,7,9,0,1004
kinnaur,7,9,0,842
kinnaur,7,9,0,853
kinnaur,7,9,0,901
kinnaur,7,9,0,896
kinnaur,7,9,0,917
kinnaur,7,9,0,932
kinnaur,7,9,0,948
kinnaur,7,9,0,966
kinnaur,7,9,0,870
kinnaur,7,9,0,854
kinnaur,7,9,0,1041
kinnaur,7,9,0,1001
kinnaur,7,9,0,973
kinnaur,7,9,0,1029
kinnaur,7,9,0,1087
kinnaur,7,9,0,968
kinnaur,7,9,0,1031
kinnaur,7,9,0,1124
kinnaur,7,9,0,1090
kinnaur,7,9,0,968
kinnaur,7,9,0,1032
kinnaur,7,9,0,894
kinnaur,7,9,0,1007
kinnaur,7,9,0,1132
kinnaur,7,9,0,995
kinnaur,7,10,0,1117
kinnaur,7,10,0,962
kinnaur,7,10,0,1138
kinnaur,7,10,0,1013
kinnaur,7,10,0,854
kinnaur,7,10,0,1015
kinnaur,7,10,0,923
kinnaur,7,10,0,851
kinnaur,7,10,0,1085
kinnaur,7,10,0,923
kinnaur,7,10,0,1078
kinnaur,7,10,0,927
kinnaur,7,10,0,899
kinnaur,7,10,0,1130
kinnaur,7,10,0,948
kinnaur,7,10,0,1020
kinnaur,7,10,0,1022
kinnaur,7,10,0,1007
kinnaur,7,10,0,1113
kinnaur,7,10,0,1041
kinnaur,7,10,0,961
kinnaur,7,10,0,1097
kinnaur,7,10,0,895
kinnaur,7,10,0,1003
kinnaur,7,10,0,1123
kinnaur,7,10,0,1027
kinnaur,7,10,0,1084
kinnaur,7,10,0,1035
kinnaur,7,10,0,1090
kinnaur,7,10,0,1122
kinnaur,7,10,0,922
kinnaur,7,10,0,891
kinnaur,7,10,0,985
kinnaur,7,10,0,1049
kinnaur,7,10,0,908
kinnaur,7,10,0,842
kinnaur,7,10,0,943
kinnaur,7,10,0,1129
kinnaur,7,10,0,1047
kinnaur,7,10,0,960
kinnaur,7,10,0,898
kinnaur,7,10,0,947
kinnaur,7,10,0,891
kinnaur,7,10,0,873
kinnaur,7,10,0,1110
kinnaur,7,10,0,1137
kinnaur,7,10,0,890
kinnaur,7,10,0,857
kinnaur,7,10,0,939
kinnaur,7,10,0,978
kinnaur,7,11,0,902
kinnaur,7,11,0,931
kinnaur,7,11,0,901
kinnaur,7,11,0,1071
kinnaur,7,11,0,1053
kinnaur,7,11,0,1030
kinnaur,7,11,0,956
kinnaur,7,11,0,1111
kinnaur,7,11,0,1129
kinnaur,7,11,0,893
kinnaur,7,11,0,907
kinnaur,7,11,0,997
kinnaur,7,11,0,868
kinnaur,7,11,0,971
kinnaur,7,11,0,1014
kinnaur,7,11,0,996
kinnaur,7,11,0,939
kinnaur,7,11,0,1002
kinnaur,7,11,0,1126
kinnaur,7,11,0,902
kinnaur,7,11,0,1035
kinnaur,7,11,0,854
kinnaur,7,11,0,861
kinnaur,7,11,0,1005
kinnaur,7,11,0,872
kinnaur,7,11,0,848
kinnaur,7,11,0,892
kinnaur,7,11,0,1009
kinnaur,7,11,0,1050
kinnaur,7,11,0,901
kinnaur,7,11,0,1039
kinnaur,7,11,0,895
kinnaur,7,11,0,1023
kinnaur,7,11,0,963
kinnaur,7,11,0,1035
kinnaur,7,11,0,1137
kinnaur,7,11,0,1120
kinnaur,7,11,0,842
kinnaur,7,11,0,1104
kinnaur,7,11,0,861
kinnaur,7,11,0,1124
kinnaur,7,11,0,925
kinnaur,7,11,0,954
kinnaur,7,11,0,868
kinnaur,7,11,0,874
kinnaur,7,11,0,1057
kinnaur,7,11,0,1121
kinnaur,7,11,0,1022
kinnaur,7,11,0,1054
kinnaur,7,11,0,1067
kinnaur,7,12,0,1287
kinnaur,7,12,0,1196
kinnaur,7,12,0,1178
kinnaur,7,12,0,1323
kinnaur,7,12,0,1278
kinnaur,7,12,0,1204
kinnaur,7,12,0,1252
kinnaur,7,12,0,1229
kinnaur,7,12,0,1558
kinnaur,7,12,0,1236
kinnaur,7,12,0,1401
kinnaur,7,12,0,1424
kinnaur,7,12,0,1404
kinnaur,7,12,0,1219
kinnaur,7,12,0,1310
kinnaur,7,12,0,1199
kinnaur,7,12,0,1342
kinnaur,7,12,0,1256
kinnaur,7,12,0,1411
kinnaur,7,12,0,1466
kinnaur,7,12,0,1399
kinnaur,7,12,0,1358
kinnaur,7,12,0,1339
kinnaur,7,12,0,1528
kinnaur,7,12,0,1269
kinnaur,7,12,0,1483
kinnaur,7,12,0,1493
kinnaur,7,12,0,1352
kinnaur,7,12,0,1301
kinnaur,7,12,0,1373
kinnaur,7,12,0,1216
kinnaur,7,12,0,1197
kinnaur,7,12,0,1224
kinnaur,7,12,0,1255
kinnaur,7,12,0,1387
kinnaur,7,12,0,1531
kinnaur,7,12,0,1276
kinnaur,7,12,0,1566
kinnaur,7,12,0,1575
kinnaur,7,12,0,1576
kinnaur,7,12,0,1526
kinnaur,7,12,0,1329
kinnaur,7,12,0,1208
kinnaur,7,12,0,1414
kinnaur,7,12,0,1410
kinnaur,7,12,0,1531
kinnaur,7,12,0,1592
kinnaur,7,12,0,1389
kinnaur,7,12,0,1321
kinnaur,7,12,0,1255
kinnaur,7,1,1,2145
kinnaur,7,1,1,2526
kinnaur,7,1,1,2561
kinnaur,7,1,1,2765
kinnaur,7,1,1,2523
kinnaur,7,1,1,2834
kinnaur,7,1,1,2616
kinnaur,7,1,1,2777
kinnaur,7,1,1,2254
kinnaur,7,1,1,2788
kinnaur,7,1,1,2652
kinnaur,7,1,1,2270
kinnaur,7,1,1,2285
kinnaur,7,1,1,2842
kinnaur,7,1,1,2166
kinnaur,7,1,1,2491
kinnaur,7,1,1,2378
kinnaur,7,1,1,2644
kinnaur,7,1,1,2776
kinnaur,7,1,1,2414
kinnaur,7,1,1,2464
kinnaur,7,1,1,2884
kinnaur,7,1,1,2734
kinnaur,7,1,1,2820
kinnaur,7,1,1,2473
kinnaur,7,1,1,2318
kinnaur,7,1,1,2453
kinnaur,7,1,1,2683
kinnaur,7,1,1,2224
kinnaur,7,1,1,2346
kinnaur,7,1,1,2177
kinnaur,7,1,1,2468
kinnaur,7,1,1,2767
kinnaur,7,1,1,2160
kinnaur,7,1,1,2652
kinnaur,7,1,1,2846
kinnaur,7,1,1,2321
kinnaur,7,1,1,2666
kinnaur,7,1,1,2879
kinnaur,7,1,1,2869
kinnaur,7,1,1,2319
kinnaur,7,1,1,2217
kinnaur,7,1,1,2254
kinnaur,7,1,1,2672
kinnaur,7,1,1,2690
kinnaur,7,1,1,2651
kinnaur,7,1,1,2396
kinnaur,7,1,1,2270
kinnaur,7,1,1,2581
kinnaur,7,1,1,2507
kinnaur,7,2,1,1923
kinnaur,7,2,1,1768
kinnaur,7,2,1,1712
kinnaur,7,2,1,1688
kinnaur,7,2,1,1644
kinnaur,7,2,1,1673
kinnaur,7,2,1,1581
kinnaur,7,2,1,1717
kinnaur,7,2,1,1549
kinnaur,7,2,1,1630
kinnaur,7,2,1,1933
kinnaur,7,2,1,1705
kinnaur,7,2,1,1890
kinnaur,7,2,1,1917
kinnaur,7,2,1,1843
kinnaur,7,2,1,2047
kinnaur,7,2,1,1541
kinnaur,7,2,1,1928
kinnaur,7,2,1,2047
kinnaur,7,2,1,1995
kinnaur,7,2,1,1620
kinnaur,7,2,1,1706
kinnaur,7,2,1,1623
kinnaur,7,2,1,1854
kinnaur,7,2,1,1914
kinnaur,7,2,1,1701
kinnaur,7,2,1,1821
kinnaur,7,2,1,1903
kinnaur,7,2,1,1757
kinnaur,7,2,1,1991
kinnaur,7,2,1,1946
kinnaur,7,2,1,1564
kinnaur,7,2,1,1865
kinnaur,7,2,1,1657
kinnaur,7,2,1,1831
kinnaur,7,2,1,2046
kinnaur,7,2,1,2004
kinnaur,7,2,1,1748
kinnaur,7,2,1,1687
kinnaur,7,2,1,1656
kinnaur,7,2,1,1817
kinnaur,7,2,1,1591
kinnaur,7,2,1,1826
kinnaur,7,2,1,1530
kinnaur,7,2,1,1704
kinnaur,7,2,1,1648
kinnaur,7,2,1,2054
kinnaur,7,2,1,1922
kinnaur,7,2,1,1718
kinnaur,7,2,1,1580
kinnaur,7,3,1,1809
kinnaur,7,3,1,1645
kinnaur,7,3,1,1819
kinnaur,7,3,1,1981
kinnaur,7,3,1,1862
kinnaur,7,3,1,1872
kinnaur,7,3,1,1822
kinnaur,7,3,1,2030
kinnaur,7,3,1,2033
kinnaur,7,3,1,1806
kinnaur,7,3,1,1695
kinnaur,7,3,1,1778
kinnaur,7,3,1,1630
kinnaur,7,3,1,1873
kinnaur,7,3,1,1800
kinnaur,7,3,1,1585
kinnaur,7,3,1,1636
kinnaur,7,3,1,1789
kinnaur,7,3,1,2009
kinnaur,7,3,1,1835
kinnaur,7,3,1,1898
kinnaur,7,3,1,1713
kinnaur,7,3,1,1838
kinnaur,7,3,1,1771
kinnaur,7,3,1,1885
kinnaur,7,3,1,1557
kinnaur,7,3,1,1796
kinnaur,7,3,1,1689
kinnaur,7,3,1,1706
kinnaur,7,3,1,2048
kinnaur,7,3,1,1628
kinnaur,7,3,1,1698
kinnaur,7,3,1,1805
kinnaur,7,3,1,1996
kinnaur,7,3,1,1755
kinnaur,7,3,1,1931
kinnaur,7,3,1,1992
kinnaur,7,3,1,1697
kinnaur,7,3,1,1742
kinnaur,7,3,1,1722
kinnaur,7,3,1,1979
kinnaur,7,3,1,1553
kinnaur,7,3,1,1696
kinnaur,7,3,1,1896
kinnaur,7,3,1,1835
kinnaur,7,3,1,1765
kinnaur,7,3,1,1821
kinnaur,7,3,1,1636
kinnaur,7,3,1,1762
kinnaur,7,3,1,1800
kinnaur,7,4,1,2016
kinnaur,7,4,1,1670
kinnaur,7,4,1,1998
kinnaur,7,4,1,1877
kinnaur,7,4,1,1540
kinnaur,7,4,1,1921
kinnaur,7,4,1,1549
kinnaur,7,4,1,2068
kinnaur,7,4,1,2001
kinnaur,7,4,1,1690
kinnaur,7,4,1,1669
kinnaur,7,4,1,1735
kinnaur,7,4,1,1722
kinnaur,7,4,1,1731
kinnaur,7,4,1,1701
kinnaur,7,4,1,1865
kinnaur,7,4,1,1618
kinnaur,7,4,1,1986
kinnaur,7,4,1,1968
kinnaur,7,4,1,1787
kinnaur,7,4,1,1990
kinnaur,7,4,1,1663
kinnaur,7,4,1,1539
kinnaur,7,4,1,1864
kinnaur,7,4,1,1777
kinnaur,7,4,1,1836
kinnaur,7,4,1,2015
kinnaur,7,4,1,2053
kinnaur,7,4,1,1872
kinnaur,7,4,1,1942
kinnaur,7,4,1,1575
kinnaur,7,4,1,1616
kinnaur,7,4,1,1925
kinnaur,7,4,1,1762
kinnaur,7,4,1,1770
kinnaur,7,4,1,1696
kinnaur,7,4,1,1857
kinnaur,7,4,1,1629
kinnaur,7,4,1,1868
kinnaur,7,4,1,1623
kinnaur,7,4,1,1564
kinnaur,7,4,1,1708
kinnaur,7,4,1,1654
kinnaur,7,4,1,2010
kinnaur,7,4,1,1559
kinnaur,7,4,1,1625
kinnaur,7,4,1,1826
kinnaur,7,4,1,1789
kinnaur,7,4,1,1554
kinnaur,7,4,1,1533
kinnaur,7,5,1,3301
kinnaur,7,5,1,3017
kinnaur,7,5,1,2763
kinnaur,7,5,1,2854
kinnaur,7,5,1,2678
kinnaur,7,5,1,2745
kinnaur,7,5,1,3008
kinnaur,7,5,1,3210
kinnaur,7,5,1,2607
kinnaur,7,5,1,3174
kinnaur,7,5,1,2553
kinnaur,7,5,1,2633
kinnaur,7,5,1,2480
kinnaur,7,5,1,2569
kinnaur,7,5,1,3240
kinnaur,7,5,1,2844
kinnaur,7,5,1,2515
kinnaur,7,5,1,3277
kinnaur,7,5,1,3207
kinnaur,7,5,1,3100
kinnaur,7,5,1,3254
kinnaur,7,5,1,2638
kinnaur,7,5,1,3170
kinnaur,7,5,1,3044
kinnaur,7,5,1,3199
kinnaur,7,5,1,3136
kinnaur,7,5,1,2747
kinnaur,7,5,1,3117
kinnaur,7,5,1,2674
kinnaur,7,5,1,2731
kinnaur,7,5,1,2541
kinnaur,7,5,1,3255
kinnaur,7,5,1,2699
kinnaur,7,5,1,2897
kinnaur,7,5,1,2786
kinnaur,7,5,1,3277
kinnaur,7,5,1,2737
kinnaur,7,5,1,3120
kinnaur,7,5,1,3187
kinnaur,7,5,1,2824
kinnaur,7,5,1,2774
kinnaur,7,5,1,3094
kinnaur,7,5,1,3236
kinnaur,7,5,1,3100
kinnaur,7,5,1,2644
kinnaur,7,5,1,3215
kinnaur,7,5,1,2782
kinnaur,7,5,1,2945
kinnaur,7,5,1,3166
kinnaur,7,5,1,2610
kinnaur,7,6,1,3125
kinnaur,7,6,1,2963
kinnaur,7,6,1,3219
kinnaur,7,6,1,2596
kinnaur,7,6,1,2811
kinnaur,7,6,1,3167
kinnaur,7,6,1,2464
kinnaur,7,6,1,2544
kinnaur,7,6,1,3303
kinnaur,7,6,1,2690
kinnaur,7,6,1,3290
kinnaur,7,6,1,2605
kinnaur,7,6,1,2759
kinnaur,7,6,1,3098
kinnaur,7,6,1,3016
kinnaur,7,6,1,2950
kinnaur,7,6,1,2905
kinnaur,7,6,1,3176
kinnaur,7,6,1,2650
kinnaur,7,6,1,2830
kinnaur,7,6,1,2582
kinnaur,7,6,1,2962
kinnaur,7,6,1,2664
kinnaur,7,6,1,2736
kinnaur,7,6,1,2855
kinnaur,7,6,1,2471
kinnaur,7,6,1,2527
kinnaur,7,6,1,3040
kinnaur,7,6,1,2818
kinnaur,7,6,1,3195
kinnaur,7,6,1,3048
kinnaur,7,6,1,2454
kinnaur,7,6,1,2980
kinnaur,7,6,1,2528
kinnaur,7,6,1,3122
kinnaur,7,6,1,3304
kinnaur,7,6,1,2906
kinnaur,7,6,1,3037
kinnaur,7,6,1,2653
kinnaur,7,6,1,2826
kinnaur,7,6,1,3187
kinnaur,7,6,1,2592
kinnaur,7,6,1,2677
kinnaur,7,6,1,2832
kinnaur,7,6,1,3063
kinnaur,7,6,1,2772
kinnaur,7,6,1,3249
kinnaur,7,6,1,2529
kinnaur,7,6,1,2768
kinnaur,7,6,1,3060
kinnaur,7,7,1,1239
kinnaur,7,7,1,1413
kinnaur,7,7,1,1214
kinnaur,7,7,1,1170
kinnaur,7,7,1,1196
kinnaur,7,7,1,1524
kinnaur,7,7,1,1370
kinnaur,7,7,1,1470
kinnaur,7,7,1,1282
kinnaur,7,7,1,1387
kinnaur,7,7,1,1347
kinnaur,7,7,1,1530
kinnaur,7,7,1,1450
kinnaur,7,7,1,1443
kinnaur,7,7,1,1166
kinnaur,7,7,1,1370
kinnaur,7,7,1,1336
kinnaur,7,7,1,1523
kinnaur,7,7,1,1251
kinnaur,7,7,1,1256
kinnaur,7,7,1,1314
kinnaur,7,7,1,1246
kinnaur,7,7,1,1199
kinnaur,7,7,1,1494
kinnaur,7,7,1,1373
kinnaur,7,7,1,1496
kinnaur,7,7,1,1484
kinnaur,7,7,1,1261
kinnaur,7,7,1,1369
kinnaur,7,7,1,1181
kinnaur,7,7,1,1518
kinnaur,7,7,1,1311
kinnaur,7,7,1,1306
kinnaur,7,7,1,1270
kinnaur,7,7,1,1334
kinnaur,7,7,1,1249
kinnaur,7,7,1,1299
kinnaur,7,7,1,1471
kinnaur,7,7,1,1485
kinnaur,7,7,1,1270
kinnaur,7,7,1,1337
kinnaur,7,7,1,1501
kinnaur,7,7,1,1168
kinnaur,7,7,1,1507
kinnaur,7,7,1,1236
kinnaur,7,7,1,1422
kinnaur,7,7,1,1383
kinnaur,7,7,1,1371
kinnaur,7,7,1,1495
kinnaur,7,7,1,1188
kinnaur,7,8,1,1288
kinnaur,7,8,1,1365
kinnaur,7,8,1,1476
kinnaur,7,8,1,1235
kinnaur,7,8,1,1472
kinnaur,7,8,1,1309
kinnaur,7,8,1,1224
kinnaur,7,8,1,1454
kinnaur,7,8,1,1184
kinnaur,7,8,1,1355
kinnaur,7,8,1,1173
kinnaur,7,8,1,1291
kinnaur,7,8,1,1390
kinnaur,7,8,1,1372
kinnaur,7,8,1,1311
kinnaur,7,8,1,1321
kinnaur,7,8,1,1239
kinnaur,7,8,1,1332
kinnaur,7,8,1,1533
kinnaur,7,8,1,1491
kinnaur,7,8,1,1206
kinnaur,7,8,1,1159
kinnaur,7,8,1,1525
kinnaur,7,8,1,1360
kinnaur,7,8,1,1365
kinnaur,7,8,1,1463
kinnaur,7,8,1,1274
kinnaur,7,8,1,1342
kinnaur,7,8,1,1539
kinnaur,7,8,1,1419
kinnaur,7,8,1,1209
kinnaur,7,8,1,1201
kinnaur,7,8,1,1230
kinnaur,7,8,1,1458
kinnaur,7,8,1,1267
kinnaur,7,8,1,1156
kinnaur,7,8,1,1529
kinnaur,7,8,1,1216
kinnaur,7,8,1,1151
kinnaur,7,8,1,1243
kinnaur,7,8,1,1242
kinnaur,7,8,1,1318
kinnaur,7,8,1,1520
kinnaur,7,8,1,1503
kinnaur,7,8,1,1332
kinnaur,7,8,1,1313
kinnaur,7,8,1,1372
kinnaur,7,8,1,1246
kinnaur,7,8,1,1168
kinnaur,7,8,1,1527
kinnaur,7,9,1,1630
kinnaur,7,9,1,1637
kinnaur,7,9,1,1785
kinnaur,7,9,1,1795
kinnaur,7,9,1,1539
kinnaur,7,9,1,1609
kinnaur,7,9,1,1734
kinnaur,7,9,1,1899
kinnaur,7,9,1,1653
kinnaur,7,9,1,1758
kinnaur,7,9,1,1830
kinnaur,7,9,1,2009
kinnaur,7,9,1,1706
kinnaur,7,9,1,1602
kinnaur,7,9,1,1794
kinnaur,7,9,1,1933
kinnaur,7,9,1,1589
kinnaur,7,9,1,1759
kinnaur,7,9,1,1539
kinnaur,7,9,1,1548
kinnaur,7,9,1,1790
kinnaur,7,9,1,1691
kinnaur,7,9,1,1986
kinnaur,7,9,1,1855
kinnaur,7,9,1,1775
kinnaur,7,9,1,1750
kinnaur,7,9,1,1798
kinnaur,7,9,1,1551
kinnaur,7,9,1,2012
kinnaur,7,9,1,2069
kinnaur,7,9,1,1628
kinnaur,7,9,1,1595
kinnaur,7,9,1,1607
kinnaur,7,9,1,1886
kinnaur,7,9,1,1887
kinnaur,7,9,1,1987
kinnaur,7,9,1,1935
kinnaur,7,9,1,1772
kinnaur,7,9,1,1860
kinnaur,7,9,1,1901
kinnaur,7,9,1,1806
kinnaur,7,9,1,1786
kinnaur,7,9,1,1878
kinnaur,7,9,1,1831
kinnaur,7,9,1,1877
kinnaur,7,9,1,1860
kinnaur,7,9,1,1918
kinnaur,7,9,1,1877
kinnaur,7,9,1,1810
kinnaur,7,9,1,1898
kinnaur,7,10,1,1772
kinnaur,7,10,1,1660
kinnaur,7,10,1,1530
kinnaur,7,10,1,1832
kinnaur,7,10,1,1848
kinnaur,7,10,1,2054
kinnaur,7,10,1,1725
kinnaur,7,10,1,1742
kinnaur,7,10,1,1638
kinnaur,7,10,1,1568
kinnaur,7,10,1,1947
kinnaur,7,10,1,1664
kinnaur,7,10,1,1858
kinnaur,7,10,1,1901
kinnaur,7,10,1,1784
kinnaur,7,10,1,2003
kinnaur,7,10,1,1769
kinnaur,7,10,1,1683
kinnaur,7,10,1,2013
kinnaur,7,10,1,1995
kinnaur,7,10,1,1618
kinnaur,7,10,1,1544
kinnaur,7,10,1,1578
kinnaur,7,10,1,1684
kinnaur,7,10,1,2055
kinnaur,7,10,1,1831
kinnaur,7,10,1,1731
kinnaur,7,10,1,2009
kinnaur,7,10,1,1774
kinnaur,7,10,1,1700
kinnaur,7,10,1,2038
kinnaur,7,10,1,1988
kinnaur,7,10,1,1985
kinnaur,7,10,1,1806
kinnaur,7,10,1,1956
kinnaur,7,10,1,1626
kinnaur,7,10,1,1839
kinnaur,7,10,1,2061
kinnaur,7,10,1,1687
kinnaur,7,10,1,1958
kinnaur,7,10,1,1794
kinnaur,7,10,1,1551
kinnaur,7,10,1,1942
kinnaur,7,10,1,1621
kinnaur,7,10,1,1870
kinnaur,7,10,1,1576
kinnaur,7,10,1,2041
kinnaur,7,10,1,1687
kinnaur,7,10,1,1652
kinnaur,7,10,1,1599
kinnaur,7,11,1,2040
kinnaur,7,11,1,1914
kinnaur,7,11,1,1930
kinnaur,7,11,1,1799
kinnaur,7,11,1,1786
kinnaur,7,11,1,1589
kinnaur,7,11,1,1832
kinnaur,7,11,1,1663
kinnaur,7,11,1,2057
kinnaur,7,11,1,1960
kinnaur,7,11,1,1753
kinnaur,7,11,1,1611
kinnaur,7,11,1,1954
kinnaur,7,11,1,1595
kinnaur,7,11,1,1632
kinnaur,7,11,1,1644
kinnaur,7,11,1,1830
kinnaur,7,11,1,1955
kinnaur,7,11,1,1699
kinnaur,7,11,1,1575
kinnaur,7,11,1,1780
kinnaur,7,11,1,1933
kinnaur,7,11,1,1649
kinnaur,7,11,1,1648
kinnaur,7,11,1,2041
kinnaur,7,11,1,2045
kinnaur,7,11,1,2064
kinnaur,7,11,1,1966
kinnaur,7,11,1,1631
kinnaur,7,11,1,1644
kinnaur,7,11,1,1713
kinnaur,7,11,1,1701
kinnaur,7,11,1,2046
kinnaur,7,11,1,1956
kinnaur,7,11,1,1920
kinnaur,7,11,1,1630
kinnaur,7,11,1,2021
kinnaur,7,11,1,1977
kinnaur,7,11,1,1618
kinnaur,7,11,1,2000
kinnaur,7,11,1,1677
kinnaur,7,11,1,1573
kinnaur,7,11,1,1884
kinnaur,7,11,1,1883
kinnaur,7,11,1,1581
kinnaur,7,11,1,1702
kinnaur,7,11,1,2066
kinnaur,7,11,1,1896
kinnaur,7,11,1,1924
kinnaur,7,11,1,1644
kinnaur,7,12,1,2201
kinnaur,7,12,1,2351
kinnaur,7,12,1,2330
kinnaur,7,12,1,2319
kinnaur,7,12,1,2287
kinnaur,7,12,1,2576
kinnaur,7,12,1,2390
kinnaur,7,12,1,2762
kinnaur,7,12,1,2281
kinnaur,7,12,1,2493
kinnaur,7,12,1,2152
kinnaur,7,12,1,2506
kinnaur,7,12,1,2184
kinnaur,7,12,1,2881
kinnaur,7,12,1,2739
kinnaur,7,12,1,2512
kinnaur,7,12,1,2207
kinnaur,7,12,1,2589
kinnaur,7,12,1,2715
kinnaur,7,12,1,2286
kinnaur,7,12,1,2571
kinnaur,7,12,1,2757
kinnaur,7,12,1,2722
kinnaur,7,12,1,2749
kinnaur,7,12,1,2806
kinnaur,7,12,1,2850
kinnaur,7,12,1,2448
kinnaur,7,12,1,2571
kinnaur,7,12,1,2739
kinnaur,7,12,1,2669
kinnaur,7,12,1,2894
kinnaur,7,12,1,2152
kinnaur,7,12,1,2410
kinnaur,7,12,1,2354
kinnaur,7,12,1,2340
kinnaur,7,12,1,2310
kinnaur,7,12,1,2678
kinnaur,7,12,1,2206
kinnaur,7,12,1,2702
kinnaur,7,12,1,2666
kinnaur,7,12,1,2331
kinnaur,7,12,1,2333
kinnaur,7,12,1,2617
kinnaur,7,12,1,2718
kinnaur,7,12,1,2804
kinnaur,7,12,1,2786
kinnaur,7,12,1,2871
kinnaur,7,12,1,2581
kinnaur,7,12,1,2828
kinnaur,7,12,1,2753
kinnaur,7,1,2,7045
kinnaur,7,1,2,5376
kinnaur,7,1,2,7180
kinnaur,7,1,2,6249
kinnaur,7,1,2,6863
kinnaur,7,1,2,5595
kinnaur,7,1,2,6103
kinnaur,7,1,2,5868
kinnaur,7,1,2,5906
kinnaur,7,1,2,5587
kinnaur,7,1,2,6877
kinnaur,7,1,2,5372
kinnaur,7,1,2,5945
kinnaur,7,1,2,5684
kinnaur,7,1,2,6468
kinnaur,7,1,2,5835
kinnaur,7,1,2,5844
kinnaur,7,1,2,6277
kinnaur,7,1,2,6588
kinnaur,7,1,2,5584
kinnaur,7,1,2,5686
kinnaur,7,1,2,5822
kinnaur,7,1,2,7195
kinnaur,7,1,2,6105
kinnaur,7,1,2,6487
kinnaur,7,1,2,5811
kinnaur,7,1,2,6281
kinnaur,7,1,2,5495
kinnaur,7,1,2,5420
kinnaur,7,1,2,6240
kinnaur,7,1,2,6108
kinnaur,7,1,2,5613
kinnaur,7,1,2,6654
kinnaur,7,1,2,7231
kinnaur,7,1,2,6102
kinnaur,7,1,2,6535
kinnaur,7,1,2,7175
kinnaur,7,1,2,6926
kinnaur,7,1,2,6231
kinnaur,7,1,2,6748
kinnaur,7,1,2,5597
kinnaur,7,1,2,6322
kinnaur,7,1,2,5882
kinnaur,7,1,2,5659
kinnaur,7,1,2,6160
kinnaur,7,1,2,5602
kinnaur,7,1,2,6676
kinnaur,7,1,2,6217
kinnaur,7,1,2,6358
kinnaur,7,1,2,5631
kinnaur,7,2,2,4013
kinnaur,7,2,2,4612
kinnaur,7,2,2,5154
kinnaur,7,2,2,3954
kinnaur,7,2,2,4210
kinnaur,7,2,2,4998
kinnaur,7,2,2,3922
kinnaur,7,2,2,5007
kinnaur,7,2,2,4532
kinnaur,7,2,2,4376
kinnaur,7,2,2,4243
kinnaur,7,2,2,4226
kinnaur,7,2,2,4237
kinnaur,7,2,2,5019
kinnaur,7,2,2,4802
kinnaur,7,2,2,4729
kinnaur,7,2,2,4903
kinnaur,7,2,2,4172
kinnaur,7,2,2,4659
kinnaur,7,2,2,4446
kinnaur,7,2,2,4881
kinnaur,7,2,2,4242
kinnaur,7,2,2,4693
kinnaur,7,2,2,5015
kinnaur,7,2,2,4367
kinnaur,7,2,2,3914
kinnaur,7,2,2,4521
kinnaur,7,2,2,4292
kinnaur,7,2,2,4732
kinnaur,7,2,2,5108
kinnaur,7,2,2,4480
kinnaur,7,2,2,4454
kinnaur,7,2,2,4708
kinnaur,7,2,2,3964
kinnaur,7,2,2,4167
kinnaur,7,2,2,5065
kinnaur,7,2,2,4729
kinnaur,7,2,2,3843
kinnaur,7,2,2,4101
kinnaur,7,2,2,4746
kinnaur,7,2,2,4856
kinnaur,7,2,2,4958
kinnaur,7,2,2,4219
kinnaur,7,2,2,5081
kinnaur,7,2,2,4571
kinnaur,7,2,2,4765
kinnaur,7,2,2,4630
kinnaur,7,2,2,3990
kinnaur,7,2,2,5125
kinnaur,7,2,2,3990
kinnaur,7,3,2,4169
kinnaur,7,3,2,4923
kinnaur,7,3,2,4660
kinnaur,7,3,2,4956
kinnaur,7,3,2,4521
kinnaur,7,3,2,4333
kinnaur,7,3,2,5069
kinnaur,7,3,2,3873
kinnaur,7,3,2,4980
kinnaur,7,3,2,4136
kinnaur,7,3,2,4970
kinnaur,7,3,2,4012
kinnaur,7,3,2,4608
kinnaur,7,3,2,5023
kinnaur,7,3,2,4464
kinnaur,7,3,2,4832
kinnaur,7,3,2,4911
kinnaur,7,3,2,4819
kinnaur,7,3,2,5074
kinnaur,7,3,2,4428
kinnaur,7,3,2,4058
kinnaur,7,3,2,3889
kinnaur,7,3,2,4157
kinnaur,7,3,2,4018
kinnaur,7,3,2,4578
kinnaur,7,3,2,4074
kinnaur,7,3,2,3877
kinnaur,7,3,2,3873
kinnaur,7,3,2,4947
kinnaur,7,3,2,4623
kinnaur,7,3,2,4308
kinnaur,7,3,2,5032
kinnaur,7,3,2,3919
kinnaur,7,3,2,5148
kinnaur,7,3,2,4656
kinnaur,7,3,2,4072
kinnaur,7,3,2,4741
kinnaur,7,3,2,4855
kinnaur,7,3,2,4404
kinnaur,7,3,2,4988
kinnaur,7,3,2,4028
kinnaur,7,3,2,4201
kinnaur,7,3,2,3951
kinnaur,7,3,2,4109
kinnaur,7,3,2,4147
kinnaur,7,3,2,5063
kinnaur,7,3,2,3930
kinnaur,7,3,2,4402
kinnaur,7,3,2,4543
kinnaur,7,3,2,5038
kinnaur,7,4,2,5171
kinnaur,7,4,2,4842
kinnaur,7,4,2,5135
kinnaur,7,4,2,4887
kinnaur,7,4,2,5125
kinnaur,7,4,2,4779
kinnaur,7,4,2,3932
kinnaur,7,4,2,4367
kinnaur,7,4,2,4697
kinnaur,7,4,2,4298
kinnaur,7,4,2,4194
kinnaur,7,4,2,4604
kinnaur,7,4,2,5085
kinnaur,7,4,2,3872
kinnaur,7,4,2,4863
kinnaur,7,4,2,4800
kinnaur,7,4,2,5126
kinnaur,7,4,2,5081
kinnaur,7,4,2,4854
kinnaur,7,4,2,4527
kinnaur,7,4,2,4100
kinnaur,7,4,2,4561
kinnaur,7,4,2,4858
kinnaur,7,4,2,5034
kinnaur,7,4,2,4891
kinnaur,7,4,2,4088
kinnaur,7,4,2,4634
kinnaur,7,4,2,4273
kinnaur,7,4,2,3837
kinnaur,7,4,2,4095
kinnaur,7,4,2,3977
kinnaur,7,4,2,4962
kinnaur,7,4,2,4173
kinnaur,7,4,2,4209
kinnaur,7,4,2,5120
kinnaur,7,4,2,4336
kinnaur,7,4,2,3837
kinnaur,7,4,2,4208
kinnaur,7,4,2,3986
kinnaur,7,4,2,3963
kinnaur,7,4,2,3929
kinnaur,7,4,2,4625
kinnaur,7,4,2,4080
kinnaur,7,4,2,4312
kinnaur,7,4,2,4988
kinnaur,7,4,2,4397
kinnaur,7,4,2,5061
kinnaur,7,4,2,4497
kinnaur,7,4,2,4363
kinnaur,7,4,2,4838
kinnaur,7,5,2,6278
kinnaur,7,5,2,6313
kinnaur,7,5,2,7528
kinnaur,7,5,2,7171
kinnaur,7,5,2,7827
kinnaur,7,5,2,8099
kinnaur,7,5,2,6958
kinnaur,7,5,2,7408
kinnaur,7,5,2,7201
kinnaur,7,5,2,8240
kinnaur,7,5,2,7915
kinnaur,7,5,2,8089
kinnaur,7,5,2,6669
kinnaur,7,5,2,7788
kinnaur,7,5,2,6693
kinnaur,7,5,2,6570
kinnaur,7,5,2,8159
kinnaur,7,5,2,6161
kinnaur,7,5,2,8205
kinnaur,7,5,2,6442
kinnaur,7,5,2,7889
kinnaur,7,5,2,6715
kinnaur,7,5,2,6877
kinnaur,7,5,2,6588
kinnaur,7,5,2,7384
kinnaur,7,5,2,6871
kinnaur,7,5,2,7539
kinnaur,7,5,2,6153
kinnaur,7,5,2,6259
kinnaur,7,5,2,6335
kinnaur,7,5,2,7025
kinnaur,7,5,2,7879
kinnaur,7,5,2,8038
kinnaur,7,5,2,6648
kinnaur,7,5,2,7360
kinnaur,7,5,2,7779
kinnaur,7,5,2,6743
kinnaur,7,5,2,7003
kinnaur,7,5,2,7251
kinnaur,7,5,2,6411
kinnaur,7,5,2,6176
kinnaur,7,5,2,6450
kinnaur,7,5,2,7474
kinnaur,7,5,2,6279
kinnaur,7,5,2,6529
kinnaur,7,5,2,6849
kinnaur,7,5,2,6288
kinnaur,7,5,2,6534
kinnaur,7,5,2,8088
kinnaur,7,5,2,6161
kinnaur,7,6,2,7531
kinnaur,7,6,2,6950
kinnaur,7,6,2,7572
kinnaur,7,6,2,7391
kinnaur,7,6,2,6602
kinnaur,7,6,2,7949
kinnaur,7,6,2,7182
kinnaur,7,6,2,7896
kinnaur,7,6,2,6996
kinnaur,7,6,2,8246
kinnaur,7,6,2,7784
kinnaur,7,6,2,8206
kinnaur,7,6,2,7230
kinnaur,7,6,2,7143
kinnaur,7,6,2,7751
kinnaur,7,6,2,8021
kinnaur,7,6,2,8202
kinnaur,7,6,2,6821
kinnaur,7,6,2,7845
kinnaur,7,6,2,6574
kinnaur,7,6,2,7298
kinnaur,7,6,2,6508
kinnaur,7,6,2,6870
kinnaur,7,6,2,8131
kinnaur,7,6,2,6435
kinnaur,7,6,2,7485
kinnaur,7,6,2,7400
kinnaur,7,6,2,6380
kinnaur,7,6,2,6824
kinnaur,7,6,2,7336
kinnaur,7,6,2,6524
kinnaur,7,6,2,7849
kinnaur,7,6,2,8219
kinnaur,7,6,2,6583
kinnaur,7,6,2,6523
kinnaur,7,6,2,7102
kinnaur,7,6,2,7735
kinnaur,7,6,2,6728
kinnaur,7,6,2,6162
kinnaur,7,6,2,7289
kinnaur,7,6,2,8186
kinnaur,7,6,2,6965
kinnaur,7,6,2,7027
kinnaur,7,6,2,8212
kinnaur,7,6,2,7620
kinnaur,7,6,2,7673
kinnaur,7,6,2,7335
kinnaur,7,6,2,8225
kinnaur,7,6,2,7607
kinnaur,7,6,2,8053
kinnaur,7,7,2,3576
kinnaur,7,7,2,3613
kinnaur,7,7,2,3162
kinnaur,7,7,2,3176
kinnaur,7,7,2,3661
kinnaur,7,7,2,3169
kinnaur,7,7,2,3438
kinnaur,7,7,2,3121
kinnaur,7,7,2,3695
kinnaur,7,7,2,2980
kinnaur,7,7,2,3708
kinnaur,7,7,2,3479
kinnaur,7,7,2,3057
kinnaur,7,7,2,3417
kinnaur,7,7,2,3154
kinnaur,7,7,2,3196
kinnaur,7,7,2,3224
kinnaur,7,7,2,2932
kinnaur,7,7,2,3867
kinnaur,7,7,2,2900
kinnaur,7,7,2,3539
kinnaur,7,7,2,3244
kinnaur,7,7,2,3522
kinnaur,7,7,2,3229
kinnaur,7,7,2,3550
kinnaur,7,7,2,3607
kinnaur,7,7,2,3567
kinnaur,7,7,2,2984
kinnaur,7,7,2,3533
kinnaur,7,7,2,3152
kinnaur,7,7,2,2897
kinnaur,7,7,2,3288
kinnaur,7,7,2,3307
kinnaur,7,7,2,3341
kinnaur,7,7,2,3582
kinnaur,7,7,2,3181
kinnaur,7,7,2,3187
kinnaur,7,7,2,2930
kinnaur,7,7,2,3564
kinnaur,7,7,2,3443
kinnaur,7,7,2,3222
kinnaur,7,7,2,3582
kinnaur,7,7,2,3412
kinnaur,7,7,2,3343
kinnaur,7,7,2,3386
kinnaur,7,7,2,3513
kinnaur,7,7,2,3537
kinnaur,7,7,2,3161
kinnaur,7,7,2,3011
kinnaur,7,7,2,3027
kinnaur,7,8,2,3516
kinnaur,7,8,2,3752
kinnaur,7,8,2,3283
kinnaur,7,8,2,3040
kinnaur,7,8,2,3634
kinnaur,7,8,2,3711
kinnaur,7,8,2,3760
kinnaur,7,8,2,3483
kinnaur,7,8,2,3740
kinnaur,7,8,2,2884
kinnaur,7,8,2,2977
kinnaur,7,8,2,2962
kinnaur,7,8,2,3590
kinnaur,7,8,2,2939
kinnaur,7,8,2,3371
kinnaur,7,8,2,3347
kinnaur,7,8,2,3183
kinnaur,7,8,2,3750
kinnaur,7,8,2,3041
kinnaur,7,8,2,3225
kinnaur,7,8,2,3652
kinnaur,7,8,2,2899
kinnaur,7,8,2,3550
kinnaur,7,8,2,3695
kinnaur,7,8,2,3812
kinnaur,7,8,2,3756
kinnaur,7,8,2,3192
kinnaur,7,8,2,3462
kinnaur,7,8,2,2947
kinnaur,7,8,2,3129
kinnaur,7,8,2,2964
kinnaur,7,8,2,3187
kinnaur,7,8,2,3754
kinnaur,7,8,2,3220
kinnaur,7,8,2,3437
kinnaur,7,8,2,3307
kinnaur,7,8,2,3333
kinnaur,7,8,2,3850
kinnaur,7,8,2,3168
kinnaur,7,8,2,3503
kinnaur,7,8,2,3294
kinnaur,7,8,2,2930
kinnaur,7,8,2,3364
kinnaur,7,8,2,3692
kinnaur,7,8,2,2968
kinnaur,7,8,2,2939
kinnaur,7,8,2,3024
kinnaur,7,8,2,3642
kinnaur,7,8,2,3601
kinnaur,7,8,2,3440
kinnaur,7,9,2,4457
kinnaur,7,9,2,5024
kinnaur,7,9,2,4860
kinnaur,7,9,2,4921
kinnaur,7,9,2,4922
kinnaur,7,9,2,4692
kinnaur,7,9,2,4443
kinnaur,7,9,2,4992
kinnaur,7,9,2,5075
kinnaur,7,9,2,3857
kinnaur,7,9,2,3894
kinnaur,7,9,2,5119
kinnaur,7,9,2,4199
kinnaur,7,9,2,5004
kinnaur,7,9,2,4349
kinnaur,7,9,2,3985
kinnaur,7,9,2,3933
kinnaur,7,9,2,4036
kinnaur,7,9,2,4162
kinnaur,7,9,2,4484
kinnaur,7,9,2,4772
kinnaur,7,9,2,5156
kinnaur,7,9,2,4421
kinnaur,7,9,2,4524
kinnaur,7,9,2,4529
kinnaur,7,9,2,4553
kinnaur,7,9,2,4523
kinnaur,7,9,2,3836
kinnaur,7,9,2,3827
kinnaur,7,9,2,3956
kinnaur,7,9,2,3962
kinnaur,7,9,2,4776
kinnaur,7,9,2,4101
kinnaur,7,9,2,5032
kinnaur,7,9,2,5078
kinnaur,7,9,2,5142
kinnaur,7,9,2,5092
kinnaur,7,9,2,4192
kinnaur,7,9,2,4513
kinnaur,7,9,2,4061
kinnaur,7,9,2,4913
kinnaur,7,9,2,5024
kinnaur,7,9,2,4974
kinnaur,7,9,2,4410
kinnaur,7,9,2,4849
kinnaur,7,9,2,3956
kinnaur,7,9,2,3879
kinnaur,7,9,2,4841
kinnaur,7,9,2,4399
kinnaur,7,9,2,5168
kinnaur,7,10,2,3956
kinnaur,7,10,2,4980
kinnaur,7,10,2,4472
kinnaur,7,10,2,4941
kinnaur,7,10,2,4928
kinnaur,7,10,2,5061
kinnaur,7,10,2,4227
kinnaur,7,10,2,5107
kinnaur,7,10,2,4029
kinnaur,7,10,2,3935
kinnaur,7,10,2,4407
kinnaur,7,10,2,4943
kinnaur,7,10,2,4464
kinnaur,7,10,2,4944
kinnaur,7,10,2,4810
kinnaur,7,10,2,4107
kinnaur,7,10,2,5105
kinnaur,7,10,2,3907
kinnaur,7,10,2,5037
kinnaur,7,10,2,4235
kinnaur,7,10,2,4500
kinnaur,7,10,2,4395
kinnaur,7,10,2,4056
kinnaur,7,10,2,4308
kinnaur,7,10,2,4085
kinnaur,7,10,2,4100
kinnaur,7,10,2,4077
kinnaur,7,10,2,4485
kinnaur,7,10,2,4902
kinnaur,7,10,2,4593
kinnaur,7,10,2,5030
kinnaur,7,10,2,4684
kinnaur,7,10,2,4755
kinnaur,7,10,2,4726
kinnaur,7,10,2,4431
kinnaur,7,10,2,4755
kinnaur,7,10,2,3919
kinnaur,7,10,2,4985
kinnaur,7,10,2,4875
kinnaur,7,10,2,4156
kinnaur,7,10,2,4861
kinnaur,7,10,2,3842
kinnaur,7,10,2,4118
kinnaur,7,10,2,3912
kinnaur,7,10,2,4878
kinnaur,7,10,2,4845
kinnaur,7,10,2,4923
kinnaur,7,10,2,3831
kinnaur,7,10,2,4501
kinnaur,7,10,2,4776
kinnaur,7,11,2,4034
kinnaur,7,11,2,4702
kinnaur,7,11,2,3938
kinnaur,7,11,2,4069
kinnaur,7,11,2,4467
kinnaur,7,11,2,4707
kinnaur,7,11,2,4021
kinnaur,7,11,2,4075
kinnaur,7,11,2,4101
kinnaur,7,11,2,4147
kinnaur,7,11,2,4130
kinnaur,7,11,2,4358
kinnaur,7,11,2,4707
kinnaur,7,11,2,4416
kinnaur,7,11,2,4872
kinnaur,7,11,2,4796
kinnaur,7,11,2,3995
kinnaur,7,11,2,3890
kinnaur,7,11,2,5010
kinnaur,7,11,2,3932
kinnaur,7,11,2,4025
kinnaur,7,11,2,3854
kinnaur,7,11,2,4673
kinnaur,7,11,2,4611
kinnaur,7,11,2,5157
kinnaur,7,11,2,5022
kinnaur,7,11,2,4379
kinnaur,7,11,2,4326
kinnaur,7,11,2,4225
kinnaur,7,11,2,4030
kinnaur,7,11,2,4011
kinnaur,7,11,2,4003
kinnaur,7,11,2,3979
kinnaur,7,11,2,4149
kinnaur,7,11,2,4239
kinnaur,7,11,2,5123
kinnaur,7,11,2,4605
kinnaur,7,11,2,5158
kinnaur,7,11,2,4327
kinnaur,7,11,2,4442
kinnaur,7,11,2,4263
kinnaur,7,11,2,4071
kinnaur,7,11,2,4018
kinnaur,7,11,2,5100
kinnaur,7,11,2,5157
kinnaur,7,11,2,3885
kinnaur,7,11,2,4027
kinnaur,7,11,2,4396
kinnaur,7,11,2,4076
kinnaur,7,11,2,4316
kinnaur,7,12,2,5598
kinnaur,7,12,2,6217
kinnaur,7,12,2,5868
kinnaur,7,12,2,6020
kinnaur,7,12,2,5533
kinnaur,7,12,2,6164
kinnaur,7,12,2,7213
kinnaur,7,12,2,5976
kinnaur,7,12,2,7011
kinnaur,7,12,2,6948
kinnaur,7,12,2,7154
kinnaur,7,12,2,6848
kinnaur,7,12,2,6601
kinnaur,7,12,2,6973
kinnaur,7,12,2,5497
kinnaur,7,12,2,6229
kinnaur,7,12,2,7224
kinnaur,7,12,2,6809
kinnaur,7,12,2,7173
kinnaur,7,12,2,6828
kinnaur,7,12,2,7008
kinnaur,7,12,2,6690
kinnaur,7,12,2,6792
kinnaur,7,12,2,6343
kinnaur,7,12,2,7101
kinnaur,7,12,2,6914
kinnaur,7,12,2,6949
kinnaur,7,12,2,6626
kinnaur,7,12,2,5930
kinnaur,7,12,2,5422
kinnaur,7,12,2,7123
kinnaur,7,12,2,6462
kinnaur,7,12,2,5918
kinnaur,7,12,2,5636
kinnaur,7,12,2,6922
kinnaur,7,12,2,6936
kinnaur,7,12,2,6894
kinnaur,7,12,2,6574
kinnaur,7,12,2,6046
kinnaur,7,12,2,5929
kinnaur,7,12,2,5371
kinnaur,7,12,2,6930
kinnaur,7,12,2,5520
kinnaur,7,12,2,6547
kinnaur,7,12,2,6307
kinnaur,7,12,2,6350
kinnaur,7,12,2,7106
kinnaur,7,12,2,5414
kinnaur,7,12,2,6816
kinnaur,7,12,2,5453
keylong,8,1,0,1260
keylong,8,1,0,1432
keylong,8,1,0,1271
keylong,8,1,0,1589
keylong,8,1,0,1475
keylong,8,1,0,1256
keylong,8,1,0,1261
keylong,8,1,0,1512
keylong,8,1,0,1597
keylong,8,1,0,1435
keylong,8,1,0,1486
keylong,8,1,0,1594
keylong,8,1,0,1511
keylong,8,1,0,1342
keylong,8,1,0,1512
keylong,8,1,0,1519
keylong,8,1,0,1565
keylong,8,1,0,1516
keylong,8,1,0,1668
keylong,8,1,0,1330
keylong,8,1,0,1660
keylong,8,1,0,1479
keylong,8,1,0,1538
keylong,8,1,0,1287
keylong,8,1,0,1410
keylong,8,1,0,1581
keylong,8,1,0,1553
keylong,8,1,0,1261
keylong,8,1,0,1483
keylong,8,1,0,1282
keylong,8,1,0,1680
keylong,8,1,0,1637
keylong,8,1,0,1252
keylong,8,1,0,1620
keylong,8,1,0,1647
keylong,8,1,0,1398
keylong,8,1,0,1559
keylong,8,1,0,1437
keylong,8,1,0,1531
keylong,8,1,0,1392
keylong,8,1,0,1385
keylong,8,1,0,1429
keylong,8,1,0,1307
keylong,8,1,0,1608
keylong,8,1,0,1396
keylong,8,1,0,1419
keylong,8,1,0,1635
keylong,8,1,0,1461
keylong,8,1,0,1482
keylong,8,1,0,1663
keylong,8,2,0,1166
keylong,8,2,0,941
keylong,8,2,0,1036
keylong,8,2,0,1192
keylong,8,2,0,1004
keylong,8,2,0,1004
keylong,8,2,0,949
keylong,8,2,0,924
keylong,8,2,0,1120
keylong,8,2,0,1129
keylong,8,2,0,1192
keylong,8,2,0,1130
keylong,8,2,0,964
keylong,8,2,0,900
keylong,8,2,0,1197
keylong,8,2,0,994
keylong,8,2,0,986
keylong,8,2,0,1172
keylong,8,2,0,1071
keylong,8,2,0,955
keylong,8,2,0,1166
keylong,8,2,0,1199
keylong,8,2,0,915
keylong,8,2,0,1158
keylong,8,2,0,1010
keylong,8,2,0,1052
keylong,8,2,0,1175
keylong,8,2,0,1193
keylong,8,2,0,970
keylong,8,2,0,954
keylong,8,2,0,913
keylong,8,2,0,1064
keylong,8,2,0,892
keylong,8,2,0,1017
keylong,8,2,0,911
keylong,8,2,0,1015
keylong,8,2,0,900
keylong,8,2,0,1150
keylong,8,2,0,954
keylong,8,2,0,991
keylong,8,2,0,1161
keylong,8,2,0,1122
keylong,8,2,0,956
keylong,8,2,0,910
keylong,8,2,0,1112
keylong,8,2,0,1010
keylong,8,2,0,1128
keylong,8,2,0,1027
keylong,8,2,0,996
keylong,8,2,0,1029
keylong,8,3,0,1122
keylong,8,3,0,1171
keylong,8,3,0,903
keylong,8,3,0,1052
keylong,8,3,0,898
keylong,8,3,0,1035
keylong,8,3,0,1165
keylong,8,3,0,1001
keylong,8,3,0,1180
keylong,8,3,0,1085
keylong,8,3,0,1181
keylong,8,3,0,1125
keylong,8,3,0,920
keylong,8,3,0,960
keylong,8,3,0,1011
keylong,8,3,0,941
keylong,8,3,0,1043
keylong,8,3,0,1036
keylong,8,3,0,1188
keylong,8,3,0,1024
keylong,8,3,0,1134
keylong,8,3,0,1183
keylong,8,3,0,1163
keylong,8,3,0,953
keylong,8,3,0,1043
keylong,8,3,0,997
keylong,8,3,0,1013
keylong,8,3,0,1001
keylong,8,3,0,1147
keylong,8,3,0,1029
keylong,8,3,0,1052
keylong,8,3,0,1196
keylong,8,3,0,907
keylong,8,3,0,1041
keylong,8,3,0,1130
keylong,8,3,0,935
keylong,8,3,0,1079
keylong,8,3,0,963
keylong,8,3,0,1160
keylong,8,3,0,990
keylong,8,3,0,991
keylong,8,3,0,1075
keylong,8,3,0,945
keylong,8,3,0,977
keylong,8,3,0,1018
keylong,8,3,0,999
keylong,8,3,0,1052
keylong,8,3,0,1076
keylong,8,3,0,1065
keylong,8,3,0,1093
keylong,8,4,0,984
keylong,8,4,0,927
keylong,8,4,0,1126
keylong,8,4,0,1154
keylong,8,4,0,968
keylong,8,4,0,1015
keylong,8,4,0,1044
keylong,8,4,0,1055
keylong,8,4,0,1095
keylong,8,4,0,901
keylong,8,4,0,1114
keylong,8,4,0,907
keylong,8,4,0,1035
keylong,8,4,0,1147
keylong,8,4,0,1029
keylong,8,4,0,934
keylong,8,4,0,1197
keylong,8,4,0,1167
keylong,8,4,0,1130
keylong,8,4,0,1017
keylong,8,4,0,945
keylong,8,4,0,1183
keylong,8,4,0,1055
keylong,8,4,0,1155
keylong,8,4,0,995
keylong,8,4,0,993
keylong,8,4,0,1197
keylong,8,4,0,1051
keylong,8,4,0,932
keylong,8,4,0,957
keylong,8,4,0,1039
keylong,8,4,0,901
keylong,8,4,0,1033
keylong,8,4,0,1019
keylong,8,4,0,1132
keylong,8,4,0,999
keylong,8,4,0,1196
keylong,8,4,0,944
keylong,8,4,0,1073
keylong,8,4,0,916
keylong,8,4,0,1118
keylong,8,4,0,1200
keylong,8,4,0,1145
keylong,8,4,0,1062
keylong,8,4,0,1040
keylong,8,4,0,1150
keylong,8,4,0,1181
keylong,8,4,0,1198
keylong,8,4,0,1012
keylong,8,4,0,1198
keylong,8,5,0,1499
keylong,8,5,0,1548
keylong,8,5,0,1465
keylong,8,5,0,1557
keylong,8,5,0,1806
keylong,8,5,0,1849
keylong,8,5,0,1811
keylong,8,5,0,1737
keylong,8,5,0,1679
keylong,8,5,0,1776
keylong,8,5,0,1617
keylong,8,5,0,1843
keylong,8,5,0,1760
keylong,8,5,0,1771
keylong,8,5,0,1690
keylong,8,5,0,1865
keylong,8,5,0,1547
keylong,8,5,0,1612
keylong,8,5,0,1811
keylong,8,5,0,1668
keylong,8,5,0,1867
keylong,8,5,0,1594
keylong,8,5,0,1606
keylong,8,5,0,1866
keylong,8,5,0,1654
keylong,8,5,0,1680
keylong,8,5,0,1588
keylong,8,5,0,1559
keylong,8,5,0,1750
keylong,8,5,0,1481
keylong,8,5,0,1862
keylong,8,5,0,1812
keylong,8,5,0,1516
keylong,8,5,0,1769
keylong,8,5,0,1723
keylong,8,5,0,1513
keylong,8,5,0,1558
keylong,8,5,0,1626
keylong,8,5,0,1771
keylong,8,5,0,1741
keylong,8,5,0,1688
keylong,8,5,0,1806
keylong,8,5,0,1801
keylong,8,5,0,1731
keylong,8,5,0,1815
keylong,8,5,0,1588
keylong,8,5,0,1863
keylong,8,5,0,1729
keylong,8,5,0,1833
keylong,8,5,0,1695
keylong,8,6,0,1530
keylong,8,6,0,1693
keylong,8,6,0,1607
keylong,8,6,0,1771
keylong,8,6,0,1659
keylong,8,6,0,1840
keylong,8,6,0,1761
keylong,8,6,0,1764
keylong,8,6,0,1530
keylong,8,6,0,1914
keylong,8,6,0,1843
keylong,8,6,0,1816
keylong,8,6,0,1586
keylong,8,6,0,1689
keylong,8,6,0,1489
keylong,8,6,0,1691
keylong,8,6,0,1494
keylong,8,6,0,1698
keylong,8,6,0,1746
keylong,8,6,0,1616
keylong,8,6,0,1671
keylong,8,6,0,1860
keylong,8,6,0,1475
keylong,8,6,0,1818
keylong,8,6,0,1506
keylong,8,6,0,1439
keylong,8,6,0,1514
keylong,8,6,0,1804
keylong,8,6,0,1624
keylong,8,6,0,1858
keylong,8,6,0,1684
keylong,8,6,0,1432
keylong,8,6,0,1780
keylong,8,6,0,1476
keylong,8,6,0,1817
keylong,8,6,0,1505
keylong,8,6,0,1594
keylong,8,6,0,1803
keylong,8,6,0,1899
keylong,8,6,0,1607
keylong,8,6,0,1837
keylong,8,6,0,1516
keylong,8,6,0,1826
keylong,8,6,0,1750
keylong,8,6,0,1517
keylong,8,6,0,1572
keylong,8,6,0,1487
keylong,8,6,0,1613
keylong,8,6,0,1523
keylong,8,6,0,1744
keylong,8,7,0,900
keylong,8,7,0,669
keylong,8,7,0,793
keylong,8,7,0,801
keylong,8,7,0,881
keylong,8,7,0,785
keylong,8,7,0,794
keylong,8,7,0,777
keylong,8,7,0,729
keylong,8,7,0,679
keylong,8,7,0,762
keylong,8,7,0,678
keylong,8,7,0,795
keylong,8,7,0,738
keylong,8,7,0,791
keylong,8,7,0,697
keylong,8,7,0,885
keylong,8,7,0,876
keylong,8,7,0,710
keylong,8,7,0,746
keylong,8,7,0,810
keylong,8,7,0,688
keylong,8,7,0,749
keylong,8,7,0,725
keylong,8,7,0,881
keylong,8,7,0,866
keylong,8,7,0,802
keylong,8,7,0,788
keylong,8,7,0,885
keylong,8,7,0,885
keylong,8,7,0,894
keylong,8,7,0,695
keylong,8,7,0,703
keylong,8,7,0,825
keylong,8,7,0,793
keylong,8,7,0,670
keylong,8,7,0,680
keylong,8,7,0,874
keylong,8,7,0,870
keylong,8,7,0,750
keylong,8,7,0,875
keylong,8,7,0,805
keylong,8,7,0,855
keylong,8,7,0,766
keylong,8,7,0,692
keylong,8,7,0,768
keylong,8,7,0,773
keylong,8,7,0,795
keylong,8,7,0,691
keylong,8,7,0,899
keylong,8,8,0,723
keylong,8,8,0,712
keylong,8,8,0,790
keylong,8,8,0,792
keylong,8,8,0,769
keylong,8,8,0,847
keylong,8,8,0,787
keylong,8,8,0,809
keylong,8,8,0,836
keylong,8,8,0,672
keylong,8,8,0,800
keylong,8,8,0,874
keylong,8,8,0,670
keylong,8,8,0,761
keylong,8,8,0,883
keylong,8,8,0,749
keylong,8,8,0,774
keylong,8,8,0,896
keylong,8,8,0,713
keylong,8,8,0,681
keylong,8,8,0,868
keylong,8,8,0,870
keylong,8,8,0,777
keylong,8,8,0,787
keylong,8,8,0,862
keylong,8,8,0,839
keylong,8,8,0,728
keylong,8,8,0,670
keylong,8,8,0,778
keylong,8,8,0,868
keylong,8,8,0,876
keylong,8,8,0,891
keylong,8,8,0,872
keylong,8,8,0,802
keylong,8,8,0,770
keylong,8,8,0,848
keylong,8,8,0,840
keylong,8,8,0,792
keylong,8,8,0,686
keylong,8,8,0,883
keylong,8,8,0,773
keylong,8,8,0,751
keylong,8,8,0,814
keylong,8,8,0,824
keylong,8,8,0,715
keylong,8,8,0,862
keylong,8,8,0,734
keylong,8,8,0,710
keylong,8,8,0,761
keylong,8,8,0,837
keylong,8,9,0,1190
keylong,8,9,0,1141
keylong,8,9,0,1183
keylong,8,9,0,932
keylong,8,9,0,910
keylong,8,9,0,1063
keylong,8,9,0,979
keylong,8,9,0,1147
keylong,8,9,0,1098
keylong,8,9,0,1192
keylong,8,9,0,968
keylong,8,9,0,1040
keylong,8,9,0,1045
keylong,8,9,0,963
keylong,8,9,0,1073
keylong,8,9,0,1027
keylong,8,9,0,1028
keylong,8,9,0,1001
keylong,8,9,0,893
keylong,8,9,0,1051
keylong,8,9,0,993
keylong,8,9,0,888
keylong,8,9,0,984
keylong,8,9,0,975
keylong,8,9,0,1011
keylong,8,9,0,929
keylong,8,9,0,1047
keylong,8,9,0,1105
keylong,8,9,0,1085
keylong,8,9,0,1140
keylong,8,9,0,1029
keylong,8,9,0,1050
keylong,8,9,0,1142
keylong,8,9,0,1022
keylong,8,9,0,1108
keylong,8,9,0,1024
keylong,8,9,0,1019
keylong,8,9,0,1126
keylong,8,9,0,943
keylong,8,9,0,994
keylong,8,9,0,958
keylong,8,9,0,1000
keylong,8,9,0,960
keylong,8,9,0,1069
keylong,8,9,0,1138
keylong,8,9,0,1134
keylong,8,9,0,1002
keylong,8,9,0,1198
keylong,8,9,0,1074
keylong,8,9,0,1013
keylong,8,10,0,1150
keylong,8,10,0,1117
keylong,8,10,0,1123
keylong,8,10,0,949
keylong,8,10,0,1035
keylong,8,10,0,1158
keylong,8,10,0,1046
keylong,8,10,0,1102
keylong,8,10,0,1072
keylong,8,10,0,1152
keylong,8,10,0,977
keylong,8,10,0,1068
keylong,8,10,0,926
keylong,8,10,0,1104
keylong,8,10,0,1117
keylong,8,10,0,901
keylong,8,10,0,1100
keylong,8,10,0,1018
keylong,8,10,0,927
keylong,8,10,0,1019
keylong,8,10,0,949
keylong,8,10,0,1018
keylong,8,10,0,1008
keylong,8,10,0,1119
keylong,8,10,0,1130
keylong,8,10,0,1078
keylong,8,10,0,895
keylong,8,10,0,1180
keylong,8,10,0,1103
keylong,8,10,0,898
keylong,8,10,0,1144
keylong,8,10,0,951
keylong,8,10,0,1069
keylong,8,10,0,1034
keylong,8,10,0,1019
keylong,8,10,0,1167
keylong,8,10,0,1025
keylong,8,10,0,911
keylong,8,10,0,1185
keylong,8,10,0,1176
keylong,8,10,0,1102
keylong,8,10,0,1034
keylong,8,10,0,917
keylong,8,10,0,1136
keylong,8,10,0,911
keylong,8,10,0,909
keylong,8,10,0,1056
keylong,8,10,0,938
keylong,8,10,0,890
keylong,8,10,0,1020
keylong,8,11,0,931
keylong,8,11,0,938
keylong,8,11,0,912
keylong,8,11,0,952
keylong,8,11,0,1112
keylong,8,11,0,1141
keylong,8,11,0,1030
keylong,8,11,0,1047
keylong,8,11,0,898
keylong,8,11,0,909
keylong,8,11,0,968
keylong,8,11,0,1058
keylong,8,11,0,1120
keylong,8,11,0,1077
keylong,8,11,0,1011
keylong,8,11,0,925
keylong,8,11,0,1133
keylong,8,11,0,1002
keylong,8,11,0,1119
keylong,8,11,0,1049
keylong,8,11,0,1119
keylong,8,11,0,1172
keylong,8,11,0,1176
keylong,8,11,0,1056
keylong,8,11,0,1048
keylong,8,11,0,971
keylong,8,11,0,1181
keylong,8,11,0,1031
keylong,8,11,0,928
keylong,8,11,0,1023
keylong,8,11,0,928
keylong,8,11,0,1045
keylong,8,11,0,1064
keylong,8,11,0,994
keylong,8,11,0,910
keylong,8,11,0,1184
keylong,8,11,0,1130
keylong,8,11,0,1151
keylong,8,11,0,1003
keylong,8,11,0,1126
keylong,8,11,0,1040
keylong,8,11,0,951
keylong,8,11,0,927
keylong,8,11,0,996
keylong,8,11,0,931
keylong,8,11,0,1201
keylong,8,11,0,903
keylong,8,11,0,1026
keylong,8,11,0,1029
keylong,8,11,0,982
keylong,8,12,0,1494
keylong,8,12,0,1309
keylong,8,12,0,1587
keylong,8,12,0,1389
keylong,8,12,0,1503
keylong,8,12,0,1557
keylong,8,12,0,1633
keylong,8,12,0,1610
keylong,8,12,0,1510
keylong,8,12,0,1414
keylong,8,12,0,1464
keylong,8,12,0,1580
keylong,8,12,0,1628
keylong,8,12,0,1289
keylong,8,12,0,1412
keylong,8,12,0,1584
keylong,8,12,0,1433
keylong,8,12,0,1389
keylong,8,12,0,1424
keylong,8,12,0,1508
keylong,8,12,0,1682
keylong,8,12,0,1459
keylong,8,12,0,1335
keylong,8,12,0,1315
keylong,8,12,0,1262
keylong,8,12,0,1488
keylong,8,12,0,1482
keylong,8,12,0,1333
keylong,8,12,0,1548
keylong,8,12,0,1568
keylong,8,12,0,1357
keylong,8,12,0,1394
keylong,8,12,0,1678
keylong,8,12,0,1407
keylong,8,12,0,1577
keylong,8,12,0,1442
keylong,8,12,0,1591
keylong,8,12,0,1581
keylong,8,12,0,1536
keylong,8,12,0,1618
keylong,8,12,0,1655
keylong,8,12,0,1498
keylong,8,12,0,1347
keylong,8,12,0,1418
keylong,8,12,0,1576
keylong,8,12,0,1529
keylong,8,12,0,1321
keylong,8,12,0,1266
keylong,8,12,0,1543
keylong,8,12,0,1353
keylong,8,1,1,2659
keylong,8,1,1,2856
keylong,8,1,1,2710
keylong,8,1,1,2327
keylong,8,1,1,2409
keylong,8,1,1,2436
keylong,8,1,1,2466
keylong,8,1,1,2712
keylong,8,1,1,2663
keylong,8,1,1,2423
keylong,8,1,1,2314
keylong,8,1,1,2397
keylong,8,1,1,3046
keylong,8,1,1,2634
keylong,8,1,1,2953
keylong,8,1,1,2938
keylong,8,1,1,2669
keylong,8,1,1,2824
keylong,8,1,1,2414
keylong,8,1,1,2810
keylong,8,1,1,2478
keylong,8,1,1,2924
keylong,8,1,1,2327
keylong,8,1,1,2877
keylong,8,1,1,2340
keylong,8,1,1,2964
keylong,8,1,1,2503
keylong,8,1,1,2783
keylong,8,1,1,2650
keylong,8,1,1,2553
keylong,8,1,1,2776
keylong,8,1,1,3017
keylong,8,1,1,2293
keylong,8,1,1,2994
keylong,8,1,1,2747
keylong,8,1,1,2905
keylong,8,1,1,2567
keylong,8,1,1,2637
keylong,8,1,1,2954
keylong,8,1,1,2592
keylong,8,1,1,2687
keylong,8,1,1,2277
keylong,8,1,1,2387
keylong,8,1,1,2773
keylong,8,1,1,2833
keylong,8,1,1,2725
keylong,8,1,1,2375
keylong,8,1,1,2616
keylong,8,1,1,2544
keylong,8,1,1,2656
keylong,8,2,1,2111
keylong,8,2,1,2057
keylong,8,2,1,1662
keylong,8,2,1,2122
keylong,8,2,1,1883
keylong,8,2,1,2039
keylong,8,2,1,1694
keylong,8,2,1,1997
keylong,8,2,1,1749
keylong,8,2,1,1864
keylong,8,2,1,1624
keylong,8,2,1,1701
keylong,8,2,1,1667
keylong,8,2,1,1751
keylong,8,2,1,1672
keylong,8,2,1,2009
keylong,8,2,1,1631
keylong,8,2,1,1967
keylong,8,2,1,1695
keylong,8,2,1,2153
keylong,8,2,1,2146
keylong,8,2,1,1743
keylong,8,2,1,1965
keylong,8,2,1,1630
keylong,8,2,1,2146
keylong,8,2,1,1913
keylong,8,2,1,1639
keylong,8,2,1,1810
keylong,8,2,1,1658
keylong,8,2,1,1838
keylong,8,2,1,1996
keylong,8,2,1,1882
keylong,8,2,1,1833
keylong,8,2,1,1682
keylong,8,2,1,1754
keylong,8,2,1,1672
keylong,8,2,1,2075
keylong,8,2,1,1692
keylong,8,2,1,1954
keylong,8,2,1,1810
keylong,8,2,1,1743
keylong,8,2,1,1979
keylong,8,2,1,1875
keylong,8,2,1,1843
keylong,8,2,1,1952
keylong,8,2,1,1895
keylong,8,2,1,1787
keylong,8,2,1,1933
keylong,8,2,1,1996
keylong,8,2,1,1630
keylong,8,3,1,1880
keylong,8,3,1,1647
keylong,8,3,1,1721
keylong,8,3,1,1934
keylong,8,3,1,2108
keylong,8,3,1,2118
keylong,8,3,1,1654
keylong,8,3,1,1853
keylong,8,3,1,1947
keylong,8,3,1,1698
keylong,8,3,1,2051
keylong,8,3,1,2039
keylong,8,3,1,2129
keylong,8,3,1,1619
keylong,8,3,1,1738
keylong,8,3,1,2086
keylong,8,3,1,1997
keylong,8,3,1,2124
keylong,8,3,1,1647
keylong,8,3,1,1955
keylong,8,3,1,1939
keylong,8,3,1,1635
keylong,8,3,1,1907
keylong,8,3,1,1962
keylong,8,3,1,1724
keylong,8,3,1,1770
keylong,8,3,1,1979
keylong,8,3,1,1881
keylong,8,3,1,2104
keylong,8,3,1,1810
keylong,8,3,1,1766
keylong,8,3,1,2176
keylong,8,3,1,2134
keylong,8,3,1,1631
keylong,8,3,1,2054
keylong,8,3,1,1677
keylong,8,3,1,1630
keylong,8,3,1,1771
keylong,8,3,1,1768
keylong,8,3,1,2082
keylong,8,3,1,2020
keylong,8,3,1,2174
keylong,8,3,1,2020
keylong,8,3,1,1853
keylong,8,3,1,2013
keylong,8,3,1,2184
keylong,8,3,1,2019
keylong,8,3,1,2049
keylong,8,3,1,2149
keylong,8,3,1,1679
keylong,8,4,1,2016
keylong,8,4,1,2099
keylong,8,4,1,2158
keylong,8,4,1,1735
keylong,8,4,1,1902
keylong,8,4,1,2002
keylong,8,4,1,1756
keylong,8,4,1,1957
keylong,8,4,1,1761
keylong,8,4,1,1805
keylong,8,4,1,1866
keylong,8,4,1,1916
keylong,8,4,1,1871
keylong,8,4,1,1896
keylong,8,4,1,1785
keylong,8,4,1,1705
keylong,8,4,1,1641
keylong,8,4,1,1726
keylong,8,4,1,1946
keylong,8,4,1,2063
keylong,8,4,1,1711
keylong,8,4,1,1676
keylong,8,4,1,2042
keylong,8,4,1,1788
keylong,8,4,1,2157
keylong,8,4,1,2022
keylong,8,4,1,1801
keylong,8,4,1,1780
keylong,8,4,1,1913
keylong,8,4,1,1660
keylong,8,4,1,1682
keylong,8,4,1,1715
keylong,8,4,1,2056
keylong,8,4,1,1907
keylong,8,4,1,1621
keylong,8,4,1,1998
keylong,8,4,1,1856
keylong,8,4,1,1906
keylong,8,4,1,1737
keylong,8,4,1,1929
keylong,8,4,1,2173
keylong,8,4,1,1656
keylong,8,4,1,1776
keylong,8,4,1,1753
keylong,8,4,1,1756
keylong,8,4,1,1830
keylong,8,4,1,2081
keylong,8,4,1,2135
keylong,8,4,1,1730
keylong,8,4,1,1924
keylong,8,5,1,3164
keylong,8,5,1,3059
keylong,8,5,1,2979
keylong,8,5,1,2759
keylong,8,5,1,3029
keylong,8,5,1,2949
keylong,8,5,1,3309
keylong,8,5,1,3280
keylong,8,5,1,2706
keylong,8,5,1,2664
keylong,8,5,1,3412
keylong,8,5,1,3072
keylong,8,5,1,3366
keylong,8,5,1,2637
keylong,8,5,1,3064
keylong,8,5,1,3075
keylong,8,5,1,3368
keylong,8,5,1,2673
keylong,8,5,1,2803
keylong,8,5,1,2954
keylong,8,5,1,3373
keylong,8,5,1,3440
keylong,8,5,1,3489
keylong,8,5,1,3458
keylong,8,5,1,2589
keylong,8,5,1,2627
keylong,8,5,1,2718
keylong,8,5,1,2902
keylong,8,5,1,3340
keylong,8,5,1,3398
keylong,8,5,1,2754
keylong,8,5,1,3149
keylong,8,5,1,3420
keylong,8,5,1,3006
keylong,8,5,1,2678
keylong,8,5,1,3001
keylong,8,5,1,2926
keylong,8,5,1,3110
keylong,8,5,1,2984
keylong,8,5,1,2599
keylong,8,5,1,3490
keylong,8,5,1,3079
keylong,8,5,1,3015
keylong,8,5,1,3454
keylong,8,5,1,2726
keylong,8,5,1,2756
keylong,8,5,1,3320
keylong,8,5,1,2821
keylong,8,5,1,3312
keylong,8,5,1,2831
keylong,8,6,1,2614
keylong,8,6,1,3055
keylong,8,6,1,2763
keylong,8,6,1,3275
keylong,8,6,1,3168
keylong,8,6,1,3426
keylong,8,6,1,3298
keylong,8,6,1,2748
keylong,8,6,1,3313
keylong,8,6,1,3169
keylong,8,6,1,3194
keylong,8,6,1,3343
keylong,8,6,1,3107
keylong,8,6,1,3008
keylong,8,6,1,3164
keylong,8,6,1,2855
keylong,8,6,1,2750
keylong,8,6,1,3146
keylong,8,6,1,2797
keylong,8,6,1,2656
keylong,8,6,1,2584
keylong,8,6,1,3138
keylong,8,6,1,2914
keylong,8,6,1,3270
keylong,8,6,1,2926
keylong,8,6,1,3027
keylong,8,6,1,2955
keylong,8,6,1,3177
keylong,8,6,1,2908
keylong,8,6,1,3462
keylong,8,6,1,3437
keylong,8,6,1,3357
keylong,8,6,1,3423
keylong,8,6,1,2993
keylong,8,6,1,3073
keylong,8,6,1,3260
keylong,8,6,1,3218
keylong,8,6,1,3396
keylong,8,6,1,3237
keylong,8,6,1,3494
keylong,8,6,1,2901
keylong,8,6,1,3343
keylong,8,6,1,3220
keylong,8,6,1,3214
keylong,8,6,1,2881
keylong,8,6,1,3300
keylong,8,6,1,3405
keylong,8,6,1,2783
keylong,8,6,1,3154
keylong,8,6,1,2941
keylong,8,7,1,1634
keylong,8,7,1,1415
keylong,8,7,1,1308
keylong,8,7,1,1374
keylong,8,7,1,1490
keylong,8,7,1,1243
keylong,8,7,1,1469
keylong,8,7,1,1609
keylong,8,7,1,1574
keylong,8,7,1,1240
keylong,8,7,1,1635
keylong,8,7,1,1509
keylong,8,7,1,1280
keylong,8,7,1,1216
keylong,8,7,1,1284
keylong,8,7,1,1569
keylong,8,7,1,1220
keylong,8,7,1,1310
keylong,8,7,1,1534
keylong,8,7,1,1461
keylong,8,7,1,1545
keylong,8,7,1,1530
keylong,8,7,1,1232
keylong,8,7,1,1592
keylong,8,7,1,1308
keylong,8,7,1,1447
keylong,8,7,1,1486
keylong,8,7,1,1283
keylong,8,7,1,1628
keylong,8,7,1,1419
keylong,8,7,1,1235
keylong,8,7,1,1611
keylong,8,7,1,1461
keylong,8,7,1,1510
keylong,8,7,1,1435
keylong,8,7,1,1568
keylong,8,7,1,1225
keylong,8,7,1,1325
keylong,8,7,1,1412
keylong,8,7,1,1243
keylong,8,7,1,1513
keylong,8,7,1,1379
keylong,8,7,1,1327
keylong,8,7,1,1212
keylong,8,7,1,1518
keylong,8,7,1,1567
keylong,8,7,1,1380
keylong,8,7,1,1452
keylong,8,7,1,1308
keylong,8,7,1,1477
keylong,8,8,1,1216
keylong,8,8,1,1420
keylong,8,8,1,1486
keylong,8,8,1,1603
keylong,8,8,1,1374
keylong,8,8,1,1538
keylong,8,8,1,1466
keylong,8,8,1,1607
keylong,8,8,1,1381
keylong,8,8,1,1347
keylong,8,8,1,1590
keylong,8,8,1,1232
keylong,8,8,1,1269
keylong,8,8,1,1246
keylong,8,8,1,1571
keylong,8,8,1,1215
keylong,8,8,1,1579
keylong,8,8,1,1404
keylong,8,8,1,1212
keylong,8,8,1,1382
keylong,8,8,1,1291
keylong,8,8,1,1478
keylong,8,8,1,1501
keylong,8,8,1,1419
keylong,8,8,1,1228
keylong,8,8,1,1491
keylong,8,8,1,1571
keylong,8,8,1,1519
keylong,8,8,1,1566
keylong,8,8,1,1296
keylong,8,8,1,1591
keylong,8,8,1,1348
keylong,8,8,1,1216
keylong,8,8,1,1571
keylong,8,8,1,1613
keylong,8,8,1,1491
keylong,8,8,1,1310
keylong,8,8,1,1318
keylong,8,8,1,1410
keylong,8,8,1,1595
keylong,8,8,1,1275
keylong,8,8,1,1564
keylong,8,8,1,1335
keylong,8,8,1,1556
keylong,8,8,1,1604
keylong,8,8,1,1394
keylong,8,8,1,1367
keylong,8,8,1,1554
keylong,8,8,1,1437
keylong,8,8,1,1503
keylong,8,9,1,1970
keylong,8,9,1,1702
keylong,8,9,1,2096
keylong,8,9,1,1726
keylong,8,9,1,2146
keylong,8,9,1,1757
keylong,8,9,1,2033
keylong,8,9,1,1777
keylong,8,9,1,1796
keylong,8,9,1,1791
keylong,8,9,1,2041
keylong,8,9,1,1932
keylong,8,9,1,2118
keylong,8,9,1,1790
keylong,8,9,1,2009
keylong,8,9,1,2044
keylong,8,9,1,1701
keylong,8,9,1,1843
keylong,8,9,1,1890
keylong,8,9,1,1817
keylong,8,9,1,1798
keylong,8,9,1,2006
keylong,8,9,1,1738
keylong,8,9,1,2019
keylong,8,9,1,2147
keylong,8,9,1,1937
keylong,8,9,1,1963
keylong,8,9,1,1654
keylong,8,9,1,2107
keylong,8,9,1,1777
keylong,8,9,1,1965
keylong,8,9,1,2173
keylong,8,9,1,1954
keylong,8,9,1,2028
keylong,8,9,1,1868
keylong,8,9,1,1649
keylong,8,9,1,2069
keylong,8,9,1,1634
keylong,8,9,1,2014
keylong,8,9,1,1628
keylong,8,9,1,2106
keylong,8,9,1,1704
keylong,8,9,1,1908
keylong,8,9,1,1955
keylong,8,9,1,1875
keylong,8,9,1,1809
keylong,8,9,1,1881
keylong,8,9,1,1792
keylong,8,9,1,1864
keylong,8,9,1,1819
keylong,8,10,1,1937
keylong,8,10,1,1750
keylong,8,10,1,2178
keylong,8,10,1,1900
keylong,8,10,1,1725
keylong,8,10,1,1886
keylong,8,10,1,2108
keylong,8,10,1,1627
keylong,8,10,1,2002
keylong,8,10,1,1927
keylong,8,10,1,1711
keylong,8,10,1,2080
keylong,8,10,1,1825
keylong,8,10,1,1782
keylong,8,10,1,2087
keylong,8,10,1,1978
keylong,8,10,1,2127
keylong,8,10,1,1974
keylong,8,10,1,2037
keylong,8,10,1,2091
keylong,8,10,1,1646
keylong,8,10,1,2057
keylong,8,10,1,1964
keylong,8,10,1,1654
keylong,8,10,1,1904
keylong,8,10,1,1662
keylong,8,10,1,2034
keylong,8,10,1,1926
keylong,8,10,1,2158
keylong,8,10,1,1719
keylong,8,10,1,1960
keylong,8,10,1,1735
keylong,8,10,1,1965
keylong,8,10,1,2026
keylong,8,10,1,2026
keylong,8,10,1,2079
keylong,8,10,1,2101
keylong,8,10,1,1659
keylong,8,10,1,1810
keylong,8,10,1,2006
keylong,8,10,1,1899
keylong,8,10,1,1723
keylong,8,10,1,1930
keylong,8,10,1,1847
keylong,8,10,1,1837
keylong,8,10,1,2076
keylong,8,10,1,1847
keylong,8,10,1,1630
keylong,8,10,1,1648
keylong,8,10,1,2103
keylong,8,11,1,2162
keylong,8,11,1,2007
keylong,8,11,1,1822
keylong,8,11,1,2150
keylong,8,11,1,1992
keylong,8,11,1,2096
keylong,8,11,1,2051
keylong,8,11,1,1831
keylong,8,11,1,1887
keylong,8,11,1,1721
keylong,8,11,1,1781
keylong,8,11,1,2058
keylong,8,11,1,2124
keylong,8,11,1,2027
keylong,8,11,1,1880
keylong,8,11,1,1664
keylong,8,11,1,1647
keylong,8,11,1,1828
keylong,8,11,1,1879
keylong,8,11,1,1962
keylong,8,11,1,1618
keylong,8,11,1,2179
keylong,8,11,1,1822
keylong,8,11,1,2098
keylong,8,11,1,1919
keylong,8,11,1,1689
keylong,8,11,1,2069
keylong,8,11,1,2019
keylong,8,11,1,1915
keylong,8,11,1,1908
keylong,8,11,1,1664
keylong,8,11,1,1988
keylong,8,11,1,2134
keylong,8,11,1,1668
keylong,8,11,1,1765
keylong,8,11,1,2129
keylong,8,11,1,1777
keylong,8,11,1,1987
keylong,8,11,1,1919
keylong,8,11,1,1954
keylong,8,11,1,1851
keylong,8,11,1,1785
keylong,8,11,1,1642
keylong,8,11,1,2039
keylong,8,11,1,2040
keylong,8,11,1,1997
keylong,8,11,1,1981
keylong,8,11,1,1753
keylong,8,11,1,1627
keylong,8,11,1,2075
keylong,8,12,1,2652
keylong,8,12,1,2505
keylong,8,12,1,2342
keylong,8,12,1,2311
keylong,8,12,1,2539
keylong,8,12,1,2903
keylong,8,12,1,2994
keylong,8,12,1,2976
keylong,8,12,1,2995
keylong,8,12,1,2985
keylong,8,12,1,2681
keylong,8,12,1,2436
keylong,8,12,1,2897
keylong,8,12,1,2431
keylong,8,12,1,2474
keylong,8,12,1,2447
keylong,8,12,1,2671
keylong,8,12,1,2517
keylong,8,12,1,2384
keylong,8,12,1,2622
keylong,8,12,1,2958
keylong,8,12,1,2716
keylong,8,12,1,2961
keylong,8,12,1,2417
keylong,8,12,1,2394
keylong,8,12,1,2720
keylong,8,12,1,2630
keylong,8,12,1,2787
keylong,8,12,1,2895
keylong,8,12,1,2860
keylong,8,12,1,3012
keylong,8,12,1,2578
keylong,8,12,1,2425
keylong,8,12,1,2700
keylong,8,12,1,2349
keylong,8,12,1,2491
keylong,8,12,1,2426
keylong,8,12,1,2577
keylong,8,12,1,2349
keylong,8,12,1,2286
keylong,8,12,1,2785
keylong,8,12,1,2747
keylong,8,12,1,2826
keylong,8,12,1,2787
keylong,8,12,1,2352
keylong,8,12,1,2493
keylong,8,12,1,2364
keylong,8,12,1,2933
keylong,8,12,1,2857
keylong,8,12,1,2421
keylong,8,1,2,6333
keylong,8,1,2,7580
keylong,8,1,2,6837
keylong,8,1,2,7250
keylong,8,1,2,6180
keylong,8,1,2,6071
keylong,8,1,2,7216
keylong,8,1,2,7020
keylong,8,1,2,7011
keylong,8,1,2,6755
keylong,8,1,2,6776
keylong,8,1,2,7120
keylong,8,1,2,6191
keylong,8,1,2,6356
keylong,8,1,2,7391
keylong,8,1,2,6268
keylong,8,1,2,6742
keylong,8,1,2,7054
keylong,8,1,2,7647
keylong,8,1,2,6520
keylong,8,1,2,6506
keylong,8,1,2,7333
keylong,8,1,2,7259
keylong,8,1,2,7110
keylong,8,1,2,6576
keylong,8,1,2,6298
keylong,8,1,2,6866
keylong,8,1,2,7400
keylong,8,1,2,7415
keylong,8,1,2,5868
keylong,8,1,2,6507
keylong,8,1,2,6579
keylong,8,1,2,7602
keylong,8,1,2,7005
keylong,8,1,2,6464
keylong,8,1,2,5704
keylong,8,1,2,6780
keylong,8,1,2,5844
keylong,8,1,2,7317
keylong,8,1,2,7153
keylong,8,1,2,6571
keylong,8,1,2,6508
keylong,8,1,2,7442
keylong,8,1,2,6227
keylong,8,1,2,6149
keylong,8,1,2,7526
keylong,8,1,2,7266
keylong,8,1,2,7289
keylong,8,1,2,6041
keylong,8,1,2,5938
keylong,8,2,2,4074
keylong,8,2,2,4375
keylong,8,2,2,5140
keylong,8,2,2,4379
keylong,8,2,2,5076
keylong,8,2,2,4396
keylong,8,2,2,4600
keylong,8,2,2,5438
keylong,8,2,2,4386
keylong,8,2,2,4573
keylong,8,2,2,4466
keylong,8,2,2,4193
keylong,8,2,2,4735
keylong,8,2,2,4577
keylong,8,2,2,5027
keylong,8,2,2,5202
keylong,8,2,2,4813
keylong,8,2,2,4083
keylong,8,2,2,4919
keylong,8,2,2,4116
keylong,8,2,2,4915
keylong,8,2,2,5013
keylong,8,2,2,4319
keylong,8,2,2,5205
keylong,8,2,2,5335
keylong,8,2,2,5196
keylong,8,2,2,4472
keylong,8,2,2,4873
keylong,8,2,2,5341
keylong,8,2,2,4494
keylong,8,2,2,5206
keylong,8,2,2,4051
keylong,8,2,2,4042
keylong,8,2,2,5120
keylong,8,2,2,5122
keylong,8,2,2,5161
keylong,8,2,2,5362
keylong,8,2,2,4205
keylong,8,2,2,4368
keylong,8,2,2,5325
keylong,8,2,2,4290
keylong,8,2,2,5009
keylong,8,2,2,4793
keylong,8,2,2,4156
keylong,8,2,2,4444
keylong,8,2,2,4779
keylong,8,2,2,5252
keylong,8,2,2,5045
keylong,8,2,2,4923
keylong,8,2,2,4744
keylong,8,3,2,4463
keylong,8,3,2,4207
keylong,8,3,2,4620
keylong,8,3,2,4078
keylong,8,3,2,4338
keylong,8,3,2,4653
keylong,8,3,2,4634
keylong,8,3,2,4100
keylong,8,3,2,4876
keylong,8,3,2,4820
keylong,8,3,2,4148
keylong,8,3,2,5381
keylong,8,3,2,4179
keylong,8,3,2,5255
keylong,8,3,2,4037
keylong,8,3,2,5294
keylong,8,3,2,4065
keylong,8,3,2,5117
keylong,8,3,2,4552
keylong,8,3,2,5089
keylong,8,3,2,4609
keylong,8,3,2,4138
keylong,8,3,2,5131
keylong,8,3,2,4139
keylong,8,3,2,5351
keylong,8,3,2,4110
keylong,8,3,2,4720
keylong,8,3,2,5067
keylong,8,3,2,4597
keylong,8,3,2,4347
keylong,8,3,2,5119
keylong,8,3,2,5155
keylong,8,3,2,5352
keylong,8,3,2,4573
keylong,8,3,2,4758
keylong,8,3,2,4554
keylong,8,3,2,4403
keylong,8,3,2,5107
keylong,8,3,2,4521
keylong,8,3,2,4647
keylong,8,3,2,4612
keylong,8,3,2,5053
keylong,8,3,2,5345
keylong,8,3,2,4987
keylong,8,3,2,4709
keylong,8,3,2,5147
keylong,8,3,2,4950
keylong,8,3,2,4123
keylong,8,3,2,4173
keylong,8,3,2,4091
keylong,8,4,2,4688
keylong,8,4,2,5214
keylong,8,4,2,4483
keylong,8,4,2,4584
keylong,8,4,2,5333
keylong,8,4,2,5230
keylong,8,4,2,4985
keylong,8,4,2,4417
keylong,8,4,2,4204
keylong,8,4,2,4060
keylong,8,4,2,4189
keylong,8,4,2,4454
keylong,8,4,2,4823
keylong,8,4,2,4128
keylong,8,4,2,4231
keylong,8,4,2,4295
keylong,8,4,2,4938
keylong,8,4,2,4915
keylong,8,4,2,4822
keylong,8,4,2,4394
keylong,8,4,2,4566
keylong,8,4,2,4175
keylong,8,4,2,4360
keylong,8,4,2,5316
keylong,8,4,2,5433
keylong,8,4,2,4960
keylong,8,4,2,5343
keylong,8,4,2,4953
keylong,8,4,2,4084
keylong,8,4,2,5457
keylong,8,4,2,4178
keylong,8,4,2,5010
keylong,8,4,2,4397
keylong,8,4,2,4596
keylong,8,4,2,4957
keylong,8,4,2,4659
keylong,8,4,2,4394
keylong,8,4,2,4514
keylong,8,4,2,4524
keylong,8,4,2,5404
keylong,8,4,2,5175
keylong,8,4,2,4690
keylong,8,4,2,4322
keylong,8,4,2,5193
keylong,8,4,2,4261
keylong,8,4,2,4337
keylong,8,4,2,4559
keylong,8,4,2,5291
keylong,8,4,2,4225
keylong,8,4,2,4211
keylong,8,5,2,7586
keylong,8,5,2,7090
keylong,8,5,2,7756
keylong,8,5,2,7489
keylong,8,5,2,7451
keylong,8,5,2,6715
keylong,8,5,2,6781
keylong,8,5,2,8332
keylong,8,5,2,8479
keylong,8,5,2,6995
keylong,8,5,2,6718
keylong,8,5,2,6581
keylong,8,5,2,7846
keylong,8,5,2,8091
keylong,8,5,2,7310
keylong,8,5,2,8009
keylong,8,5,2,8085
keylong,8,5,2,8592
keylong,8,5,2,6607
keylong,8,5,2,6898
keylong,8,5,2,6616
keylong,8,5,2,8439
keylong,8,5,2,8267
keylong,8,5,2,7770
keylong,8,5,2,6650
keylong,8,5,2,7083
keylong,8,5,2,7138
keylong,8,5,2,7738
keylong,8,5,2,7048
keylong,8,5,2,6626
keylong,8,5,2,8126
keylong,8,5,2,7141
keylong,8,5,2,7491
keylong,8,5,2,6751
keylong,8,5,2,8289
keylong,8,5,2,7749
keylong,8,5,2,8515
keylong,8,5,2,7589
keylong,8,5,2,8606
keylong,8,5,2,8493
keylong,8,5,2,7774
keylong,8,5,2,8589
keylong,8,5,2,7196
keylong,8,5,2,7293
keylong,8,5,2,6563
keylong,8,5,2,7803
keylong,8,5,2,8105
keylong,8,5,2,8223
keylong,8,5,2,6801
keylong,8,5,2,7472
keylong,8,6,2,6863
keylong,8,6,2,7969
keylong,8,6,2,6820
keylong,8,6,2,8521
keylong,8,6,2,6985
keylong,8,6,2,7124
keylong,8,6,2,8400
keylong,8,6,2,7505
keylong,8,6,2,6514
keylong,8,6,2,7587
keylong,8,6,2,6652
keylong,8,6,2,8706
keylong,8,6,2,7800
keylong,8,6,2,7044
keylong,8,6,2,7745
keylong,8,6,2,6635
keylong,8,6,2,8283
keylong,8,6,2,8569
keylong,8,6,2,8453
keylong,8,6,2,7239
keylong,8,6,2,7202
keylong,8,6,2,6539
keylong,8,6,2,7945
keylong,8,6,2,7679
keylong,8,6,2,7507
keylong,8,6,2,8529
keylong,8,6,2,6842
keylong,8,6,2,6482
keylong,8,6,2,6627
keylong,8,6,2,6969
keylong,8,6,2,6535
keylong,8,6,2,7606
keylong,8,6,2,7176
keylong,8,6,2,6871
keylong,8,6,2,8170
keylong,8,6,2,6926
keylong,8,6,2,8027
keylong,8,6,2,7256
keylong,8,6,2,7626
keylong,8,6,2,8589
keylong,8,6,2,6545
keylong,8,6,2,7600
keylong,8,6,2,8408
keylong,8,6,2,7800
keylong,8,6,2,7091
keylong,8,6,2,7366
keylong,8,6,2,8011
keylong,8,6,2,8491
keylong,8,6,2,6553
keylong,8,6,2,6623
keylong,8,7,2,3375
keylong,8,7,2,3276
keylong,8,7,2,3311
keylong,8,7,2,3264
keylong,8,7,2,3237
keylong,8,7,2,3167
keylong,8,7,2,4026
keylong,8,7,2,3182
keylong,8,7,2,3246
keylong,8,7,2,3291
keylong,8,7,2,4025
keylong,8,7,2,3835
keylong,8,7,2,3872
keylong,8,7,2,3140
keylong,8,7,2,3921
keylong,8,7,2,3464
keylong,8,7,2,3309
keylong,8,7,2,3643
keylong,8,7,2,3906
keylong,8,7,2,3860
keylong,8,7,2,3979
keylong,8,7,2,4020
keylong,8,7,2,3282
keylong,8,7,2,3481
keylong,8,7,2,3043
keylong,8,7,2,3967
keylong,8,7,2,3193
keylong,8,7,2,3948
keylong,8,7,2,3380
keylong,8,7,2,3421
keylong,8,7,2,3069
keylong,8,7,2,3377
keylong,8,7,2,3977
keylong,8,7,2,3055
keylong,8,7,2,3462
keylong,8,7,2,3061
keylong,8,7,2,3424
keylong,8,7,2,3212
keylong,8,7,2,3297
keylong,8,7,2,3966
keylong,8,7,2,3494
keylong,8,7,2,3320
keylong,8,7,2,3657
keylong,8,7,2,3180
keylong,8,7,2,3305
keylong,8,7,2,3611
keylong,8,7,2,3281
keylong,8,7,2,3753
keylong,8,7,2,3553
keylong,8,7,2,3853
keylong,8,8,2,4041
keylong,8,8,2,3151
keylong,8,8,2,3385
keylong,8,8,2,3369
keylong,8,8,2,3189
keylong,8,8,2,3894
keylong,8,8,2,3840
keylong,8,8,2,3545
keylong,8,8,2,3602
keylong,8,8,2,3091
keylong,8,8,2,3621
keylong,8,8,2,3873
keylong,8,8,2,3641
keylong,8,8,2,3311
keylong,8,8,2,3741
keylong,8,8,2,3414
keylong,8,8,2,3610
keylong,8,8,2,3549
keylong,8,8,2,3435
keylong,8,8,2,3796
keylong,8,8,2,3972
keylong,8,8,2,3033
keylong,8,8,2,4025
keylong,8,8,2,3574
keylong,8,8,2,3777
keylong,8,8,2,3942
keylong,8,8,2,3527
keylong,8,8,2,3920
keylong,8,8,2,3217
keylong,8,8,2,3198
keylong,8,8,2,3730
keylong,8,8,2,3958
keylong,8,8,2,3981
keylong,8,8,2,3716
keylong,8,8,2,3589
keylong,8,8,2,3382
keylong,8,8,2,4075
keylong,8,8,2,3369
keylong,8,8,2,3823
keylong,8,8,2,3596
keylong,8,8,2,3678
keylong,8,8,2,3448
keylong,8,8,2,4059
keylong,8,8,2,3639
keylong,8,8,2,4030
keylong,8,8,2,3036
keylong,8,8,2,3640
keylong,8,8,2,3794
keylong,8,8,2,3824
keylong,8,8,2,3995
keylong,8,9,2,4043
keylong,8,9,2,4037
keylong,8,9,2,4710
keylong,8,9,2,4079
keylong,8,9,2,5426
keylong,8,9,2,4353
keylong,8,9,2,4711
keylong,8,9,2,4124
keylong,8,9,2,4781
keylong,8,9,2,4578
keylong,8,9,2,4101
keylong,8,9,2,4515
keylong,8,9,2,4595
keylong,8,9,2,5448
keylong,8,9,2,4333
keylong,8,9,2,4813
keylong,8,9,2,5444
keylong,8,9,2,5166
keylong,8,9,2,5453
keylong,8,9,2,5417
keylong,8,9,2,4735
keylong,8,9,2,5029
keylong,8,9,2,4194
keylong,8,9,2,4666
keylong,8,9,2,5190
keylong,8,9,2,4757
keylong,8,9,2,5038
keylong,8,9,2,5100
keylong,8,9,2,4398
keylong,8,9,2,5285
keylong,8,9,2,4692
keylong,8,9,2,4337
keylong,8,9,2,5270
keylong,8,9,2,4632
keylong,8,9,2,5106
keylong,8,9,2,4818
keylong,8,9,2,4581
keylong,8,9,2,5191
keylong,8,9,2,4870
keylong,8,9,2,4594
keylong,8,9,2,4193
keylong,8,9,2,5313
keylong,8,9,2,4088
keylong,8,9,2,5267
keylong,8,9,2,4550
keylong,8,9,2,4948
keylong,8,9,2,5351
keylong,8,9,2,4253
keylong,8,9,2,4845
keylong,8,9,2,5126
keylong,8,10,2,5117
keylong,8,10,2,4786
keylong,8,10,2,4927
keylong,8,10,2,5116
keylong,8,10,2,5235
keylong,8,10,2,5123
keylong,8,10,2,4541
keylong,8,10,2,5457
keylong,8,10,2,4656
keylong,8,10,2,4072
keylong,8,10,2,4554
keylong,8,10,2,4219
keylong,8,10,2,4210
keylong,8,10,2,4438
keylong,8,10,2,4113
keylong,8,10,2,5018
keylong,8,10,2,4142
keylong,8,10,2,4327
keylong,8,10,2,4169
keylong,8,10,2,4127
keylong,8,10,2,4419
keylong,8,10,2,4852
keylong,8,10,2,5412
keylong,8,10,2,5285
keylong,8,10,2,5285
keylong,8,10,2,4288
keylong,8,10,2,4414
keylong,8,10,2,4146
keylong,8,10,2,5146
keylong,8,10,2,4136
keylong,8,10,2,4830
keylong,8,10,2,4390
keylong,8,10,2,4384
keylong,8,10,2,5449
keylong,8,10,2,5115
keylong,8,10,2,5230
keylong,8,10,2,4852
keylong,8,10,2,5278
keylong,8,10,2,4957
keylong,8,10,2,5385
keylong,8,10,2,4438
keylong,8,10,2,4885
keylong,8,10,2,5020
keylong,8,10,2,4597
keylong,8,10,2,5291
keylong,8,10,2,5433
keylong,8,10,2,4741
keylong,8,10,2,4594
keylong,8,10,2,4710
keylong,8,10,2,5252
keylong,8,11,2,4957
keylong,8,11,2,4101
keylong,8,11,2,4810
keylong,8,11,2,4062
keylong,8,11,2,5146
keylong,8,11,2,4505
keylong,8,11,2,4710
keylong,8,11,2,5175
keylong,8,11,2,4103
keylong,8,11,2,4263
keylong,8,11,2,4604
keylong,8,11,2,4365
keylong,8,11,2,4519
keylong,8,11,2,5459
keylong,8,11,2,5213
keylong,8,11,2,5297
keylong,8,11,2,5372
keylong,8,11,2,4523
keylong,8,11,2,4460
keylong,8,11,2,4371
keylong,8,11,2,5220
keylong,8,11,2,5005
keylong,8,11,2,4374
keylong,8,11,2,4574
keylong,8,11,2,4759
keylong,8,11,2,4790
keylong,8,11,2,5303
keylong,8,11,2,4579
keylong,8,11,2,5332
keylong,8,11,2,4666
keylong,8,11,2,5101
keylong,8,11,2,5363
keylong,8,11,2,5330
keylong,8,11,2,4118
keylong,8,11,2,4330
keylong,8,11,2,4717
keylong,8,11,2,4652
keylong,8,11,2,4950
keylong,8,11,2,5383
keylong,8,11,2,4197
keylong,8,11,2,4681
keylong,8,11,2,4311
keylong,8,11,2,5311
keylong,8,11,2,5412
keylong,8,11,2,4719
keylong,8,11,2,4185
keylong,8,11,2,5156
keylong,8,11,2,5030
keylong,8,11,2,4542
keylong,8,11,2,5302
keylong,8,12,2,7599
keylong,8,12,2,6765
keylong,8,12,2,6781
keylong,8,12,2,6246
keylong,8,12,2,6818
keylong,8,12,2,6529
keylong,8,12,2,6255
keylong,8,12,2,5786
keylong,8,12,2,6156
keylong,8,12,2,6047
keylong,8,12,2,6733
keylong,8,12,2,6852
keylong,8,12,2,6866
keylong,8,12,2,6426
keylong,8,12,2,6492
keylong,8,12,2,7316
keylong,8,12,2,6602
keylong,8,12,2,7623
keylong,8,12,2,6529
keylong,8,12,2,6948
keylong,8,12,2,5752
keylong,8,12,2,6955
keylong,8,12,2,7351
keylong,8,12,2,7532
keylong,8,12,2,7642
keylong,8,12,2,6215
keylong,8,12,2,6800
keylong,8,12,2,6551
keylong,8,12,2,6777
keylong,8,12,2,5966
keylong,8,12,2,7360
keylong,8,12,2,7467
keylong,8,12,2,6549
keylong,8,12,2,6211
keylong,8,12,2,5933
keylong,8,12,2,7016
keylong,8,12,2,6275
keylong,8,12,2,7467
keylong,8,12,2,6991
keylong,8,12,2,6940
keylong,8,12,2,6768
keylong,8,12,2,5743
keylong,8,12,2,7511
keylong,8,12,2,6905
keylong,8,12,2,7635
keylong,8,12,2,6724
keylong,8,12,2,7069
keylong,8,12,2,5764
keylong,8,12,2,6912
keylong,8,12,2,7177
kullu,9,1,0,1501
kullu,9,1,0,1498
kullu,9,1,0,1272
kullu,9,1,0,1583
kullu,9,1,0,1591
kullu,9,1,0,1209
kullu,9,1,0,1567
kullu,9,1,0,1298
kullu,9,1,0,1464
kullu,9,1,0,1318
kullu,9,1,0,1580
kullu,9,1,0,1220
kullu,9,1,0,1385
kullu,9,1,0,1356
kullu,9,1,0,1313
kullu,9,1,0,1446
kullu,9,1,0,1232
kullu,9,1,0,1476
kullu,9,1,0,1585
kullu,9,1,0,1512
kullu,9,1,0,1535
kullu,9,1,0,1327
kullu,9,1,0,1313
kullu,9,1,0,1393
kullu,9,1,0,1197
kullu,9,1,0,1571
kullu,9,1,0,1237
kullu,9,1,0,1553
kullu,9,1,0,1212
kullu,9,1,0,1520
kullu,9,1,0,1241
kullu,9,1,0,1193
kullu,9,1,0,1477
kullu,9,1,0,1294
kullu,9,1,0,1475
kullu,9,1,0,1408
kullu,9,1,0,1223
kullu,9,1,0,1565
kullu,9,1,0,1366
kullu,9,1,0,1483
kullu,9,1,0,1386
kullu,9,1,0,1429
kullu,9,1,0,1303
kullu,9,1,0,1261
kullu,9,1,0,1403
kullu,9,1,0,1361
kullu,9,1,0,1340
kullu,9,1,0,1457
kullu,9,1,0,1465
kullu,9,1,0,1197
kullu,9,2,0,942
kullu,9,2,0,963
kullu,9,2,0,870
kullu,9,2,0,911
kullu,9,2,0,856
kullu,9,2,0,1137
kullu,9,2,0,1060
kullu,9,2,0,867
kullu,9,2,0,847
kullu,9,2,0,1055
kullu,9,2,0,971
kullu,9,2,0,1075
kullu,9,2,0,1115
kullu,9,2,0,1019
kullu,9,2,0,897
kullu,9,2,0,1073
kullu,9,2,0,1125
kullu,9,2,0,1013
kullu,9,2,0,1044
kullu,9,2,0,941
kullu,9,2,0,954
kullu,9,2,0,1059
kullu,9,2,0,1117
kullu,9,2,0,1028
kullu,9,2,0,1076
kullu,9,2,0,892
kullu,9,2,0,904
kullu,9,2,0,999
kullu,9,2,0,893
kullu,9,2,0,1030
kullu,9,2,0,928
kullu,9,2,0,1076
kullu,9,2,0,1081
kullu,9,2,0,979
kullu,9,2,0,895
kullu,9,2,0,1033
kullu,9,2,0,1136
kullu,9,2,0,1026
kullu,9,2,0,852
kullu,9,2,0,846
kullu,9,2,0,936
kullu,9,2,0,899
kullu,9,2,0,1082
kullu,9,2,0,1092
kullu,9,2,0,918
kullu,9,2,0,938
kullu,9,2,0,911
kullu,9,2,0,1111
kullu,9,2,0,990
kullu,9,2,0,1036
kullu,9,3,0,964
kullu,9,3,0,1028
kullu,9,3,0,956
kullu,9,3,0,942
kullu,9,3,0,1029
kullu,9,3,0,1017
kullu,9,3,0,928
kullu,9,3,0,885
kullu,9,3,0,950
kullu,9,3,0,964
kullu,9,3,0,1028
kullu,9,3,0,1113
kullu,9,3,0,852
kullu,9,3,0,913
kullu,9,3,0,899
kullu,9,3,0,990
kullu,9,3,0,969
kullu,9,3,0,1058
kullu,9,3,0,913
kullu,9,3,0,1018
kullu,9,3,0,1104
kullu,9,3,0,1111
kullu,9,3,0,1126
kullu,9,3,0,1071
kullu,9,3,0,1110
kullu,9,3,0,911
kullu,9,3,0,900
kullu,9,3,0,843
kullu,9,3,0,1051
kullu,9,3,0,1119
kullu,9,3,0,897
kullu,9,3,0,1030
kullu,9,3,0,1063
kullu,9,3,0,1117
kullu,9,3,0,1033
kullu,9,3,0,1129
kullu,9,3,0,943
kullu,9,3,0,945
kullu,9,3,0,1002
kullu,9,3,0,955
kullu,9,3,0,841
kullu,9,3,0,1058
kullu,9,3,0,1064
kullu,9,3,0,1063
kullu,9,3,0,943
kullu,9,3,0,996
kullu,9,3,0,948
kullu,9,3,0,846
kullu,9,3,0,1008
kullu,9,3,0,878
kullu,9,4,0,865
kullu,9,4,0,1065
kullu,9,4,0,844
kullu,9,4,0,1126
kullu,9,4,0,994
kullu,9,4,0,1133
kullu,9,4,0,858
kullu,9,4,0,1014
kullu,9,4,0,945
kullu,9,4,0,1092
kullu,9,4,0,948
kullu,9,4,0,918
kullu,9,4,0,1096
kullu,9,4,0,952
kullu,9,4,0,846
kullu,9,4,0,957
kullu,9,4,0,1035
kullu,9,4,0,917
kullu,9,4,0,969
kullu,9,4,0,858
kullu,9,4,0,1016
kullu,9,4,0,1066
kullu,9,4,0,964
kullu,9,4,0,966
kullu,9,4,0,867
kullu,9,4,0,901
kullu,9,4,0,887
kullu,9,4,0,984
kullu,9,4,0,998
kullu,9,4,0,1123
kullu,9,4,0,863
kullu,9,4,0,1019
kullu,9,4,0,997
kullu,9,4,0,994
kullu,9,4,0,1100
kullu,9,4,0,902
kullu,9,4,0,853
kullu,9,4,0,1041
kullu,9,4,0,944
kullu,9,4,0,846
kullu,9,4,0,916
kullu,9,4,0,933
kullu,9,4,0,1024
kullu,9,4,0,892
kullu,9,4,0,964
kullu,9,4,0,984
kullu,9,4,0,977
kullu,9,4,0,1130
kullu,9,4,0,855
kullu,9,4,0,1123
kullu,9,5,0,1622
kullu,9,5,0,1724
kullu,9,5,0,1550
kullu,9,5,0,1562
kullu,9,5,0,1764
kullu,9,5,0,1772
kullu,9,5,0,1459
kullu,9,5,0,1441
kullu,9,5,0,1582
kullu,9,5,0,1774
kullu,9,5,0,1499
kullu,9,5,0,1656
kullu,9,5,0,1682
kullu,9,5,0,1716
kullu,9,5,0,1614
kullu,9,5,0,1537
kullu,9,5,0,1805
kullu,9,5,0,1636
kullu,9,5,0,1692
kullu,9,5,0,1510
kullu,9,5,0,1664
kullu,9,5,0,1468
kullu,9,5,0,1462
kullu,9,5,0,1686
kullu,9,5,0,1594
kullu,9,5,0,1671
kullu,9,5,0,1474
kullu,9,5,0,1630
kullu,9,5,0,1557
kullu,9,5,0,1630
kullu,9,5,0,1484
kullu,9,5,0,1686
kullu,9,5,0,1729
kullu,9,5,0,1469
kullu,9,5,0,1489
kullu,9,5,0,1660
kullu,9,5,0,1676
kullu,9,5,0,1680
kullu,9,5,0,1670
kullu,9,5,0,1533
kullu,9,5,0,1534
kullu,9,5,0,1467
kullu,9,5,0,1420
kullu,9,5,0,1675
kullu,9,5,0,1390
kullu,9,5,0,1792
kullu,9,5,0,1739
kullu,9,5,0,1753
kullu,9,5,0,1777
kullu,9,5,0,1540
kullu,9,6,0,1748
kullu,9,6,0,1421
kullu,9,6,0,1356
kullu,9,6,0,1719
kullu,9,6,0,1381
kullu,9,6,0,1816
kullu,9,6,0,1667
kullu,9,6,0,1704
kullu,9,6,0,1463
kullu,9,6,0,1666
kullu,9,6,0,1366
kullu,9,6,0,1744
kullu,9,6,0,1427
kullu,9,6,0,1677
kullu,9,6,0,1453
kullu,9,6,0,1378
kullu,9,6,0,1575
kullu,9,6,0,1426
kullu,9,6,0,1693
kullu,9,6,0,1459
kullu,9,6,0,1509
kullu,9,6,0,1616
kullu,9,6,0,1481
kullu,9,6,0,1526
kullu,9,6,0,1733
kullu,9,6,0,1431
kullu,9,6,0,1385
kullu,9,6,0,1502
kullu,9,6,0,1548
kullu,9,6,0,1604
kullu,9,6,0,1523
kullu,9,6,0,1721
kullu,9,6,0,1365
kullu,9,6,0,1551
kullu,9,6,0,1528
kullu,9,6,0,1654
kullu,9,6,0,1805
kullu,9,6,0,1588
kullu,9,6,0,1815
kullu,9,6,0,1490
kullu,9,6,0,1361
kullu,9,6,0,1425
kullu,9,6,0,1534
kullu,9,6,0,1496
kullu,9,6,0,1392
kullu,9,6,0,1552
kullu,9,6,0,1507
kullu,9,6,0,1404
kullu,9,6,0,1487
kullu,9,6,0,1767
kullu,9,7,0,698
kullu,9,7,0,790
kullu,9,7,0,767
kullu,9,7,0,726
kullu,9,7,0,684
kullu,9,7,0,713
kullu,9,7,0,763
kullu,9,7,0,709
kullu,9,7,0,678
kullu,9,7,0,657
kullu,9,7,0,827
kullu,9,7,0,729
kullu,9,7,0,770
kullu,9,7,0,740
kullu,9,7,0,825
kullu,9,7,0,752
kullu,9,7,0,738
kullu,9,7,0,837
kullu,9,7,0,791
kullu,9,7,0,655
kullu,9,7,0,670
kullu,9,7,0,806
kullu,9,7,0,817
kullu,9,7,0,752
kullu,9,7,0,754
kullu,9,7,0,771
kullu,9,7,0,728
kullu,9,7,0,782
kullu,9,7,0,655
kullu,9,7,0,845
kullu,9,7,0,798
kullu,9,7,0,771
kullu,9,7,0,701
kullu,9,7,0,666
kullu,9,7,0,722
kullu,9,7,0,778
kullu,9,7,0,772
kullu,9,7,0,716
kullu,9,7,0,767
kullu,9,7,0,812
kullu,9,7,0,636
kullu,9,7,0,731
kullu,9,7,0,800
kullu,9,7,0,752
kullu,9,7,0,776
kullu,9,7,0,746
kullu,9,7,0,852
kullu,9,7,0,643
kullu,9,7,0,740
kullu,9,7,0,651
kullu,9,8,0,666
kullu,9,8,0,716
kullu,9,8,0,665
kullu,9,8,0,845
kullu,9,8,0,842
kullu,9,8,0,705
kullu,9,8,0,773
kullu,9,8,0,750
kullu,9,8,0,812
kullu,9,8,0,770
kullu,9,8,0,631
kullu,9,8,0,801
kullu,9,8,0,797
kullu,9,8,0,744
kullu,9,8,0,832
kullu,9,8,0,833
kullu,9,8,0,747
kullu,9,8,0,766
kullu,9,8,0,853
kullu,9,8,0,697
kullu,9,8,0,703
kullu,9,8,0,671
kullu,9,8,0,830
kullu,9,8,0,796
kullu,9,8,0,654
kullu,9,8,0,849
kullu,9,8,0,793
kullu,9,8,0,820
kullu,9,8,0,641
kullu,9,8,0,743
kullu,9,8,0,786
kullu,9,8,0,752
kullu,9,8,0,779
kullu,9,8,0,813
kullu,9,8,0,714
kullu,9,8,0,820
kullu,9,8,0,667
kullu,9,8,0,691
kullu,9,8,0,640
kullu,9,8,0,712
kullu,9,8,0,715
kullu,9,8,0,810
kullu,9,8,0,776
kullu,9,8,0,728
kullu,9,8,0,776
kullu,9,8,0,642
kullu,9,8,0,671
kullu,9,8,0,770
kullu,9,8,0,773
kullu,9,8,0,803
kullu,9,9,0,961
kullu,9,9,0,1056
kullu,9,9,0,1044
kullu,9,9,0,1127
kullu,9,9,0,905
kullu,9,9,0,1005
kullu,9,9,0,1020
kullu,9,9,0,1138
kullu,9,9,0,901
kullu,9,9,0,996
kullu,9,9,0,944
kullu,9,9,0,997
kullu,9,9,0,910
kullu,9,9,0,855
kullu,9,9,0,1011
kullu,9,9,0,941
kullu,9,9,0,895
kullu,9,9,0,937
kullu,9,9,0,856
kullu,9,9,0,1123
kullu,9,9,0,1014
kullu,9,9,0,1083
kullu,9,9,0,967
kullu,9,9,0,1109
kullu,9,9,0,985
kullu,9,9,0,1011
kullu,9,9,0,987
kullu,9,9,0,1059
kullu,9,9,0,1009
kullu,9,9,0,922
kullu,9,9,0,884
kullu,9,9,0,1021
kullu,9,9,0,986
kullu,9,9,0,870
kullu,9,9,0,958
kullu,9,9,0,994
kullu,9,9,0,1087
kullu,9,9,0,864
kullu,9,9,0,945
kullu,9,9,0,1085
kullu,9,9,0,1034
kullu,9,9,0,927
kullu,9,9,0,1092
kullu,9,9,0,988
kullu,9,9,0,989
kullu,9,9,0,1131
kullu,9,9,0,1122
kullu,9,9,0,947
kullu,9,9,0,883
kullu,9,9,0,938
kullu,9,10,0,850
kullu,9,10,0,847
kullu,9,10,0,958
kullu,9,10,0,1120
kullu,9,10,0,1100
kullu,9,10,0,993
kullu,9,10,0,1009
kullu,9,10,0,843
kullu,9,10,0,905
kullu,9,10,0,848
kullu,9,10,0,1065
kullu,9,10,0,884
kullu,9,10,0,1099
kullu,9,10,0,1032
kullu,9,10,0,909
kullu,9,10,0,888
kullu,9,10,0,1027
kullu,9,10,0,1109
kullu,9,10,0,1054
kullu,9,10,0,945
kullu,9,10,0,1015
kullu,9,10,0,933
kullu,9,10,0,1138
kullu,9,10,0,1063
kullu,9,10,0,1023
kullu,9,10,0,967
kullu,9,10,0,1025
kullu,9,10,0,942
kullu,9,10,0,850
kullu,9,10,0,958
kullu,9,10,0,1117
kullu,9,10,0,1027
kullu,9,10,0,866
kullu,9,10,0,1104
kullu,9,10,0,921
kullu,9,10,0,913
kullu,9,10,0,929
kullu,9,10,0,1012
kullu,9,10,0,1003
kullu,9,10,0,987
kullu,9,10,0,1054
kullu,9,10,0,935
kullu,9,10,0,1073
kullu,9,10,0,893
kullu,9,10,0,1073
kullu,9,10,0,1038
kullu,9,10,0,1044
kullu,9,10,0,984
kullu,9,10,0,1039
kullu,9,10,0,865
kullu,9,11,0,1094
kullu,9,11,0,857
kullu,9,11,0,885
kullu,9,11,0,1012
kullu,9,11,0,1061
kullu,9,11,0,864
kullu,9,11,0,1114
kullu,9,11,0,1130
kullu,9,11,0,1021
kullu,9,11,0,984
kullu,9,11,0,1061
kullu,9,11,0,939
kullu,9,11,0,987
kullu,9,11,0,1113
kullu,9,11,0,1125
kullu,9,11,0,1116
kullu,9,11,0,919
kullu,9,11,0,910
kullu,9,11,0,929
kullu,9,11,0,972
kullu,9,11,0,934
kullu,9,11,0,952
kullu,9,11,0,1025
kullu,9,11,0,1067
kullu,9,11,0,1059
kullu,9,11,0,1083
kullu,9,11,0,851
kullu,9,11,0,855
kullu,9,11,0,1075
kullu,9,11,0,999
kullu,9,11,0,1013
kullu,9,11,0,857
kullu,9,11,0,917
kullu,9,11,0,1031
kullu,9,11,0,1096
kullu,9,11,0,1113
kullu,9,11,0,990
kullu,9,11,0,1003
kullu,9,11,0,1088
kullu,9,11,0,1001
kullu,9,11,0,995
kullu,9,11,0,1110
kullu,9,11,0,1076
kullu,9,11,0,1111
kullu,9,11,0,906
kullu,9,11,0,997
kullu,9,11,0,1091
kullu,9,11,0,874
kullu,9,11,0,1077
kullu,9,11,0,895
kullu,9,12,0,1514
kullu,9,12,0,1432
kullu,9,12,0,1258
kullu,9,12,0,1374
kullu,9,12,0,1461
kullu,9,12,0,1441
kullu,9,12,0,1355
kullu,9,12,0,1552
kullu,9,12,0,1394
kullu,9,12,0,1388
kullu,9,12,0,1203
kullu,9,12,0,1561
kullu,9,12,0,1251
kullu,9,12,0,1397
kullu,9,12,0,1512
kullu,9,12,0,1267
kullu,9,12,0,1397
kullu,9,12,0,1278
kullu,9,12,0,1493
kullu,9,12,0,1412
kullu,9,12,0,1534
kullu,9,12,0,1550
kullu,9,12,0,1447
kullu,9,12,0,1479
kullu,9,12,0,1406
kullu,9,12,0,1337
kullu,9,12,0,1447
kullu,9,12,0,1555
kullu,9,12,0,1351
kullu,9,12,0,1308
kullu,9,12,0,1339
kullu,9,12,0,1359
kullu,9,12,0,1208
kullu,9,12,0,1385
kullu,9,12,0,1383
kullu,9,12,0,1422
kullu,9,12,0,1328
kullu,9,12,0,1433
kullu,9,12,0,1543
kullu,9,12,0,1575
kullu,9,12,0,1420
kullu,9,12,0,1195
kullu,9,12,0,1581
kullu,9,12,0,1471
kullu,9,12,0,1317
kullu,9,12,0,1239
kullu,9,12,0,1237
kullu,9,12,0,1247
kullu,9,12,0,1197
kullu,9,12,0,1553
kullu,9,1,1,2550
kullu,9,1,1,2671
kullu,9,1,1,2768
kullu,9,1,1,2740
kullu,9,1,1,2809
kullu,9,1,1,2873
kullu,9,1,1,2473
kullu,9,1,1,2860
kullu,9,1,1,2688
kullu,9,1,1,2195
kullu,9,1,1,2657
kullu,9,1,1,2661
kullu,9,1,1,2826
kullu,9,1,1,2423
kullu,9,1,1,2584
kullu,9,1,1,2151
kullu,9,1,1,2393
kullu,9,1,1,2189
kullu,9,1,1,2536
kullu,9,1,1,2759
kullu,9,1,1,2298
kullu,9,1,1,2540
kullu,9,1,1,2296
kullu,9,1,1,2233
kullu,9,1,1,2528
kullu,9,1,1,2201
kullu,9,1,1,2586
kullu,9,1,1,2165
kullu,9,1,1,2222
kullu,9,1,1,2557
kullu,9,1,1,2589
kullu,9,1,1,2163
kullu,9,1,1,2575
kullu,9,1,1,2775
kullu,9,1,1,2688
kullu,9,1,1,2241
kullu,9,1,1,2589
kullu,9,1,1,2650
kullu,9,1,1,2170
kullu,9,1,1,2788
kullu,9,1,1,2827
kullu,9,1,1,2784
kullu,9,1,1,2765
kullu,9,1,1,2705
kullu,9,1,1,2620
kullu,9,1,1,2655
kullu,9,1,1,2751
kullu,9,1,1,2642
kullu,9,1,1,2389
kullu,9,1,1,2426
kullu,9,2,1,2014
kullu,9,2,1,1539
kullu,9,2,1,1907
kullu,9,2,1,2045
kullu,9,2,1,1911
kullu,9,2,1,2066
kullu,9,2,1,1901
kullu,9,2,1,1548
kullu,9,2,1,1976
kullu,9,2,1,1683
kullu,9,2,1,1770
kullu,9,2,1,1698
kullu,9,2,1,1675
kullu,9,2,1,1762
kullu,9,2,1,1734
kullu,9,2,1,1872
kullu,9,2,1,1969
kullu,9,2,1,1690
kullu,9,2,1,1645
kullu,9,2,1,1890
kullu,9,2,1,1891
kullu,9,2,1,2016
kullu,9,2,1,1538
kullu,9,2,1,1990
kullu,9,2,1,1811
kullu,9,2,1,1865
kullu,9,2,1,1579
kullu,9,2,1,1763
kullu,9,2,1,1652
kullu,9,2,1,1667
kullu,9,2,1,1802
kullu,9,2,1,1968
kullu,9,2,1,1931
kullu,9,2,1,1849
kullu,9,2,1,1821
kullu,9,2,1,1760
kullu,9,2,1,2055
kullu,9,2,1,1832
kullu,9,2,1,1667
kullu,9,2,1,1654
kullu,9,2,1,1860
kullu,9,2,1,1812
kullu,9,2,1,1534
kullu,9,2,1,1978
kullu,9,2,1,1910
kullu,9,2,1,1887
kullu,9,2,1,1567
kullu,9,2,1,1725
kullu,9,2,1,2035
kullu,9,2,1,1995
kullu,9,3,1,1684
kullu,9,3,1,1614
kullu,9,3,1,1772
kullu,9,3,1,1722
kullu,9,3,1,1898
kullu,9,3,1,2051
kullu,9,3,1,1726
kullu,9,3,1,1563
kullu,9,3,1,2014
kullu,9,3,1,1550
kullu,9,3,1,2044
kullu,9,3,1,1888
kullu,9,3,1,2038
kullu,9,3,1,1637
kullu,9,3,1,1551
kullu,9,3,1,1793
kullu,9,3,1,1773
kullu,9,3,1,1709
kullu,9,3,1,2047
kullu,9,3,1,1974
kullu,9,3,1,1887
kullu,9,3,1,1617
kullu,9,3,1,1926
kullu,9,3,1,1922
kullu,9,3,1,1759
kullu,9,3,1,2029
kullu,9,3,1,1620
kullu,9,3,1,1674
kullu,9,3,1,1564
kullu,9,3,1,1959
kullu,9,3,1,1865
kullu,9,3,1,1700
kullu,9,3,1,1618
kullu,9,3,1,1551
kullu,9,3,1,1620
kullu,9,3,1,1774
kullu,9,3,1,1663
kullu,9,3,1,1669
kullu,9,3,1,2002
kullu,9,3,1,1808
kullu,9,3,1,1923
kullu,9,3,1,1549
kullu,9,3,1,1727
kullu,9,3,1,1788
kullu,9,3,1,1630
kullu,9,3,1,1594
kullu,9,3,1,1999
kullu,9,3,1,2037
kullu,9,3,1,1572
kullu,9,3,1,1718
kullu,9,4,1,2047
kullu,9,4,1,1574
kullu,9,4,1,1877
kullu,9,4,1,2054
kullu,9,4,1,2058
kullu,9,4,1,1784
kullu,9,4,1,1617
kullu,9,4,1,1639
kullu,9,4,1,2010
kullu,9,4,1,2022
kullu,9,4,1,1858
kullu,9,4,1,1943
kullu,9,4,1,1929
kullu,9,4,1,1887
kullu,9,4,1,1976
kullu,9,4,1,1900
kullu,9,4,1,1818
kullu,9,4,1,1657
kullu,9,4,1,1931
kullu,9,4,1,1785
kullu,9,4,1,1689
kullu,9,4,1,1963
kullu,9,4,1,1906
kullu,9,4,1,2036
kullu,9,4,1,1619
kullu,9,4,1,1880
kullu,9,4,1,1661
kullu,9,4,1,2017
kullu,9,4,1,1583
kullu,9,4,1,1884
kullu,9,4,1,1957
kullu,9,4,1,1721
kullu,9,4,1,2045
kullu,9,4,1,1989
kullu,9,4,1,1689
kullu,9,4,1,1534
kullu,9,4,1,1690
kullu,9,4,1,1681
kullu,9,4,1,2010
kullu,9,4,1,2052
kullu,9,4,1,1568
kullu,9,4,1,1784
kullu,9,4,1,1826
kullu,9,4,1,1580
kullu,9,4,1,1733
kullu,9,4,1,1701
kullu,9,4,1,1819
kullu,9,4,1,1887
kullu,9,4,1,1909
kullu,9,4,1,1603
kullu,9,5,1,3150
kullu,9,5,1,3034
kullu,9,5,1,3216
kullu,9,5,1,2836
kullu,9,5,1,3220
kullu,9,5,1,3196
kullu,9,5,1,2826
kullu,9,5,1,2777
kullu,9,5,1,3253
kullu,9,5,1,3065
kullu,9,5,1,3250
kullu,9,5,1,3136
kullu,9,5,1,2974
kullu,9,5,1,2548
kullu,9,5,1,2699
kullu,9,5,1,3285
kullu,9,5,1,2723
kullu,9,5,1,2528
kullu,9,5,1,3059
kullu,9,5,1,3082
kullu,9,5,1,2694
kullu,9,5,1,2705
kullu,9,5,1,2853
kullu,9,5,1,2466
kullu,9,5,1,3129
kullu,9,5,1,2721
kullu,9,5,1,3185
kullu,9,5,1,3141
kullu,9,5,1,3019
kullu,9,5,1,2728
kullu,9,5,1,2894
kullu,9,5,1,2832
kullu,9,5,1,2740
kullu,9,5,1,3180
kullu,9,5,1,2865
kullu,9,5,1,3167
kullu,9,5,1,2538
kullu,9,5,1,2569
kullu,9,5,1,3292
kullu,9,5,1,2955
kullu,9,5,1,2888
kullu,9,5,1,2900
kullu,9,5,1,2633
kullu,9,5,1,3068
kullu,9,5,1,2521
kullu,9,5,1,2943
kullu,9,5,1,2941
kullu,9,5,1,3237
kullu,9,5,1,2902
kullu,9,5,1,2566
kullu,9,6,1,2942
kullu,9,6,1,2526
kullu,9,6,1,2624
kullu,9,6,1,2474
kullu,9,6,1,2891
kullu,9,6,1,2521
kullu,9,6,1,2853
kullu,9,6,1,3254
kullu,9,6,1,3069
kullu,9,6,1,2514
kullu,9,6,1,2641
kullu,9,6,1,3030
kullu,9,6,1,3221
kullu,9,6,1,2476
kullu,9,6,1,3149
kullu,9,6,1,2933
kullu,9,6,1,2919
kullu,9,6,1,3275
kullu,9,6,1,3093
kullu,9,6,1,3182
kullu,9,6,1,2753
kullu,9,6,1,2926
kullu,9,6,1,2979
kullu,9,6,1,2725
kullu,9,6,1,2940
kullu,9,6,1,2652
kullu,9,6,1,2571
kullu,9,6,1,2771
kullu,9,6,1,3086
kullu,9,6,1,3239
kullu,9,6,1,2843
kullu,9,6,1,3003
kullu,9,6,1,2537
kullu,9,6,1,3229
kullu,9,6,1,2939
kullu,9,6,1,3122
kullu,9,6,1,3134
kullu,9,6,1,2669
kullu,9,6,1,2905
kullu,9,6,1,3277
kullu,9,6,1,2525
kullu,9,6,1,3038
kullu,9,6,1,3279
kullu,9,6,1,2707
kullu,9,6,1,3192
kullu,9,6,1,3254
kullu,9,6,1,3093
kullu,9,6,1,2647
kullu,9,6,1,2736
kullu,9,6,1,2478
kullu,9,7,1,1484
kullu,9,7,1,1491
kullu,9,7,1,1403
kullu,9,7,1,1290
kullu,9,7,1,1178
kullu,9,7,1,1452
kullu,9,7,1,1441
kullu,9,7,1,1517
kullu,9,7,1,1443
kullu,9,7,1,1483
kullu,9,7,1,1449
kullu,9,7,1,1402
kullu,9,7,1,1320
kullu,9,7,1,1512
kullu,9,7,1,1411
kullu,9,7,1,1308
kullu,9,7,1,1181
kullu,9,7,1,1265
kullu,9,7,1,1367
kullu,9,7,1,1259
kullu,9,7,1,1237
kullu,9,7,1,1361
kullu,9,7,1,1216
kullu,9,7,1,1471
kullu,9,7,1,1343
kullu,9,7,1,1379
kullu,9,7,1,1207
kullu,9,7,1,1278
kullu,9,7,1,1313
kullu,9,7,1,1474
kullu,9,7,1,1459
kullu,9,7,1,1237
kullu,9,7,1,1397
kullu,9,7,1,1246
kullu,9,7,1,1547
kullu,9,7,1,1533
kullu,9,7,1,1375
kullu,9,7,1,1430
kullu,9,7,1,1472
kullu,9,7,1,1439
kullu,9,7,1,1430
kullu,9,7,1,1535
kullu,9,7,1,1389
kullu,9,7,1,1405
kullu,9,7,1,1491
kullu,9,7,1,1418
kullu,9,7,1,1444
kullu,9,7,1,1242
kullu,9,7,1,1297
kullu,9,7,1,1207
kullu,9,8,1,1352
kullu,9,8,1,1332
kullu,9,8,1,1551
kullu,9,8,1,1395
kullu,9,8,1,1466
kullu,9,8,1,1282
kullu,9,8,1,1484
kullu,9,8,1,1396
kullu,9,8,1,1429
kullu,9,8,1,1266
kullu,9,8,1,1369
kullu,9,8,1,1404
kullu,9,8,1,1386
kullu,9,8,1,1518
kullu,9,8,1,1511
kullu,9,8,1,1540
kullu,9,8,1,1417
kullu,9,8,1,1541
kullu,9,8,1,1484
kullu,9,8,1,1257
kullu,9,8,1,1320
kullu,9,8,1,1244
kullu,9,8,1,1149
kullu,9,8,1,1223
kullu,9,8,1,1149
kullu,9,8,1,1439
kullu,9,8,1,1319
kullu,9,8,1,1274
kullu,9,8,1,1455
kullu,9,8,1,1484
kullu,9,8,1,1542
kullu,9,8,1,1407
kullu,9,8,1,1334
kullu,9,8,1,1271
kullu,9,8,1,1237
kullu,9,8,1,1233
kullu,9,8,1,1313
kullu,9,8,1,1549
kullu,9,8,1,1147
kullu,9,8,1,1227
kullu,9,8,1,1223
kullu,9,8,1,1437
kullu,9,8,1,1290
kullu,9,8,1,1332
kullu,9,8,1,1207
kullu,9,8,1,1311
kullu,9,8,1,1189
kullu,9,8,1,1363
kullu,9,8,1,1187
kullu,9,8,1,1467
kullu,9,9,1,1835
kullu,9,9,1,1920
kullu,9,9,1,1755
kullu,9,9,1,1736
kullu,9,9,1,1583
kullu,9,9,1,1812
kullu,9,9,1,1807
kullu,9,9,1,1782
kullu,9,9,1,1929
kullu,9,9,1,1979
kullu,9,9,1,1935
kullu,9,9,1,1607
kullu,9,9,1,1865
kullu,9,9,1,1573
kullu,9,9,1,1905
kullu,9,9,1,1736
kullu,9,9,1,1601
kullu,9,9,1,1995
kullu,9,9,1,1861
kullu,9,9,1,1721
kullu,9,9,1,1546
kullu,9,9,1,1820
kullu,9,9,1,2028
kullu,9,9,1,1852
kullu,9,9,1,2054
kullu,9,9,1,1603
kullu,9,9,1,1836
kullu,9,9,1,1960
kullu,9,9,1,1813
kullu,9,9,1,1579
kullu,9,9,1,1844
kullu,9,9,1,1860
kullu,9,9,1,1923
kullu,9,9,1,1941
kullu,9,9,1,1946
kullu,9,9,1,1888
kullu,9,9,1,1646
kullu,9,9,1,1748
kullu,9,9,1,1949
kullu,9,9,1,2044
kullu,9,9,1,1572
kullu,9,9,1,1819
kullu,9,9,1,1698
kullu,9,9,1,1651
kullu,9,9,1,1803
kullu,9,9,1,1857
kullu,9,9,1,1535
kullu,9,9,1,1951
kullu,9,9,1,1972
kullu,9,9,1,2051
kullu,9,10,1,1627
kullu,9,10,1,1851
kullu,9,10,1,1760
kullu,9,10,1,1710
kullu,9,10,1,1835
kullu,9,10,1,1952
kullu,9,10,1,1542
kullu,9,10,1,2053
kullu,9,10,1,1967
kullu,9,10,1,1935
kullu,9,10,1,1940
kullu,9,10,1,1740
kullu,9,10,1,1935
kullu,9,10,1,1738
kullu,9,10,1,2015
kullu,9,10,1,1625
kullu,9,10,1,1687
kullu,9,10,1,1827
kullu,9,10,1,1702
kullu,9,10,1,1759
kullu,9,10,1,1795
kullu,9,10,1,1992
kullu,9,10,1,1812
kullu,9,10,1,1725
kullu,9,10,1,1663
kullu,9,10,1,1750
kullu,9,10,1,1808
kullu,9,10,1,1932
kullu,9,10,1,1595
kullu,9,10,1,1649
kullu,9,10,1,1735
kullu,9,10,1,1724
kullu,9,10,1,1741
kullu,9,10,1,1958
kullu,9,10,1,1705
kullu,9,10,1,1801
kullu,9,10,1,1866
kullu,9,10,1,1655
kullu,9,10,1,1918
kullu,9,10,1,1825
kullu,9,10,1,1771
kullu,9,10,1,1967
kullu,9,10,1,1661
kullu,9,10,1,2006
kullu,9,10,1,1832
kullu,9,10,1,1858
kullu,9,10,1,2002
kullu,9,10,1,1971
kullu,9,10,1,1854
kullu,9,10,1,1936
kullu,9,11,1,1763
kullu,9,11,1,1825
kullu,9,11,1,1563
kullu,9,11,1,1578
kullu,9,11,1,1977
kullu,9,11,1,1562
kullu,9,11,1,1621
kullu,9,11,1,1959
kullu,9,11,1,1530
kullu,9,11,1,1682
kullu,9,11,1,1845
kullu,9,11,1,1851
kullu,9,11,1,1949
kullu,9,11,1,1803
kullu,9,11,1,1805
kullu,9,11,1,1921
kullu,9,11,1,1799
kullu,9,11,1,1858
kullu,9,11,1,2014
kullu,9,11,1,1746
kullu,9,11,1,1737
kullu,9,11,1,1531
kullu,9,11,1,1861
kullu,9,11,1,1546
kullu,9,11,1,1802
kullu,9,11,1,1964
kullu,9,11,1,1826
kullu,9,11,1,1675
kullu,9,11,1,1954
kullu,9,11,1,1675
kullu,9,11,1,1925
kullu,9,11,1,1859
kullu,9,11,1,1621
kullu,9,11,1,2018
kullu,9,11,1,1638
kullu,9,11,1,2064
kullu,9,11,1,1533
kullu,9,11,1,1672
kullu,9,11,1,1637
kullu,9,11,1,1537
kullu,9,11,1,1925
kullu,9,11,1,1904
kullu,9,11,1,1957
kullu,9,11,1,1668
kullu,9,11,1,1769
kullu,9,11,1,1885
kullu,9,11,1,1767
kullu,9,11,1,1906
kullu,9,11,1,1872
kullu,9,11,1,1591
kullu,9,12,1,2732
kullu,9,12,1,2686
kullu,9,12,1,2637
kullu,9,12,1,2259
kullu,9,12,1,2344
kullu,9,12,1,2439
kullu,9,12,1,2353
kullu,9,12,1,2314
kullu,9,12,1,2750
kullu,9,12,1,2624
kullu,9,12,1,2569
kullu,9,12,1,2312
kullu,9,12,1,2836
kullu,9,12,1,2286
kullu,9,12,1,2742
kullu,9,12,1,2872
kullu,9,12,1,2691
kullu,9,12,1,2892
kullu,9,12,1,2634
kullu,9,12,1,2306
kullu,9,12,1,2296
kullu,9,12,1,2387
kullu,9,12,1,2147
kullu,9,12,1,2657
kullu,9,12,1,2345
kullu,9,12,1,2758
kullu,9,12,1,2413
kullu,9,12,1,2504
kullu,9,12,1,2872
kullu,9,12,1,2325
kullu,9,12,1,2687
kullu,9,12,1,2712
kullu,9,12,1,2309
kullu,9,12,1,2520
kullu,9,12,1,2406
kullu,9,12,1,2725
kullu,9,12,1,2612
kullu,9,12,1,2501
kullu,9,12,1,2731
kullu,9,12,1,2319
kullu,9,12,1,2711
kullu,9,12,1,2796
kullu,9,12,1,2806
kullu,9,12,1,2734
kullu,9,12,1,2450
kullu,9,12,1,2884
kullu,9,12,1,2428
kullu,9,12,1,2624
kullu,9,12,1,2263
kullu,9,12,1,2883
kullu,9,1,2,6685
kullu,9,1,2,6778
kullu,9,1,2,5479
kullu,9,1,2,6797
kullu,9,1,2,6819
kullu,9,1,2,6624
kullu,9,1,2,5906
kullu,9,1,2,6280
kullu,9,1,2,5563
kullu,9,1,2,6246
kullu,9,1,2,5815
kullu,9,1,2,6014
kullu,9,1,2,5662
kullu,9,1,2,5789
kullu,9,1,2,5499
kullu,9,1,2,7093
kullu,9,1,2,6357
kullu,9,1,2,6104
kullu,9,1,2,6366
kullu,9,1,2,6542
kullu,9,1,2,7097
kullu,9,1,2,5692
kullu,9,1,2,5913
kullu,9,1,2,7199
kullu,9,1,2,6056
kullu,9,1,2,5397
kullu,9,1,2,5634
kullu,9,1,2,5404
kullu,9,1,2,7225
kullu,9,1,2,5882
kullu,9,1,2,7100
kullu,9,1,2,7237
kullu,9,1,2,6488
kullu,9,1,2,5417
kullu,9,1,2,5509
kullu,9,1,2,6265
kullu,9,1,2,6122
kullu,9,1,2,6500
kullu,9,1,2,6184
kullu,9,1,2,7120
kullu,9,1,2,6365
kullu,9,1,2,6666
kullu,9,1,2,7049
kullu,9,1,2,5632
kullu,9,1,2,5789
kullu,9,1,2,5557
kullu,9,1,2,5618
kullu,9,1,2,6323
kullu,9,1,2,5962
kullu,9,1,2,6154
kullu,9,2,2,5151
kullu,9,2,2,4036
kullu,9,2,2,4555
kullu,9,2,2,3958
kullu,9,2,2,4254
kullu,9,2,2,4537
kullu,9,2,2,5102
kullu,9,2,2,4353
kullu,9,2,2,3912
kullu,9,2,2,4349
kullu,9,2,2,4021
kullu,9,2,2,4135
kullu,9,2,2,4659
kullu,9,2,2,3916
kullu,9,2,2,4452
kullu,9,2,2,4647
kullu,9,2,2,4394
kullu,9,2,2,3850
kullu,9,2,2,5155
kullu,9,2,2,4320
kullu,9,2,2,4876
kullu,9,2,2,4264
kullu,9,2,2,4466
kullu,9,2,2,4349
kullu,9,2,2,4287
kullu,9,2,2,3854
kullu,9,2,2,4311
kullu,9,2,2,5025
kullu,9,2,2,4757
kullu,9,2,2,4021
kullu,9,2,2,4623
kullu,9,2,2,5029
kullu,9,2,2,4770
kullu,9,2,2,4025
kullu,9,2,2,4996
kullu,9,2,2,4232
kullu,9,2,2,4438
kullu,9,2,2,4535
kullu,9,2,2,4973
kullu,9,2,2,5082
kullu,9,2,2,5080
kullu,9,2,2,3835
kullu,9,2,2,5069
kullu,9,2,2,3898
kullu,9,2,2,4183
kullu,9,2,2,4520
kullu,9,2,2,4472
kullu,9,2,2,4641
kullu,9,2,2,4472
kullu,9,2,2,5086
kullu,9,3,2,4149
kullu,9,3,2,4194
kullu,9,3,2,5067
kullu,9,3,2,3928
kullu,9,3,2,4647
kullu,9,3,2,4745
kullu,9,3,2,4507
kullu,9,3,2,4762
kullu,9,3,2,4058
kullu,9,3,2,4976
kullu,9,3,2,4014
kullu,9,3,2,4366
kullu,9,3,2,3926
kullu,9,3,2,4561
kullu,9,3,2,4729
kullu,9,3,2,5095
kullu,9,3,2,4823
kullu,9,3,2,4555
kullu,9,3,2,5084
kullu,9,3,2,4470
kullu,9,3,2,4582
kullu,9,3,2,4629
kullu,9,3,2,4378
kullu,9,3,2,4956
kullu,9,3,2,4074
kullu,9,3,2,4574
kullu,9,3,2,4800
kullu,9,3,2,5045
kullu,9,3,2,5018
kullu,9,3,2,4511
kullu,9,3,2,4693
kullu,9,3,2,4357
kullu,9,3,2,4457
kullu,9,3,2,5048
kullu,9,3,2,5081
kullu,9,3,2,5033
kullu,9,3,2,4011
kullu,9,3,2,4972
kullu,9,3,2,5105
kullu,9,3,2,4312
kullu,9,3,2,4525
kullu,9,3,2,4876
kullu,9,3,2,4583
kullu,9,3,2,5166
kullu,9,3,2,4440
kullu,9,3,2,4788
kullu,9,3,2,4894
kullu,9,3,2,4492
kullu,9,3,2,4981
kullu,9,3,2,4562
kullu,9,4,2,4380
kullu,9,4,2,3970
kullu,9,4,2,4356
kullu,9,4,2,4815
kullu,9,4,2,5068
kullu,9,4,2,4164
kullu,9,4,2,4304
kullu,9,4,2,4032
kullu,9,4,2,4757
kullu,9,4,2,5121
kullu,9,4,2,4690
kullu,9,4,2,4658
kullu,9,4,2,4572
kullu,9,4,2,3944
kullu,9,4,2,4809
kullu,9,4,2,4637
kullu,9,4,2,4717
kullu,9,4,2,5038
kullu,9,4,2,4883
kullu,9,4,2,4879
kullu,9,4,2,5076
kullu,9,4,2,5161
kullu,9,4,2,4609
kullu,9,4,2,3971
kullu,9,4,2,4444
kullu,9,4,2,4888
kullu,9,4,2,3862
kullu,9,4,2,3901
kullu,9,4,2,3915
kullu,9,4,2,4811
kullu,9,4,2,4501
kullu,9,4,2,4323
kullu,9,4,2,3967
kullu,9,4,2,4813
kullu,9,4,2,4258
kullu,9,4,2,4183
kullu,9,4,2,4705
kullu,9,4,2,4579
kullu,9,4,2,4314
kullu,9,4,2,4691
kullu,9,4,2,4191
kullu,9,4,2,4898
kullu,9,4,2,4134
kullu,9,4,2,4039
kullu,9,4,2,4881
kullu,9,4,2,4780
kullu,9,4,2,4071
kullu,9,4,2,3981
kullu,9,4,2,4956
kullu,9,4,2,4873
kullu,9,5,2,6826
kullu,9,5,2,7541
kullu,9,5,2,6388
kullu,9,5,2,7215
kullu,9,5,2,6160
kullu,9,5,2,6965
kullu,9,5,2,6281
kullu,9,5,2,7146
kullu,9,5,2,7030
kullu,9,5,2,7079
kullu,9,5,2,6217
kullu,9,5,2,6901
kullu,9,5,2,7754
kullu,9,5,2,6916
kullu,9,5,2,7664
kullu,9,5,2,6918
kullu,9,5,2,7034
kullu,9,5,2,7338
kullu,9,5,2,8173
kullu,9,5,2,6355
kullu,9,5,2,6191
kullu,9,5,2,7433
kullu,9,5,2,8170
kullu,9,5,2,8257
kullu,9,5,2,7165
kullu,9,5,2,7131
kullu,9,5,2,7513
kullu,9,5,2,7320
kullu,9,5,2,7489
kullu,9,5,2,8007
kullu,9,5,2,7732
kullu,9,5,2,7193
kullu,9,5,2,7117
kullu,9,5,2,7501
kullu,9,5,2,7104
kullu,9,5,2,7108
kullu,9,5,2,6155
kullu,9,5,2,6495
kullu,9,5,2,7175
kullu,9,5,2,7896
kullu,9,5,2,6722
kullu,9,5,2,7248
kullu,9,5,2,6865
kullu,9,5,2,6346
kullu,9,5,2,8189
kullu,9,5,2,7966
kullu,9,5,2,6289
kullu,9,5,2,7674
kullu,9,5,2,6870
kullu,9,5,2,8268
kullu,9,6,2,6773
kullu,9,6,2,6635
kullu,9,6,2,7346
kullu,9,6,2,7923
kullu,9,6,2,6535
kullu,9,6,2,7652
kullu,9,6,2,6252
kullu,9,6,2,8104
kullu,9,6,2,6295
kullu,9,6,2,8094
kullu,9,6,2,7180
kullu,9,6,2,7087
kullu,9,6,2,8222
kullu,9,6,2,8259
kullu,9,6,2,7524
kullu,9,6,2,6394
kullu,9,6,2,7213
kullu,9,6,2,7262
kullu,9,6,2,7231
kullu,9,6,2,7350
kullu,9,6,2,6160
kullu,9,6,2,7656
kullu,9,6,2,7658
kullu,9,6,2,6369
kullu,9,6,2,7351
kullu,9,6,2,7347
kullu,9,6,2,7594
kullu,9,6,2,6304
kullu,9,6,2,7473
kullu,9,6,2,6726
kullu,9,6,2,7215
kullu,9,6,2,7790
kullu,9,6,2,7644
kullu,9,6,2,6376
kullu,9,6,2,7396
kullu,9,6,2,8213
kullu,9,6,2,6458
kullu,9,6,2,7962
kullu,9,6,2,7637
kullu,9,6,2,7791
kullu,9,6,2,6729
kullu,9,6,2,6741
kullu,9,6,2,8077
kullu,9,6,2,6897
kullu,9,6,2,6256
kullu,9,6,2,7417
kullu,9,6,2,6389
kullu,9,6,2,7840
kullu,9,6,2,7506
kullu,9,6,2,8009
kullu,9,7,2,3663
kullu,9,7,2,2982
kullu,9,7,2,3254
kullu,9,7,2,3652
kullu,9,7,2,3291
kullu,9,7,2,3853
kullu,9,7,2,3613
kullu,9,7,2,2884
kullu,9,7,2,3759
kullu,9,7,2,2970
kullu,9,7,2,3011
kullu,9,7,2,3612
kullu,9,7,2,3744
kullu,9,7,2,3411
kullu,9,7,2,3161
kullu,9,7,2,3224
kullu,9,7,2,3215
kullu,9,7,2,3199
kullu,9,7,2,3114
kullu,9,7,2,3485
kullu,9,7,2,3780
kullu,9,7,2,3179
kullu,9,7,2,3057
kullu,9,7,2,3717
kullu,9,7,2,3619
kullu,9,7,2,3811
kullu,9,7,2,3036
kullu,9,7,2,3014
kullu,9,7,2,3416
kullu,9,7,2,3490
kullu,9,7,2,3354
kullu,9,7,2,3475
kullu,9,7,2,3051
kullu,9,7,2,3354
kullu,9,7,2,3535
kullu,9,7,2,3306
kullu,9,7,2,3556
kullu,9,7,2,3325
kullu,9,7,2,3206
kullu,9,7,2,3176
kullu,9,7,2,3284
kullu,9,7,2,2892
kullu,9,7,2,3545
kullu,9,7,2,3724
kullu,9,7,2,3227
kullu,9,7,2,2915
kullu,9,7,2,3867
kullu,9,7,2,3135
kullu,9,7,2,2996
kullu,9,7,2,3243
kullu,9,8,2,3616
kullu,9,8,2,3166
kullu,9,8,2,3450
kullu,9,8,2,3289
kullu,9,8,2,2987
kullu,9,8,2,3203
kullu,9,8,2,3602
kullu,9,8,2,3488
kullu,9,8,2,2990
kullu,9,8,2,3034
kullu,9,8,2,3517
kullu,9,8,2,3692
kullu,9,8,2,3222
kullu,9,8,2,3471
kullu,9,8,2,3041
kullu,9,8,2,3184
kullu,9,8,2,2889
kullu,9,8,2,3646
kullu,9,8,2,3274
kullu,9,8,2,3695
kullu,9,8,2,3585
kullu,9,8,2,3707
kullu,9,8,2,3157
kullu,9,8,2,3056
kullu,9,8,2,3852
kullu,9,8,2,3595
kullu,9,8,2,3713
kullu,9,8,2,2882
kullu,9,8,2,3227
kullu,9,8,2,3620
kullu,9,8,2,2947
kullu,9,8,2,3443
kullu,9,8,2,3303
kullu,9,8,2,2886
kullu,9,8,2,3107
kullu,9,8,2,3157
kullu,9,8,2,2982
kullu,9,8,2,3508
kullu,9,8,2,3114
kullu,9,8,2,3149
kullu,9,8,2,3778
kullu,9,8,2,3341
kullu,9,8,2,3265
kullu,9,8,2,3601
kullu,9,8,2,3789
kullu,9,8,2,2894
kullu,9,8,2,3322
kullu,9,8,2,3487
kullu,9,8,2,3191
kullu,9,8,2,3650
kullu,9,9,2,5136
kullu,9,9,2,5098
kullu,9,9,2,4184
kullu,9,9,2,4130
kullu,9,9,2,5117
kullu,9,9,2,4444
kullu,9,9,2,4106
kullu,9,9,2,4779
kullu,9,9,2,4208
kullu,9,9,2,4185
kullu,9,9,2,5011
kullu,9,9,2,4044
kullu,9,9,2,3911
kullu,9,9,2,4188
kullu,9,9,2,4644
kullu,9,9,2,3991
kullu,9,9,2,4461
kullu,9,9,2,4671
kullu,9,9,2,4970
kullu,9,9,2,4135
kullu,9,9,2,4928
kullu,9,9,2,4142
kullu,9,9,2,4738
kullu,9,9,2,4406
kullu,9,9,2,3979
kullu,9,9,2,4789
kullu,9,9,2,4118
kullu,9,9,2,4063
kullu,9,9,2,4308
kullu,9,9,2,4706
kullu,9,9,2,4140
kullu,9,9,2,4072
kullu,9,9,2,3838
kullu,9,9,2,4461
kullu,9,9,2,4403
kullu,9,9,2,4140
kullu,9,9,2,3897
kullu,9,9,2,4404
kullu,9,9,2,4889
kullu,9,9,2,4790
kullu,9,9,2,4987
kullu,9,9,2,3837
kullu,9,9,2,5129
kullu,9,9,2,4285
kullu,9,9,2,5162
kullu,9,9,2,4166
kullu,9,9,2,4461
kullu,9,9,2,4302
kullu,9,9,2,4305
kullu,9,9,2,4962
kullu,9,10,2,4832
kullu,9,10,2,5164
kullu,9,10,2,4653
kullu,9,10,2,4450
kullu,9,10,2,3946
kullu,9,10,2,5170
kullu,9,10,2,4569
kullu,9,10,2,4770
kullu,9,10,2,4374
kullu,9,10,2,4564
kullu,9,10,2,5097
kullu,9,10,2,4049
kullu,9,10,2,4219
kullu,9,10,2,4030
kullu,9,10,2,4894
kullu,9,10,2,3908
kullu,9,10,2,3935
kullu,9,10,2,4227
kullu,9,10,2,4519
kullu,9,10,2,4373
kullu,9,10,2,3885
kullu,9,10,2,5117
kullu,9,10,2,5111
kullu,9,10,2,4202
kullu,9,10,2,4812
kullu,9,10,2,4606
kullu,9,10,2,4145
kullu,9,10,2,4178
kullu,9,10,2,4488
kullu,9,10,2,4390
kullu,9,10,2,4218
kullu,9,10,2,4915
kullu,9,10,2,4474
kullu,9,10,2,4709
kullu,9,10,2,4080
kullu,9,10,2,4545
kullu,9,10,2,4254
kullu,9,10,2,4535
kullu,9,10,2,4879
kullu,9,10,2,4863
kullu,9,10,2,4303
kullu,9,10,2,4762
kullu,9,10,2,5095
kullu,9,10,2,4669
kullu,9,10,2,4025
kullu,9,10,2,4742
kullu,9,10,2,3966
kullu,9,10,2,5002
kullu,9,10,2,4522
kullu,9,10,2,4344
kullu,9,11,2,3901
kullu,9,11,2,4339
kullu,9,11,2,5044
kullu,9,11,2,3853
kullu,9,11,2,4465
kullu,9,11,2,5082
kullu,9,11,2,4358
kullu,9,11,2,4403
kullu,9,11,2,4606
kullu,9,11,2,4449
kullu,9,11,2,4052
kullu,9,11,2,3850
kullu,9,11,2,4648
kullu,9,11,2,5068
kullu,9,11,2,3968
kullu,9,11,2,4109
kullu,9,11,2,4324
kullu,9,11,2,4916
kullu,9,11,2,4188
kullu,9,11,2,5015
kullu,9,11,2,3899
kullu,9,11,2,5095
kullu,9,11,2,4582
kullu,9,11,2,4714
kullu,9,11,2,4321
kullu,9,11,2,4880
kullu,9,11,2,4049
kullu,9,11,2,3891
kullu,9,11,2,4358
kullu,9,11,2,4977
kullu,9,11,2,4844
kullu,9,11,2,4523
kullu,9,11,2,4597
kullu,9,11,2,4000
kullu,9,11,2,4959
kullu,9,11,2,4887
kullu,9,11,2,4711
kullu,9,11,2,4454
kullu,9,11,2,5127
kullu,9,11,2,5011
kullu,9,11,2,4694
kullu,9,11,2,4326
kullu,9,11,2,4659
kullu,9,11,2,4601
kullu,9,11,2,4357
kullu,9,11,2,4239
kullu,9,11,2,4374
kullu,9,11,2,4599
kullu,9,11,2,4402
kullu,9,11,2,4180
kullu,9,12,2,6793
kullu,9,12,2,6359
kullu,9,12,2,5482
kullu,9,12,2,6051
kullu,9,12,2,7027
kullu,9,12,2,6782
kullu,9,12,2,5965
kullu,9,12,2,7128
kullu,9,12,2,5499
kullu,9,12,2,7171
kullu,9,12,2,5819
kullu,9,12,2,5372
kullu,9,12,2,6174
kullu,9,12,2,6033
kullu,9,12,2,6373
kullu,9,12,2,6860
kullu,9,12,2,6947
kullu,9,12,2,6113
kullu,9,12,2,6167
kullu,9,12,2,5635
kullu,9,12,2,5444
kullu,9,12,2,6566
kullu,9,12,2,5476
kullu,9,12,2,6741
kullu,9,12,2,6373
kullu,9,12,2,5730
kullu,9,12,2,6374
kullu,9,12,2,5700
kullu,9,12,2,6184
kullu,9,12,2,6866
kullu,9,12,2,6228
kullu,9,12,2,5636
kullu,9,12,2,6723
kullu,9,12,2,5707
kullu,9,12,2,6750
kullu,9,12,2,6260
kullu,9,12,2,6212
kullu,9,12,2,6964
kullu,9,12,2,6694
kullu,9,12,2,5417
kullu,9,12,2,5914
kullu,9,12,2,7001
kullu,9,12,2,5389
kullu,9,12,2,6385
kullu,9,12,2,6730
kullu,9,12,2,6530
kullu,9,12,2,6792
kullu,9,12,2,6726
kullu,9,12,2,6662
kullu,9,12,2,6907
palampur,10,1,0,1366
palampur,10,1,0,1270
palampur,10,1,0,1297
palampur,10,1,0,1394
palampur,10,1,0,1456
palampur,10,1,0,1219
palampur,10,1,0,1246
palampur,10,1,0,1478
palampur,10,1,0,1339
palampur,10,1,0,1182
palampur,10,1,0,1373
palampur,10,1,0,1501
palampur,10,1,0,1436
palampur,10,1,0,1405
palampur,10,1,0,1194
palampur,10,1,0,1456
palampur,10,1,0,1319
palampur,10,1,0,1461
palampur,10,1,0,1242
palampur,10,1,0,1137
palampur,10,1,0,1299
palampur,10,1,0,1218
palampur,10,1,0,1393
palampur,10,1,0,1488
palampur,10,1,0,1383
palampur,10,1,0,1460
palampur,10,1,0,1290
palampur,10,1,0,1415
palampur,10,1,0,1443
palampur,10,1,0,1391
palampur,10,1,0,1312
palampur,10,1,0,1358
palampur,10,1,0,1387
palampur,10,1,0,1212
palampur,10,1,0,1430
palampur,10,1,0,1485
palampur,10,1,0,1295
palampur,10,1,0,1387
palampur,10,1,0,1402
palampur,10,1,0,1372
palampur,10,1,0,1327
palampur,10,1,0,1458
palampur,10,1,0,1288
palampur,10,1,0,1136
palampur,10,1,0,1444
palampur,10,1,0,1377
palampur,10,1,0,1446
palampur,10,1,0,1167
palampur,10,1,0,1124
palampur,10,1,0,1479
palampur,10,2,0,836
palampur,10,2,0,1021
palampur,10,2,0,1025
palampur,10,2,0,993
palampur,10,2,0,831
palampur,10,2,0,981
palampur,10,2,0,1044
palampur,10,2,0,914
palampur,10,2,0,910
palampur,10,2,0,918
palampur,10,2,0,817
palampur,10,2,0,1044
palampur,10,2,0,1038
palampur,10,2,0,1074
palampur,10,2,0,958
palampur,10,2,0,1005
palampur,10,2,0,851
palampur,10,2,0,981
palampur,10,2,0,977
palampur,10,2,0,1047
palampur,10,2,0,1027
palampur,10,2,0,1057
palampur,10,2,0,1038
palampur,10,2,0,1038
palampur,10,2,0,812
palampur,10,2,0,1032
palampur,10,2,0,965
palampur,10,2,0,901
palampur,10,2,0,810
palampur,10,2,0,984
palampur,10,2,0,886
palampur,10,2,0,925
palampur,10,2,0,985
palampur,10,2,0,1050
palampur,10,2,0,1026
palampur,10,2,0,921
palampur,10,2,0,903
palampur,10,2,0,862
palampur,10,2,0,899
palampur,10,2,0,825
palampur,10,2,0,1067
palampur,10,2,0,955
palampur,10,2,0,830
palampur,10,2,0,893
palampur,10,2,0,948
palampur,10,2,0,944
palampur,10,2,0,804
palampur,10,2,0,1061
palampur,10,2,0,871
palampur,10,2,0,799
palampur,10,3,0,816
palampur,10,3,0,957
palampur,10,3,0,833
palampur,10,3,0,806
palampur,10,3,0,901
palampur,10,3,0,969
palampur,10,3,0,826
palampur,10,3,0,882
palampur,10,3,0,911
palampur,10,3,0,839
palampur,10,3,0,936
palampur,10,3,0,818
palampur,10,3,0,807
palampur,10,3,0,940
palampur,10,3,0,864
palampur,10,3,0,821
palampur,10,3,0,913
palampur,10,3,0,1051
palampur,10,3,0,997
palampur,10,3,0,1023
palampur,10,3,0,1039
palampur,10,3,0,1067
palampur,10,3,0,1008
palampur,10,3,0,965
palampur,10,3,0,897
palampur,10,3,0,845
palampur,10,3,0,987
palampur,10,3,0,1073
palampur,10,3,0,925
palampur,10,3,0,997
palampur,10,3,0,933
palampur,10,3,0,915
palampur,10,3,0,909
palampur,10,3,0,936
palampur,10,3,0,897
palampur,10,3,0,1004
palampur,10,3,0,1039
palampur,10,3,0,1042
palampur,10,3,0,858
palampur,10,3,0,1046
palampur,10,3,0,890
palampur,10,3,0,881
palampur,10,3,0,998
palampur,10,3,0,880
palampur,10,3,0,809
palampur,10,3,0,899
palampur,10,3,0,997
palampur,10,3,0,886
palampur,10,3,0,971
palampur,10,3,0,979
palampur,10,4,0,1000
palampur,10,4,0,1046
palampur,10,4,0,916
palampur,10,4,0,841
palampur,10,4,0,884
palampur,10,4,0,915
palampur,10,4,0,994
palampur,10,4,0,798
palampur,10,4,0,883
palampur,10,4,0,1013
palampur,10,4,0,982
palampur,10,4,0,1000
palampur,10,4,0,1022
palampur,10,4,0,1014
palampur,10,4,0,986
palampur,10,4,0,918
palampur,10,4,0,1070
palampur,10,4,0,954
palampur,10,4,0,851
palampur,10,4,0,876
palampur,10,4,0,989
palampur,10,4,0,1054
palampur,10,4,0,844
palampur,10,4,0,817
palampur,10,4,0,1042
palampur,10,4,0,1051
palampur,10,4,0,872
palampur,10,4,0,900
palampur,10,4,0,979
palampur,10,4,0,887
palampur,10,4,0,1040
palampur,10,4,0,824
palampur,10,4,0,805
palampur,10,4,0,853
palampur,10,4,0,874
palampur,10,4,0,826
palampur,10,4,0,813
palampur,10,4,0,1006
palampur,10,4,0,840
palampur,10,4,0,1051
palampur,10,4,0,897
palampur,10,4,0,982
palampur,10,4,0,857
palampur,10,4,0,862
palampur,10,4,0,955
palampur,10,4,0,952
palampur,10,4,0,1010
palampur,10,4,0,1007
palampur,10,4,0,982
palampur,10,4,0,920
palampur,10,5,0,1671
palampur,10,5,0,1551
palampur,10,5,0,1716
palampur,10,5,0,1639
palampur,10,5,0,1291
palampur,10,5,0,1415
palampur,10,5,0,1528
palampur,10,5,0,1595
palampur,10,5,0,1518
palampur,10,5,0,1624
palampur,10,5,0,1398
palampur,10,5,0,1354
palampur,10,5,0,1295
palampur,10,5,0,1528
palampur,10,5,0,1580
palampur,10,5,0,1417
palampur,10,5,0,1546
palampur,10,5,0,1295
palampur,10,5,0,1316
palampur,10,5,0,1586
palampur,10,5,0,1436
palampur,10,5,0,1572
palampur,10,5,0,1644
palampur,10,5,0,1654
palampur,10,5,0,1348
palampur,10,5,0,1489
palampur,10,5,0,1600
palampur,10,5,0,1618
palampur,10,5,0,1623
palampur,10,5,0,1374
palampur,10,5,0,1358
palampur,10,5,0,1536
palampur,10,5,0,1604
palampur,10,5,0,1414
palampur,10,5,0,1318
palampur,10,5,0,1593
palampur,10,5,0,1406
palampur,10,5,0,1346
palampur,10,5,0,1337
palampur,10,5,0,1412
palampur,10,5,0,1537
palampur,10,5,0,1432
palampur,10,5,0,1280
palampur,10,5,0,1315
palampur,10,5,0,1401
palampur,10,5,0,1567
palampur,10,5,0,1315
palampur,10,5,0,1523
palampur,10,5,0,1325
palampur,10,5,0,1366
palampur,10,6,0,1348
palampur,10,6,0,1301
palampur,10,6,0,1572
palampur,10,6,0,1479
palampur,10,6,0,1644
palampur,10,6,0,1315
palampur,10,6,0,1336
palampur,10,6,0,1409
palampur,10,6,0,1615
palampur,10,6,0,1408
palampur,10,6,0,1454
palampur,10,6,0,1406
palampur,10,6,0,1307
palampur,10,6,0,1693
palampur,10,6,0,1517
palampur,10,6,0,1625
palampur,10,6,0,1567
palampur,10,6,0,1502
palampur,10,6,0,1311
palampur,10,6,0,1560
palampur,10,6,0,1341
palampur,10,6,0,1457
palampur,10,6,0,1553
palampur,10,6,0,1622
palampur,10,6,0,1579
palampur,10,6,0,1572
palampur,10,6,0,1338
palampur,10,6,0,1426
palampur,10,6,0,1290
palampur,10,6,0,1594
palampur,10,6,0,1699
palampur,10,6,0,1390
palampur,10,6,0,1310
palampur,10,6,0,1485
palampur,10,6,0,1656
palampur,10,6,0,1519
palampur,10,6,0,1292
palampur,10,6,0,1708
palampur,10,6,0,1643
palampur,10,6,0,1330
palampur,10,6,0,1685
palampur,10,6,0,1473
palampur,10,6,0,1438
palampur,10,6,0,1478
palampur,10,6,0,1646
palampur,10,6,0,1567
palampur,10,6,0,1298
palampur,10,6,0,1701
palampur,10,6,0,1337
palampur,10,6,0,1606
palampur,10,7,0,729
palampur,10,7,0,635
palampur,10,7,0,631
palampur,10,7,0,779
palampur,10,7,0,684
palampur,10,7,0,733
palampur,10,7,0,702
palampur,10,7,0,749
palampur,10,7,0,696
palampur,10,7,0,656
palampur,10,7,0,672
palampur,10,7,0,776
palampur,10,7,0,694
palampur,10,7,0,640
palampur,10,7,0,792
palampur,10,7,0,763
palampur,10,7,0,607
palampur,10,7,0,806
palampur,10,7,0,742
palampur,10,7,0,629
palampur,10,7,0,645
palampur,10,7,0,741
palampur,10,7,0,760
palampur,10,7,0,646
palampur,10,7,0,650
palampur,10,7,0,660
palampur,10,7,0,721
palampur,10,7,0,632
palampur,10,7,0,617
palampur,10,7,0,738
palampur,10,7,0,759
palampur,10,7,0,701
palampur,10,7,0,672
palampur,10,7,0,686
palampur,10,7,0,677
palampur,10,7,0,798
palampur,10,7,0,757
palampur,10,7,0,639
palampur,10,7,0,676
palampur,10,7,0,710
palampur,10,7,0,725
palampur,10,7,0,694
palampur,10,7,0,766
palampur,10,7,0,757
palampur,10,7,0,702
palampur,10,7,0,775
palampur,10,7,0,754
palampur,10,7,0,759
palampur,10,7,0,797
palampur,10,7,0,652
palampur,10,8,0,652
palampur,10,8,0,783
palampur,10,8,0,758
palampur,10,8,0,790
palampur,10,8,0,609
palampur,10,8,0,728
palampur,10,8,0,626
palampur,10,8,0,702
palampur,10,8,0,628
palampur,10,8,0,623
palampur,10,8,0,600
palampur,10,8,0,728
palampur,10,8,0,671
palampur,10,8,0,618
palampur,10,8,0,663
palampur,10,8,0,631
palampur,10,8,0,794
palampur,10,8,0,663
palampur,10,8,0,666
palampur,10,8,0,772
palampur,10,8,0,732
palampur,10,8,0,745
palampur,10,8,0,729
palampur,10,8,0,795
palampur,10,8,0,639
palampur,10,8,0,804
palampur,10,8,0,770
palampur,10,8,0,719
palampur,10,8,0,735
palampur,10,8,0,732
palampur,10,8,0,608
palampur,10,8,0,641
palampur,10,8,0,798
palampur,10,8,0,708
palampur,10,8,0,675
palampur,10,8,0,756
palampur,10,8,0,706
palampur,10,8,0,600
palampur,10,8,0,750
palampur,10,8,0,750
palampur,10,8,0,630
palampur,10,8,0,797
palampur,10,8,0,643
palampur,10,8,0,692
palampur,10,8,0,620
palampur,10,8,0,722
palampur,10,8,0,675
palampur,10,8,0,670
palampur,10,8,0,770
palampur,10,8,0,600
palampur,10,9,0,1018
palampur,10,9,0,955
palampur,10,9,0,1071
palampur,10,9,0,960
palampur,10,9,0,810
palampur,10,9,0,808
palampur,10,9,0,1042
palampur,10,9,0,1030
palampur,10,9,0,891
palampur,10,9,0,968
palampur,10,9,0,932
palampur,10,9,0,1066
palampur,10,9,0,1061
palampur,10,9,0,1070
palampur,10,9,0,1037
palampur,10,9,0,1049
palampur,10,9,0,855
palampur,10,9,0,1027
palampur,10,9,0,993
palampur,10,9,0,1064
palampur,10,9,0,954
palampur,10,9,0,818
palampur,10,9,0,962
palampur,10,9,0,987
palampur,10,9,0,856
palampur,10,9,0,905
palampur,10,9,0,962
palampur,10,9,0,899
palampur,10,9,0,899
palampur,10,9,0,832
palampur,10,9,0,1058
palampur,10,9,0,1005
palampur,10,9,0,795
palampur,10,9,0,1009
palampur,10,9,0,1002
palampur,10,9,0,797
palampur,10,9,0,898
palampur,10,9,0,964
palampur,10,9,0,921
palampur,10,9,0,1012
palampur,10,9,0,914
palampur,10,9,0,837
palampur,10,9,0,1068
palampur,10,9,0,862
palampur,10,9,0,996
palampur,10,9,0,834
palampur,10,9,0,887
palampur,10,9,0,918
palampur,10,9,0,848
palampur,10,9,0,920
palampur,10,10,0,838
palampur,10,10,0,951
palampur,10,10,0,980
palampur,10,10,0,812
palampur,10,10,0,1039
palampur,10,10,0,846
palampur,10,10,0,857
palampur,10,10,0,980
palampur,10,10,0,926
palampur,10,10,0,934
palampur,10,10,0,830
palampur,10,10,0,1020
palampur,10,10,0,967
palampur,10,10,0,832
palampur,10,10,0,899
palampur,10,10,0,1022
palampur,10,10,0,954
palampur,10,10,0,825
palampur,10,10,0,899
palampur,10,10,0,862
palampur,10,10,0,939
palampur,10,10,0,1031
palampur,10,10,0,917
palampur,10,10,0,916
palampur,10,10,0,1048
palampur,10,10,0,956
palampur,10,10,0,953
palampur,10,10,0,868
palampur,10,10,0,965
palampur,10,10,0,956
palampur,10,10,0,906
palampur,10,10,0,1072
palampur,10,10,0,1042
palampur,10,10,0,1005
palampur,10,10,0,945
palampur,10,10,0,924
palampur,10,10,0,846
palampur,10,10,0,880
palampur,10,10,0,1011
palampur,10,10,0,922
palampur,10,10,0,1042
palampur,10,10,0,836
palampur,10,10,0,937
palampur,10,10,0,976
palampur,10,10,0,939
palampur,10,10,0,1044
palampur,10,10,0,1072
palampur,10,10,0,827
palampur,10,10,0,831
palampur,10,10,0,831
palampur,10,11,0,985
palampur,10,11,0,899
palampur,10,11,0,1000
palampur,10,11,0,908
palampur,10,11,0,970
palampur,10,11,0,1010
palampur,10,11,0,948
palampur,10,11,0,946
palampur,10,11,0,819
palampur,10,11,0,909
palampur,10,11,0,947
palampur,10,11,0,924
palampur,10,11,0,1047
palampur,10,11,0,1049
palampur,10,11,0,1025
palampur,10,11,0,900
palampur,10,11,0,995
palampur,10,11,0,905
palampur,10,11,0,859
palampur,10,11,0,890
palampur,10,11,0,814
palampur,10,11,0,887
palampur,10,11,0,923
palampur,10,11,0,1062
palampur,10,11,0,882
palampur,10,11,0,1047
palampur,10,11,0,858
palampur,10,11,0,848
palampur,10,11,0,940
palampur,10,11,0,983
palampur,10,11,0,807
palampur,10,11,0,856
palampur,10,11,0,922
palampur,10,11,0,887
palampur,10,11,0,994
palampur,10,11,0,938
palampur,10,11,0,839
palampur,10,11,0,1045
palampur,10,11,0,876
palampur,10,11,0,999
palampur,10,11,0,1013
palampur,10,11,0,1064
palampur,10,11,0,934
palampur,10,11,0,967
palampur,10,11,0,888
palampur,10,11,0,984
palampur,10,11,0,924
palampur,10,11,0,917
palampur,10,11,0,1034
palampur,10,11,0,808
palampur,10,12,0,1458
palampur,10,12,0,1447
palampur,10,12,0,1311
palampur,10,12,0,1305
palampur,10,12,0,1254
palampur,10,12,0,1503
palampur,10,12,0,1156
palampur,10,12,0,1344
palampur,10,12,0,1380
palampur,10,12,0,1479
palampur,10,12,0,1419
palampur,10,12,0,1365
palampur,10,12,0,1158
palampur,10,12,0,1259
palampur,10,12,0,1167
palampur,10,12,0,1458
palampur,10,12,0,1407
palampur,10,12,0,1410
palampur,10,12,0,1368
palampur,10,12,0,1311
palampur,10,12,0,1171
palampur,10,12,0,1242
palampur,10,12,0,1166
palampur,10,12,0,1397
palampur,10,12,0,1175
palampur,10,12,0,1388
palampur,10,12,0,1384
palampur,10,12,0,1293
palampur,10,12,0,1165
palampur,10,12,0,1236
palampur,10,12,0,1238
palampur,10,12,0,1387
palampur,10,12,0,1157
palampur,10,12,0,1438
palampur,10,12,0,1411
palampur,10,12,0,1185
palampur,10,12,0,1395
palampur,10,12,0,1375
palampur,10,12,0,1406
palampur,10,12,0,1186
palampur,10,12,0,1174
palampur,10,12,0,1205
palampur,10,12,0,1256
palampur,10,12,0,1424
palampur,10,12,0,1402
palampur,10,12,0,1476
palampur,10,12,0,1135
palampur,10,12,0,1117
palampur,10,12,0,1387
palampur,10,12,0,1222
palampur,10,1,1,2261
palampur,10,1,1,2413
palampur,10,1,1,2096
palampur,10,1,1,2481
palampur,10,1,1,2255
palampur,10,1,1,2474
palampur,10,1,1,2618
palampur,10,1,1,2145
palampur,10,1,1,2687
palampur,10,1,1,2401
palampur,10,1,1,2681
palampur,10,1,1,2171
palampur,10,1,1,2454
palampur,10,1,1,2311
palampur,10,1,1,2575
palampur,10,1,1,2455
palampur,10,1,1,2376
palampur,10,1,1,2674
palampur,10,1,1,2292
palampur,10,1,1,2180
palampur,10,1,1,2457
palampur,10,1,1,2468
palampur,10,1,1,2336
palampur,10,1,1,2370
palampur,10,1,1,2708
palampur,10,1,1,2546
palampur,10,1,1,2101
palampur,10,1,1,2174
palampur,10,1,1,2719
palampur,10,1,1,2541
palampur,10,1,1,2676
palampur,10,1,1,2239
palampur,10,1,1,2552
palampur,10,1,1,2532
palampur,10,1,1,2233
palampur,10,1,1,2416
palampur,10,1,1,2470
palampur,10,1,1,2366
palampur,10,1,1,2613
palampur,10,1,1,2617
palampur,10,1,1,2630
palampur,10,1,1,2596
palampur,10,1,1,2371
palampur,10,1,1,2295
palampur,10,1,1,2616
palampur,10,1,1,2373
palampur,10,1,1,2198
palampur,10,1,1,2385
palampur,10,1,1,2124
palampur,10,1,1,2516
palampur,10,2,1,1616
palampur,10,2,1,1577
palampur,10,2,1,1932
palampur,10,2,1,1841
palampur,10,2,1,1846
palampur,10,2,1,1763
palampur,10,2,1,1872
palampur,10,2,1,1832
palampur,10,2,1,1750
palampur,10,2,1,1935
palampur,10,2,1,1542
palampur,10,2,1,1926
palampur,10,2,1,1649
palampur,10,2,1,1714
palampur,10,2,1,1507
palampur,10,2,1,1720
palampur,10,2,1,1756
palampur,10,2,1,1953
palampur,10,2,1,1942
palampur,10,2,1,1937
palampur,10,2,1,1622
palampur,10,2,1,1950
palampur,10,2,1,1677
palampur,10,2,1,1879
palampur,10,2,1,1555
palampur,10,2,1,1702
palampur,10,2,1,1937
palampur,10,2,1,1927
palampur,10,2,1,1793
palampur,10,2,1,1851
palampur,10,2,1,1534
palampur,10,2,1,1813
palampur,10,2,1,1760
palampur,10,2,1,1491
palampur,10,2,1,1502
palampur,10,2,1,1500
palampur,10,2,1,1814
palampur,10,2,1,1517
palampur,10,2,1,1683
palampur,10,2,1,1627
palampur,10,2,1,1725
palampur,10,2,1,1805
palampur,10,2,1,1794
palampur,10,2,1,1707
palampur,10,2,1,1681
palampur,10,2,1,1647
palampur,10,2,1,1884
palampur,10,2,1,1613
palampur,10,2,1,1577
palampur,10,2,1,1824
palampur,10,3,1,1628
palampur,10,3,1,1876
palampur,10,3,1,1612
palampur,10,3,1,1802
palampur,10,3,1,1468
palampur,10,3,1,1641
palampur,10,3,1,1620
palampur,10,3,1,1861
palampur,10,3,1,1938
palampur,10,3,1,1680
palampur,10,3,1,1865
palampur,10,3,1,1801
palampur,10,3,1,1938
palampur,10,3,1,1858
palampur,10,3,1,1484
palampur,10,3,1,1808
palampur,10,3,1,1718
palampur,10,3,1,1453
palampur,10,3,1,1573
palampur,10,3,1,1915
palampur,10,3,1,1917
palampur,10,3,1,1852
palampur,10,3,1,1945
palampur,10,3,1,1856
palampur,10,3,1,1450
palampur,10,3,1,1591
palampur,10,3,1,1460
palampur,10,3,1,1492
palampur,10,3,1,1556
palampur,10,3,1,1701
palampur,10,3,1,1877
palampur,10,3,1,1884
palampur,10,3,1,1759
palampur,10,3,1,1918
palampur,10,3,1,1700
palampur,10,3,1,1898
palampur,10,3,1,1676
palampur,10,3,1,1586
palampur,10,3,1,1912
palampur,10,3,1,1642
palampur,10,3,1,1701
palampur,10,3,1,1612
palampur,10,3,1,1783
palampur,10,3,1,1952
palampur,10,3,1,1458
palampur,10,3,1,1903
palampur,10,3,1,1447
palampur,10,3,1,1630
palampur,10,3,1,1530
palampur,10,3,1,1831
palampur,10,4,1,1470
palampur,10,4,1,1727
palampur,10,4,1,1595
palampur,10,4,1,1513
palampur,10,4,1,1838
palampur,10,4,1,1555
palampur,10,4,1,1559
palampur,10,4,1,1585
palampur,10,4,1,1744
palampur,10,4,1,1781
palampur,10,4,1,1453
palampur,10,4,1,1568
palampur,10,4,1,1664
palampur,10,4,1,1614
palampur,10,4,1,1895
palampur,10,4,1,1846
palampur,10,4,1,1764
palampur,10,4,1,1617
palampur,10,4,1,1802
palampur,10,4,1,1875
palampur,10,4,1,1748
palampur,10,4,1,1845
palampur,10,4,1,1827
palampur,10,4,1,1736
palampur,10,4,1,1604
palampur,10,4,1,1825
palampur,10,4,1,1550
palampur,10,4,1,1842
palampur,10,4,1,1855
palampur,10,4,1,1864
palampur,10,4,1,1686
palampur,10,4,1,1543
palampur,10,4,1,1495
palampur,10,4,1,1824
palampur,10,4,1,1896
palampur,10,4,1,1776
palampur,10,4,1,1518
palampur,10,4,1,1921
palampur,10,4,1,1949
palampur,10,4,1,1666
palampur,10,4,1,1748
palampur,10,4,1,1841
palampur,10,4,1,1820
palampur,10,4,1,1938
palampur,10,4,1,1503
palampur,10,4,1,1741
palampur,10,4,1,1797
palampur,10,4,1,1898
palampur,10,4,1,1890
palampur,10,4,1,1943
palampur,10,5,1,2729
palampur,10,5,1,2989
palampur,10,5,1,2660
palampur,10,5,1,2656
palampur,10,5,1,2518
palampur,10,5,1,2979
palampur,10,5,1,3116
palampur,10,5,1,2521
palampur,10,5,1,2357
palampur,10,5,1,2977
palampur,10,5,1,2818
palampur,10,5,1,3095
palampur,10,5,1,2517
palampur,10,5,1,2369
palampur,10,5,1,2713
palampur,10,5,1,2381
palampur,10,5,1,2525
palampur,10,5,1,2414
palampur,10,5,1,2494
palampur,10,5,1,2398
palampur,10,5,1,3090
palampur,10,5,1,2539
palampur,10,5,1,2674
palampur,10,5,1,3045
palampur,10,5,1,2864
palampur,10,5,1,2816
palampur,10,5,1,2887
palampur,10,5,1,2988
palampur,10,5,1,3028
palampur,10,5,1,2836
palampur,10,5,1,3038
palampur,10,5,1,2748
palampur,10,5,1,2538
palampur,10,5,1,3030
palampur,10,5,1,2753
palampur,10,5,1,3051
palampur,10,5,1,2344
palampur,10,5,1,2636
palampur,10,5,1,3085
palampur,10,5,1,2515
palampur,10,5,1,3080
palampur,10,5,1,3090
palampur,10,5,1,3031
palampur,10,5,1,2771
palampur,10,5,1,2839
palampur,10,5,1,3021
palampur,10,5,1,2945
palampur,10,5,1,2826
palampur,10,5,1,3113
palampur,10,5,1,2871
palampur,10,6,1,3107
palampur,10,6,1,2358
palampur,10,6,1,2425
palampur,10,6,1,2680
palampur,10,6,1,2626
palampur,10,6,1,2950
palampur,10,6,1,2443
palampur,10,6,1,3108
palampur,10,6,1,2569
palampur,10,6,1,2662
palampur,10,6,1,2536
palampur,10,6,1,2784
palampur,10,6,1,2359
palampur,10,6,1,2434
palampur,10,6,1,2920
palampur,10,6,1,2464
palampur,10,6,1,2504
palampur,10,6,1,2959
palampur,10,6,1,2388
palampur,10,6,1,2668
palampur,10,6,1,2330
palampur,10,6,1,2594
palampur,10,6,1,2882
palampur,10,6,1,2385
palampur,10,6,1,3036
palampur,10,6,1,3054
palampur,10,6,1,2397
palampur,10,6,1,3120
palampur,10,6,1,2554
palampur,10,6,1,2380
palampur,10,6,1,2316
palampur,10,6,1,2645
palampur,10,6,1,2825
palampur,10,6,1,2583
palampur,10,6,1,2994
palampur,10,6,1,2896
palampur,10,6,1,2597
palampur,10,6,1,2911
palampur,10,6,1,3079
palampur,10,6,1,2387
palampur,10,6,1,2561
palampur,10,6,1,2690
palampur,10,6,1,2718
palampur,10,6,1,2754
palampur,10,6,1,2557
palampur,10,6,1,2856
palampur,10,6,1,2838
palampur,10,6,1,2783
palampur,10,6,1,2404
palampur,10,6,1,2701
palampur,10,7,1,1220
palampur,10,7,1,1271
palampur,10,7,1,1436
palampur,10,7,1,1267
palampur,10,7,1,1089
palampur,10,7,1,1251
palampur,10,7,1,1397
palampur,10,7,1,1382
palampur,10,7,1,1280
palampur,10,7,1,1179
palampur,10,7,1,1261
palampur,10,7,1,1299
palampur,10,7,1,1466
palampur,10,7,1,1330
palampur,10,7,1,1349
palampur,10,7,1,1271
palampur,10,7,1,1219
palampur,10,7,1,1394
palampur,10,7,1,1273
palampur,10,7,1,1464
palampur,10,7,1,1258
palampur,10,7,1,1109
palampur,10,7,1,1344
palampur,10,7,1,1101
palampur,10,7,1,1179
palampur,10,7,1,1219
palampur,10,7,1,1366
palampur,10,7,1,1272
palampur,10,7,1,1094
palampur,10,7,1,1319
palampur,10,7,1,1241
palampur,10,7,1,1436
palampur,10,7,1,1274
palampur,10,7,1,1354
palampur,10,7,1,1167
palampur,10,7,1,1374
palampur,10,7,1,1359
palampur,10,7,1,1429
palampur,10,7,1,1096
palampur,10,7,1,1254
palampur,10,7,1,1343
palampur,10,7,1,1120
palampur,10,7,1,1240
palampur,10,7,1,1444
palampur,10,7,1,1250
palampur,10,7,1,1460
palampur,10,7,1,1105
palampur,10,7,1,1358
palampur,10,7,1,1305
palampur,10,7,1,1275
palampur,10,8,1,1455
palampur,10,8,1,1133
palampur,10,8,1,1426
palampur,10,8,1,1348
palampur,10,8,1,1182
palampur,10,8,1,1428
palampur,10,8,1,1247
palampur,10,8,1,1395
palampur,10,8,1,1232
palampur,10,8,1,1409
palampur,10,8,1,1327
palampur,10,8,1,1137
palampur,10,8,1,1332
palampur,10,8,1,1156
palampur,10,8,1,1241
palampur,10,8,1,1148
palampur,10,8,1,1092
palampur,10,8,1,1164
palampur,10,8,1,1288
palampur,10,8,1,1267
palampur,10,8,1,1275
palampur,10,8,1,1178
palampur,10,8,1,1345
palampur,10,8,1,1353
palampur,10,8,1,1220
palampur,10,8,1,1420
palampur,10,8,1,1330
palampur,10,8,1,1356
palampur,10,8,1,1189
palampur,10,8,1,1083
palampur,10,8,1,1414
palampur,10,8,1,1398
palampur,10,8,1,1130
palampur,10,8,1,1226
palampur,10,8,1,1336
palampur,10,8,1,1333
palampur,10,8,1,1412
palampur,10,8,1,1137
palampur,10,8,1,1248
palampur,10,8,1,1120
palampur,10,8,1,1232
palampur,10,8,1,1089
palampur,10,8,1,1427
palampur,10,8,1,1285
palampur,10,8,1,1408
palampur,10,8,1,1106
palampur,10,8,1,1170
palampur,10,8,1,1182
palampur,10,8,1,1231
palampur,10,8,1,1390
palampur,10,9,1,1642
palampur,10,9,1,1549
palampur,10,9,1,1478
palampur,10,9,1,1485
palampur,10,9,1,1832
palampur,10,9,1,1671
palampur,10,9,1,1815
palampur,10,9,1,1792
palampur,10,9,1,1514
palampur,10,9,1,1517
palampur,10,9,1,1830
palampur,10,9,1,1812
palampur,10,9,1,1637
palampur,10,9,1,1484
palampur,10,9,1,1451
palampur,10,9,1,1591
palampur,10,9,1,1449
palampur,10,9,1,1562
palampur,10,9,1,1658
palampur,10,9,1,1506
palampur,10,9,1,1498
palampur,10,9,1,1902
palampur,10,9,1,1743
palampur,10,9,1,1921
palampur,10,9,1,1621
palampur,10,9,1,1790
palampur,10,9,1,1549
palampur,10,9,1,1760
palampur,10,9,1,1511
palampur,10,9,1,1446
palampur,10,9,1,1920
palampur,10,9,1,1727
palampur,10,9,1,1917
palampur,10,9,1,1615
palampur,10,9,1,1612
palampur,10,9,1,1649
palampur,10,9,1,1805
palampur,10,9,1,1733
palampur,10,9,1,1916
palampur,10,9,1,1457
palampur,10,9,1,1806
palampur,10,9,1,1613
palampur,10,9,1,1536
palampur,10,9,1,1705
palampur,10,9,1,1702
palampur,10,9,1,1514
palampur,10,9,1,1547
palampur,10,9,1,1653
palampur,10,9,1,1653
palampur,10,9,1,1606
palampur,10,10,1,1520
palampur,10,10,1,1447
palampur,10,10,1,1939
palampur,10,10,1,1926
palampur,10,10,1,1691
palampur,10,10,1,1952
palampur,10,10,1,1788
palampur,10,10,1,1480
palampur,10,10,1,1505
palampur,10,10,1,1912
palampur,10,10,1,1766
palampur,10,10,1,1875
palampur,10,10,1,1903
palampur,10,10,1,1673
palampur,10,10,1,1469
palampur,10,10,1,1541
palampur,10,10,1,1478
palampur,10,10,1,1541
palampur,10,10,1,1654
palampur,10,10,1,1505
palampur,10,10,1,1530
palampur,10,10,1,1672
palampur,10,10,1,1618
palampur,10,10,1,1683
palampur,10,10,1,1663
palampur,10,10,1,1773
palampur,10,10,1,1922
palampur,10,10,1,1500
palampur,10,10,1,1495
palampur,10,10,1,1879
palampur,10,10,1,1703
palampur,10,10,1,1835
palampur,10,10,1,1554
palampur,10,10,1,1867
palampur,10,10,1,1916
palampur,10,10,1,1769
palampur,10,10,1,1498
palampur,10,10,1,1901
palampur,10,10,1,1849
palampur,10,10,1,1827
palampur,10,10,1,1463
palampur,10,10,1,1852
palampur,10,10,1,1515
palampur,10,10,1,1558
palampur,10,10,1,1739
palampur,10,10,1,1580
palampur,10,10,1,1782
palampur,10,10,1,1755
palampur,10,10,1,1500
palampur,10,10,1,1779
palampur,10,11,1,1916
palampur,10,11,1,1527
palampur,10,11,1,1749
palampur,10,11,1,1619
palampur,10,11,1,1679
palampur,10,11,1,1591
palampur,10,11,1,1625
palampur,10,11,1,1459
palampur,10,11,1,1945
palampur,10,11,1,1763
palampur,10,11,1,1700
palampur,10,11,1,1640
palampur,10,11,1,1720
palampur,10,11,1,1638
palampur,10,11,1,1628
palampur,10,11,1,1681
palampur,10,11,1,1585
palampur,10,11,1,1536
palampur,10,11,1,1728
palampur,10,11,1,1874
palampur,10,11,1,1522
palampur,10,11,1,1461
palampur,10,11,1,1570
palampur,10,11,1,1944
palampur,10,11,1,1867
palampur,10,11,1,1748
palampur,10,11,1,1918
palampur,10,11,1,1672
palampur,10,11,1,1946
palampur,10,11,1,1596
palampur,10,11,1,1567
palampur,10,11,1,1770
palampur,10,11,1,1637
palampur,10,11,1,1764
palampur,10,11,1,1600
palampur,10,11,1,1760
palampur,10,11,1,1585
palampur,10,11,1,1470
palampur,10,11,1,1910
palampur,10,11,1,1895
palampur,10,11,1,1940
palampur,10,11,1,1810
palampur,10,11,1,1793
palampur,10,11,1,1730
palampur,10,11,1,1509
palampur,10,11,1,1541
palampur,10,11,1,1592
palampur,10,11,1,1898
palampur,10,11,1,1533
palampur,10,11,1,1915
palampur,10,12,1,2396
palampur,10,12,1,2533
palampur,10,12,1,2101
palampur,10,12,1,2215
palampur,10,12,1,2707
palampur,10,12,1,2213
palampur,10,12,1,2234
palampur,10,12,1,2164
palampur,10,12,1,2115
palampur,10,12,1,2189
palampur,10,12,1,2481
palampur,10,12,1,2348
palampur,10,12,1,2418
palampur,10,12,1,2110
palampur,10,12,1,2595
palampur,10,12,1,2582
palampur,10,12,1,2038
palampur,10,12,1,2296
palampur,10,12,1,2072
palampur,10,12,1,2588
palampur,10,12,1,2549
palampur,10,12,1,2667
palampur,10,12,1,2191
palampur,10,12,1,2348
palampur,10,12,1,2154
palampur,10,12,1,2288
palampur,10,12,1,2395
palampur,10,12,1,2061
palampur,10,12,1,2533
palampur,10,12,1,2410
palampur,10,12,1,2614
palampur,10,12,1,2217
palampur,10,12,1,2667
palampur,10,12,1,2736
palampur,10,12,1,2679
palampur,10,12,1,2578
palampur,10,12,1,2603
palampur,10,12,1,2432
palampur,10,12,1,2158
palampur,10,12,1,2506
palampur,10,12,1,2531
palampur,10,12,1,2726
palampur,10,12,1,2409
palampur,10,12,1,2216
palampur,10,12,1,2511
palampur,10,12,1,2722
palampur,10,12,1,2149
palampur,10,12,1,2255
palampur,10,12,1,2409
palampur,10,12,1,2144
palampur,10,1,2,5097
palampur,10,1,2,5659
palampur,10,1,2,6602
palampur,10,1,2,5135
palampur,10,1,2,5823
palampur,10,1,2,6418
palampur,10,1,2,6758
palampur,10,1,2,6816
palampur,10,1,2,5810
palampur,10,1,2,6753
palampur,10,1,2,5120
palampur,10,1,2,6388
palampur,10,1,2,6204
palampur,10,1,2,5502
palampur,10,1,2,5963
palampur,10,1,2,5288
palampur,10,1,2,6613
palampur,10,1,2,5696
palampur,10,1,2,6174
palampur,10,1,2,5340
palampur,10,1,2,5425
palampur,10,1,2,6828
palampur,10,1,2,6401
palampur,10,1,2,6774
palampur,10,1,2,5585
palampur,10,1,2,5351
palampur,10,1,2,5955
palampur,10,1,2,5940
palampur,10,1,2,5369
palampur,10,1,2,6366
palampur,10,1,2,5703
palampur,10,1,2,5390
palampur,10,1,2,5650
palampur,10,1,2,6063
palampur,10,1,2,6354
palampur,10,1,2,5917
palampur,10,1,2,5995
palampur,10,1,2,5305
palampur,10,1,2,6690
palampur,10,1,2,6715
palampur,10,1,2,6277
palampur,10,1,2,5088
palampur,10,1,2,6016
palampur,10,1,2,6180
palampur,10,1,2,6832
palampur,10,1,2,6835
palampur,10,1,2,6588
palampur,10,1,2,5171
palampur,10,1,2,6759
palampur,10,1,2,6151
palampur,10,2,2,4633
palampur,10,2,2,4131
palampur,10,2,2,4020
palampur,10,2,2,4203
palampur,10,2,2,3799
palampur,10,2,2,4067
palampur,10,2,2,4705
palampur,10,2,2,3660
palampur,10,2,2,3804
palampur,10,2,2,3772
palampur,10,2,2,4126
palampur,10,2,2,4883
palampur,10,2,2,3833
palampur,10,2,2,3797
palampur,10,2,2,4779
palampur,10,2,2,4737
palampur,10,2,2,3653
palampur,10,2,2,4570
palampur,10,2,2,4448
palampur,10,2,2,4591
palampur,10,2,2,4242
palampur,10,2,2,4876
palampur,10,2,2,3668
palampur,10,2,2,3911
palampur,10,2,2,4118
palampur,10,2,2,4185
palampur,10,2,2,4787
palampur,10,2,2,4326
palampur,10,2,2,3670
palampur,10,2,2,4132
palampur,10,2,2,4143
palampur,10,2,2,4843
palampur,10,2,2,4376
palampur,10,2,2,4422
palampur,10,2,2,4521
palampur,10,2,2,4594
palampur,10,2,2,4422
palampur,10,2,2,3914
palampur,10,2,2,4726
palampur,10,2,2,4545
palampur,10,2,2,4558
palampur,10,2,2,4883
palampur,10,2,2,4635
palampur,10,2,2,4669
palampur,10,2,2,4825
palampur,10,2,2,3805
palampur,10,2,2,4247
palampur,10,2,2,4352
palampur,10,2,2,4032
palampur,10,2,2,4682
palampur,10,3,2,4584
palampur,10,3,2,4531
palampur,10,3,2,4883
palampur,10,3,2,3943
palampur,10,3,2,4550
palampur,10,3,2,4315
palampur,10,3,2,4011
palampur,10,3,2,3817
palampur,10,3,2,4754
palampur,10,3,2,4371
palampur,10,3,2,4664
palampur,10,3,2,4307
palampur,10,3,2,3892
palampur,10,3,2,4042
palampur,10,3,2,4098
palampur,10,3,2,4852
palampur,10,3,2,3619
palampur,10,3,2,4869
palampur,10,3,2,4862
palampur,10,3,2,4882
palampur,10,3,2,4220
palampur,10,3,2,4841
palampur,10,3,2,4116
palampur,10,3,2,3646
palampur,10,3,2,3898
palampur,10,3,2,4817
palampur,10,3,2,3630
palampur,10,3,2,4308
palampur,10,3,2,3708
palampur,10,3,2,3977
palampur,10,3,2,3724
palampur,10,3,2,4708
palampur,10,3,2,4366
palampur,10,3,2,4762
palampur,10,3,2,4490
palampur,10,3,2,4850
palampur,10,3,2,4262
palampur,10,3,2,4426
palampur,10,3,2,4347
palampur,10,3,2,4229
palampur,10,3,2,4691
palampur,10,3,2,4434
palampur,10,3,2,4634
palampur,10,3,2,4615
palampur,10,3,2,3856
palampur,10,3,2,4441
palampur,10,3,2,3867
palampur,10,3,2,4356
palampur,10,3,2,4476
palampur,10,3,2,4883
palampur,10,4,2,3651
palampur,10,4,2,3728
palampur,10,4,2,3710
palampur,10,4,2,4120
palampur,10,4,2,4660
palampur,10,4,2,4688
palampur,10,4,2,4552
palampur,10,4,2,4756
palampur,10,4,2,4024
palampur,10,4,2,3724
palampur,10,4,2,3686
palampur,10,4,2,4698
palampur,10,4,2,4543
palampur,10,4,2,4503
palampur,10,4,2,4045
palampur,10,4,2,4096
palampur,10,4,2,4834
palampur,10,4,2,3693
palampur,10,4,2,4599
palampur,10,4,2,4007
palampur,10,4,2,3662
palampur,10,4,2,4559
palampur,10,4,2,4034
palampur,10,4,2,4533
palampur,10,4,2,4514
palampur,10,4,2,4294
palampur,10,4,2,4603
palampur,10,4,2,4353
palampur,10,4,2,3977
palampur,10,4,2,4548
palampur,10,4,2,4363
palampur,10,4,2,3628
palampur,10,4,2,4762
palampur,10,4,2,4308
palampur,10,4,2,4719
palampur,10,4,2,4737
palampur,10,4,2,4179
palampur,10,4,2,4259
palampur,10,4,2,4142
palampur,10,4,2,4185
palampur,10,4,2,4753
palampur,10,4,2,4617
palampur,10,4,2,3773
palampur,10,4,2,4390
palampur,10,4,2,4882
palampur,10,4,2,4371
palampur,10,4,2,4614
palampur,10,4,2,4593
palampur,10,4,2,4059
palampur,10,4,2,4086
palampur,10,5,2,7257
palampur,10,5,2,6799
palampur,10,5,2,6943
palampur,10,5,2,7234
palampur,10,5,2,7366
palampur,10,5,2,6333
palampur,10,5,2,6079
palampur,10,5,2,6375
palampur,10,5,2,6815
palampur,10,5,2,6477
palampur,10,5,2,6939
palampur,10,5,2,5889
palampur,10,5,2,6819
palampur,10,5,2,6530
palampur,10,5,2,6870
palampur,10,5,2,6641
palampur,10,5,2,6359
palampur,10,5,2,7624
palampur,10,5,2,6156
palampur,10,5,2,7169
palampur,10,5,2,7666
palampur,10,5,2,6878
palampur,10,5,2,7567
palampur,10,5,2,6034
palampur,10,5,2,6787
palampur,10,5,2,6712
palampur,10,5,2,5796
palampur,10,5,2,6684
palampur,10,5,2,6532
palampur,10,5,2,7146
palampur,10,5,2,7694
palampur,10,5,2,5955
palampur,10,5,2,6448
palampur,10,5,2,6685
palampur,10,5,2,6708
palampur,10,5,2,7360
palampur,10,5,2,6684
palampur,10,5,2,5835
palampur,10,5,2,7228
palampur,10,5,2,7585
palampur,10,5,2,6828
palampur,10,5,2,6965
palampur,10,5,2,6112
palampur,10,5,2,6230
palampur,10,5,2,6259
palampur,10,5,2,6658
palampur,10,5,2,7673
palampur,10,5,2,6844
palampur,10,5,2,6171
palampur,10,5,2,6322
palampur,10,6,2,6563
palampur,10,6,2,7051
palampur,10,6,2,6677
palampur,10,6,2,6580
palampur,10,6,2,6932
palampur,10,6,2,6273
palampur,10,6,2,5940
palampur,10,6,2,5829
palampur,10,6,2,6292
palampur,10,6,2,5966
palampur,10,6,2,6466
palampur,10,6,2,7356
palampur,10,6,2,7241
palampur,10,6,2,7026
palampur,10,6,2,7519
palampur,10,6,2,6355
palampur,10,6,2,7585
palampur,10,6,2,6594
palampur,10,6,2,6597
palampur,10,6,2,6606
palampur,10,6,2,5980
palampur,10,6,2,7770
palampur,10,6,2,6062
palampur,10,6,2,6475
palampur,10,6,2,6431
palampur,10,6,2,5932
palampur,10,6,2,6090
palampur,10,6,2,5871
palampur,10,6,2,6376
palampur,10,6,2,7547
palampur,10,6,2,6472
palampur,10,6,2,6032
palampur,10,6,2,7097
palampur,10,6,2,7813
palampur,10,6,2,6253
palampur,10,6,2,6350
palampur,10,6,2,7762
palampur,10,6,2,6144
palampur,10,6,2,6822
palampur,10,6,2,6268
palampur,10,6,2,7681
palampur,10,6,2,7782
palampur,10,6,2,7441
palampur,10,6,2,6422
palampur,10,6,2,6603
palampur,10,6,2,6274
palampur,10,6,2,7597
palampur,10,6,2,7645
palampur,10,6,2,6634
palampur,10,6,2,7119
palampur,10,7,2,2867
palampur,10,7,2,3125
palampur,10,7,2,3313
palampur,10,7,2,3077
palampur,10,7,2,3051
palampur,10,7,2,2710
palampur,10,7,2,3478
palampur,10,7,2,3559
palampur,10,7,2,3636
palampur,10,7,2,3397
palampur,10,7,2,3234
palampur,10,7,2,2966
palampur,10,7,2,3664
palampur,10,7,2,3273
palampur,10,7,2,3360
palampur,10,7,2,3361
palampur,10,7,2,3517
palampur,10,7,2,2718
palampur,10,7,2,2919
palampur,10,7,2,3345
palampur,10,7,2,3565
palampur,10,7,2,3364
palampur,10,7,2,3104
palampur,10,7,2,3055
palampur,10,7,2,3415
palampur,10,7,2,3418
palampur,10,7,2,3289
palampur,10,7,2,2988
palampur,10,7,2,3594
palampur,10,7,2,3237
palampur,10,7,2,3465
palampur,10,7,2,2914
palampur,10,7,2,3038
palampur,10,7,2,3545
palampur,10,7,2,2757
palampur,10,7,2,3199
palampur,10,7,2,3170
palampur,10,7,2,3427
palampur,10,7,2,2978
palampur,10,7,2,2918
palampur,10,7,2,3594
palampur,10,7,2,3256
palampur,10,7,2,2809
palampur,10,7,2,2893
palampur,10,7,2,3664
palampur,10,7,2,2896
palampur,10,7,2,3293
palampur,10,7,2,3111
palampur,10,7,2,3556
palampur,10,7,2,3431
palampur,10,8,2,3280
palampur,10,8,2,2719
palampur,10,8,2,3550
palampur,10,8,2,3134
palampur,10,8,2,3600
palampur,10,8,2,3183
palampur,10,8,2,3373
palampur,10,8,2,2775
palampur,10,8,2,3421
palampur,10,8,2,3032
palampur,10,8,2,3045
palampur,10,8,2,2822
palampur,10,8,2,2849
palampur,10,8,2,2887
palampur,10,8,2,3023
palampur,10,8,2,3562
palampur,10,8,2,3061
palampur,10,8,2,3402
palampur,10,8,2,2788
palampur,10,8,2,3274
palampur,10,8,2,3170
palampur,10,8,2,3644
palampur,10,8,2,3518
palampur,10,8,2,3144
palampur,10,8,2,3450
palampur,10,8,2,2893
palampur,10,8,2,3247
palampur,10,8,2,2780
palampur,10,8,2,3042
palampur,10,8,2,2925
palampur,10,8,2,3396
palampur,10,8,2,3178
palampur,10,8,2,3427
palampur,10,8,2,3202
palampur,10,8,2,2792
palampur,10,8,2,3412
palampur,10,8,2,3506
palampur,10,8,2,3573
palampur,10,8,2,3256
palampur,10,8,2,3429
palampur,10,8,2,3428
palampur,10,8,2,2858
palampur,10,8,2,2866
palampur,10,8,2,2777
palampur,10,8,2,3015
palampur,10,8,2,3162
palampur,10,8,2,3663
palampur,10,8,2,3121
palampur,10,8,2,3403
palampur,10,8,2,3372
palampur,10,9,2,3873
palampur,10,9,2,3687
palampur,10,9,2,4308
palampur,10,9,2,4505
palampur,10,9,2,4885
palampur,10,9,2,4069
palampur,10,9,2,4755
palampur,10,9,2,4099
palampur,10,9,2,4491
palampur,10,9,2,4375
palampur,10,9,2,3680
palampur,10,9,2,3712
palampur,10,9,2,3638
palampur,10,9,2,4085
palampur,10,9,2,4563
palampur,10,9,2,3832
palampur,10,9,2,4384
palampur,10,9,2,3980
palampur,10,9,2,4628
palampur,10,9,2,4630
palampur,10,9,2,4601
palampur,10,9,2,4281
palampur,10,9,2,3975
palampur,10,9,2,4644
palampur,10,9,2,3849
palampur,10,9,2,3981
palampur,10,9,2,3847
palampur,10,9,2,4472
palampur,10,9,2,4487
palampur,10,9,2,4444
palampur,10,9,2,4142
palampur,10,9,2,3740
palampur,10,9,2,4774
palampur,10,9,2,4259
palampur,10,9,2,4131
palampur,10,9,2,4363
palampur,10,9,2,3858
palampur,10,9,2,3781
palampur,10,9,2,4129
palampur,10,9,2,3902
palampur,10,9,2,3923
palampur,10,9,2,4750
palampur,10,9,2,4289
palampur,10,9,2,4228
palampur,10,9,2,4491
palampur,10,9,2,4825
palampur,10,9,2,3755
palampur,10,9,2,4675
palampur,10,9,2,4357
palampur,10,9,2,3798
palampur,10,10,2,3991
palampur,10,10,2,4227
palampur,10,10,2,4493
palampur,10,10,2,3921
palampur,10,10,2,4294
palampur,10,10,2,4485
palampur,10,10,2,4184
palampur,10,10,2,4712
palampur,10,10,2,4721
palampur,10,10,2,4212
palampur,10,10,2,4852
palampur,10,10,2,3708
palampur,10,10,2,3616
palampur,10,10,2,4097
palampur,10,10,2,4378
palampur,10,10,2,4414
palampur,10,10,2,4219
palampur,10,10,2,3771
palampur,10,10,2,3829
palampur,10,10,2,4698
palampur,10,10,2,4719
palampur,10,10,2,4471
palampur,10,10,2,4459
palampur,10,10,2,4374
palampur,10,10,2,3871
palampur,10,10,2,4158
palampur,10,10,2,4499
palampur,10,10,2,4297
palampur,10,10,2,3636
palampur,10,10,2,4828
palampur,10,10,2,4689
palampur,10,10,2,3944
palampur,10,10,2,4398
palampur,10,10,2,4789
palampur,10,10,2,3734
palampur,10,10,2,4253
palampur,10,10,2,4194
palampur,10,10,2,4135
palampur,10,10,2,4677
palampur,10,10,2,4097
palampur,10,10,2,3693
palampur,10,10,2,3696
palampur,10,10,2,3666
palampur,10,10,2,4134
palampur,10,10,2,4528
palampur,10,10,2,3872
palampur,10,10,2,4436
palampur,10,10,2,4488
palampur,10,10,2,3937
palampur,10,10,2,4378
palampur,10,11,2,4485
palampur,10,11,2,4207
palampur,10,11,2,4041
palampur,10,11,2,4401
palampur,10,11,2,4859
palampur,10,11,2,4156
palampur,10,11,2,4111
palampur,10,11,2,4204
palampur,10,11,2,3709
palampur,10,11,2,4317
palampur,10,11,2,4031
palampur,10,11,2,3767
palampur,10,11,2,4206
palampur,10,11,2,3616
palampur,10,11,2,4124
palampur,10,11,2,3747
palampur,10,11,2,3643
palampur,10,11,2,4663
palampur,10,11,2,4780
palampur,10,11,2,3877
palampur,10,11,2,4300
palampur,10,11,2,3966
palampur,10,11,2,4241
palampur,10,11,2,4169
palampur,10,11,2,3955
palampur,10,11,2,4505
palampur,10,11,2,3773
palampur,10,11,2,3680
palampur,10,11,2,4591
palampur,10,11,2,4461
palampur,10,11,2,4248
palampur,10,11,2,4208
palampur,10,11,2,4246
palampur,10,11,2,4169
palampur,10,11,2,4113
palampur,10,11,2,4249
palampur,10,11,2,4286
palampur,10,11,2,4494
palampur,10,11,2,4519
palampur,10,11,2,4093
palampur,10,11,2,4139
palampur,10,11,2,4088
palampur,10,11,2,4296
palampur,10,11,2,4190
palampur,10,11,2,4746
palampur,10,11,2,4500
palampur,10,11,2,4758
palampur,10,11,2,4516
palampur,10,11,2,4850
palampur,10,11,2,4423
palampur,10,12,2,6777
palampur,10,12,2,5339
palampur,10,12,2,5151
palampur,10,12,2,6091
palampur,10,12,2,6813
palampur,10,12,2,5802
palampur,10,12,2,5435
palampur,10,12,2,5988
palampur,10,12,2,6215
palampur,10,12,2,5620
palampur,10,12,2,6333
palampur,10,12,2,6798
palampur,10,12,2,6658
palampur,10,12,2,5577
palampur,10,12,2,5640
palampur,10,12,2,5720
palampur,10,12,2,5761
palampur,10,12,2,5236
palampur,10,12,2,6417
palampur,10,12,2,5709
palampur,10,12,2,6627
palampur,10,12,2,6712
palampur,10,12,2,5101
palampur,10,12,2,6821
palampur,10,12,2,6324
palampur,10,12,2,5986
palampur,10,12,2,5752
palampur,10,12,2,5983
palampur,10,12,2,5636
palampur,10,12,2,6168
palampur,10,12,2,5223
palampur,10,12,2,6166
palampur,10,12,2,5548
palampur,10,12,2,5088
palampur,10,12,2,6044
palampur,10,12,2,6090
palampur,10,12,2,5818
palampur,10,12,2,5186
palampur,10,12,2,6652
palampur,10,12,2,6148
palampur,10,12,2,5264
palampur,10,12,2,5969
palampur,10,12,2,5945
palampur,10,12,2,5165
palampur,10,12,2,6140
palampur,10,12,2,6500
palampur,10,12,2,6394
palampur,10,12,2,5419
palampur,10,12,2,6596
palampur,10,12,2,5668
chamba,11,1,0,1397
chamba,11,1,0,1073
chamba,11,1,0,1226
chamba,11,1,0,1267
chamba,11,1,0,1138
chamba,11,1,0,1332
chamba,11,1,0,1278
chamba,11,1,0,1053
chamba,11,1,0,1272
chamba,11,1,0,1228
chamba,11,1,0,1119
chamba,11,1,0,1415
chamba,11,1,0,1378
chamba,11,1,0,1155
chamba,11,1,0,1247
chamba,11,1,0,1164
chamba,11,1,0,1333
chamba,11,1,0,1391
chamba,11,1,0,1179
chamba,11,1,0,1344
chamba,11,1,0,1231
chamba,11,1,0,1193
chamba,11,1,0,1394
chamba,11,1,0,1235
chamba,11,1,0,1219
chamba,11,1,0,1295
chamba,11,1,0,1143
chamba,11,1,0,1167
chamba,11,1,0,1391
chamba,11,1,0,1297
chamba,11,1,0,1352
chamba,11,1,0,1147
chamba,11,1,0,1248
chamba,11,1,0,1406
chamba,11,1,0,1164
chamba,11,1,0,1106
chamba,11,1,0,1236
chamba,11,1,0,1190
chamba,11,1,0,1106
chamba,11,1,0,1375
chamba,11,1,0,1413
chamba,11,1,0,1257
chamba,11,1,0,1333
chamba,11,1,0,1364
chamba,11,1,0,1306
chamba,11,1,0,1063
chamba,11,1,0,1105
chamba,11,1,0,1073
chamba,11,1,0,1050
chamba,11,1,0,1160
chamba,11,2,0,851
chamba,11,2,0,811
chamba,11,2,0,765
chamba,11,2,0,887
chamba,11,2,0,820
chamba,11,2,0,958
chamba,11,2,0,750
chamba,11,2,0,970
chamba,11,2,0,1000
chamba,11,2,0,937
chamba,11,2,0,941
chamba,11,2,0,994
chamba,11,2,0,803
chamba,11,2,0,1010
chamba,11,2,0,952
chamba,11,2,0,939
chamba,11,2,0,843
chamba,11,2,0,892
chamba,11,2,0,920
chamba,11,2,0,911
chamba,11,2,0,934
chamba,11,2,0,769
chamba,11,2,0,841
chamba,11,2,0,862
chamba,11,2,0,816
chamba,11,2,0,793
chamba,11,2,0,784
chamba,11,2,0,844
chamba,11,2,0,878
chamba,11,2,0,764
chamba,11,2,0,997
chamba,11,2,0,950
chamba,11,2,0,940
chamba,11,2,0,793
chamba,11,2,0,907
chamba,11,2,0,887
chamba,11,2,0,1007
chamba,11,2,0,945
chamba,11,2,0,900
chamba,11,2,0,972
chamba,11,2,0,788
chamba,11,2,0,752
chamba,11,2,0,930
chamba,11,2,0,773
chamba,11,2,0,778
chamba,11,2,0,944
chamba,11,2,0,819
chamba,11,2,0,913
chamba,11,2,0,990
chamba,11,2,0,831
chamba,11,3,0,805
chamba,11,3,0,776
chamba,11,3,0,782
chamba,11,3,0,764
chamba,11,3,0,771
chamba,11,3,0,862
chamba,11,3,0,832
chamba,11,3,0,934
chamba,11,3,0,977
chamba,11,3,0,955
chamba,11,3,0,888
chamba,11,3,0,775
chamba,11,3,0,935
chamba,11,3,0,843
chamba,11,3,0,770
chamba,11,3,0,970
chamba,11,3,0,837
chamba,11,3,0,805
chamba,11,3,0,978
chamba,11,3,0,986
chamba,11,3,0,837
chamba,11,3,0,841
chamba,11,3,0,901
chamba,11,3,0,941
chamba,11,3,0,764
chamba,11,3,0,904
chamba,11,3,0,999
chamba,11,3,0,817
chamba,11,3,0,987
chamba,11,3,0,998
chamba,11,3,0,819
chamba,11,3,0,947
chamba,11,3,0,811
chamba,11,3,0,942
chamba,11,3,0,958
chamba,11,3,0,813
chamba,11,3,0,936
chamba,11,3,0,962
chamba,11,3,0,842
chamba,11,3,0,792
chamba,11,3,0,772
chamba,11,3,0,899
chamba,11,3,0,1006
chamba,11,3,0,965
chamba,11,3,0,863
chamba,11,3,0,889
chamba,11,3,0,821
chamba,11,3,0,791
chamba,11,3,0,875
chamba,11,3,0,870
chamba,11,4,0,885
chamba,11,4,0,999
chamba,11,4,0,907
chamba,11,4,0,907
chamba,11,4,0,781
chamba,11,4,0,1011
chamba,11,4,0,952
chamba,11,4,0,979
chamba,11,4,0,857
chamba,11,4,0,880
chamba,11,4,0,885
chamba,11,4,0,799
chamba,11,4,0,930
chamba,11,4,0,986
chamba,11,4,0,791
chamba,11,4,0,770
chamba,11,4,0,942
chamba,11,4,0,820
chamba,11,4,0,912
chamba,11,4,0,931
chamba,11,4,0,832
chamba,11,4,0,963
chamba,11,4,0,893
chamba,11,4,0,977
chamba,11,4,0,949
chamba,11,4,0,977
chamba,11,4,0,753
chamba,11,4,0,812
chamba,11,4,0,771
chamba,11,4,0,864
chamba,11,4,0,982
chamba,11,4,0,871
chamba,11,4,0,972
chamba,11,4,0,834
chamba,11,4,0,837
chamba,11,4,0,984
chamba,11,4,0,860
chamba,11,4,0,956
chamba,11,4,0,810
chamba,11,4,0,998
chamba,11,4,0,899
chamba,11,4,0,948
chamba,11,4,0,771
chamba,11,4,0,878
chamba,11,4,0,985
chamba,11,4,0,979
chamba,11,4,0,760
chamba,11,4,0,828
chamba,11,4,0,865
chamba,11,4,0,793
chamba,11,5,0,1505
chamba,11,5,0,1274
chamba,11,5,0,1343
chamba,11,5,0,1476
chamba,11,5,0,1400
chamba,11,5,0,1508
chamba,11,5,0,1602
chamba,11,5,0,1246
chamba,11,5,0,1496
chamba,11,5,0,1294
chamba,11,5,0,1371
chamba,11,5,0,1210
chamba,11,5,0,1254
chamba,11,5,0,1331
chamba,11,5,0,1341
chamba,11,5,0,1576
chamba,11,5,0,1510
chamba,11,5,0,1607
chamba,11,5,0,1449
chamba,11,5,0,1298
chamba,11,5,0,1335
chamba,11,5,0,1331
chamba,11,5,0,1334
chamba,11,5,0,1481
chamba,11,5,0,1421
chamba,11,5,0,1359
chamba,11,5,0,1259
chamba,11,5,0,1206
chamba,11,5,0,1289
chamba,11,5,0,1242
chamba,11,5,0,1528
chamba,11,5,0,1244
chamba,11,5,0,1502
chamba,11,5,0,1359
chamba,11,5,0,1227
chamba,11,5,0,1540
chamba,11,5,0,1441
chamba,11,5,0,1296
chamba,11,5,0,1574
chamba,11,5,0,1215
chamba,11,5,0,1282
chamba,11,5,0,1514
chamba,11,5,0,1496
chamba,11,5,0,1318
chamba,11,5,0,1222
chamba,11,5,0,1559
chamba,11,5,0,1329
chamba,11,5,0,1279
chamba,11,5,0,1414
chamba,11,5,0,1581
chamba,11,6,0,1215
chamba,11,6,0,1520
chamba,11,6,0,1438
chamba,11,6,0,1376
chamba,11,6,0,1511
chamba,11,6,0,1604
chamba,11,6,0,1293
chamba,11,6,0,1257
chamba,11,6,0,1582
chamba,11,6,0,1479
chamba,11,6,0,1381
chamba,11,6,0,1438
chamba,11,6,0,1511
chamba,11,6,0,1523
chamba,11,6,0,1585
chamba,11,6,0,1377
chamba,11,6,0,1320
chamba,11,6,0,1466
chamba,11,6,0,1372
chamba,11,6,0,1447
chamba,11,6,0,1374
chamba,11,6,0,1261
chamba,11,6,0,1395
chamba,11,6,0,1488
chamba,11,6,0,1534
chamba,11,6,0,1405
chamba,11,6,0,1266
chamba,11,6,0,1371
chamba,11,6,0,1528
chamba,11,6,0,1371
chamba,11,6,0,1491
chamba,11,6,0,1411
chamba,11,6,0,1298
chamba,11,6,0,1533
chamba,11,6,0,1232
chamba,11,6,0,1418
chamba,11,6,0,1285
chamba,11,6,0,1225
chamba,11,6,0,1409
chamba,11,6,0,1407
chamba,11,6,0,1495
chamba,11,6,0,1511
chamba,11,6,0,1504
chamba,11,6,0,1369
chamba,11,6,0,1463
chamba,11,6,0,1440
chamba,11,6,0,1374
chamba,11,6,0,1449
chamba,11,6,0,1596
chamba,11,6,0,1278
chamba,11,7,0,740
chamba,11,7,0,600
chamba,11,7,0,622
chamba,11,7,0,618
chamba,11,7,0,685
chamba,11,7,0,600
chamba,11,7,0,735
chamba,11,7,0,725
chamba,11,7,0,690
chamba,11,7,0,651
chamba,11,7,0,745
chamba,11,7,0,725
chamba,11,7,0,659
chamba,11,7,0,699
chamba,11,7,0,673
chamba,11,7,0,677
chamba,11,7,0,626
chamba,11,7,0,652
chamba,11,7,0,600
chamba,11,7,0,631
chamba,11,7,0,698
chamba,11,7,0,749
chamba,11,7,0,751
chamba,11,7,0,671
chamba,11,7,0,681
chamba,11,7,0,600
chamba,11,7,0,698
chamba,11,7,0,600
chamba,11,7,0,617
chamba,11,7,0,693
chamba,11,7,0,622
chamba,11,7,0,600
chamba,11,7,0,725
chamba,11,7,0,622
chamba,11,7,0,600
chamba,11,7,0,600
chamba,11,7,0,610
chamba,11,7,0,600
chamba,11,7,0,714
chamba,11,7,0,624
chamba,11,7,0,720
chamba,11,7,0,600
chamba,11,7,0,658
chamba,11,7,0,697
chamba,11,7,0,690
chamba,11,7,0,680
chamba,11,7,0,744
chamba,11,7,0,606
chamba,11,7,0,658
chamba,11,7,0,736
chamba,11,8,0,600
chamba,11,8,0,600
chamba,11,8,0,607
chamba,11,8,0,686
chamba,11,8,0,612
chamba,11,8,0,600
chamba,11,8,0,651
chamba,11,8,0,682
chamba,11,8,0,610
chamba,11,8,0,620
chamba,11,8,0,682
chamba,11,8,0,748
chamba,11,8,0,694
chamba,11,8,0,716
chamba,11,8,0,633
chamba,11,8,0,614
chamba,11,8,0,650
chamba,11,8,0,720
chamba,11,8,0,651
chamba,11,8,0,728
chamba,11,8,0,756
chamba,11,8,0,600
chamba,11,8,0,600
chamba,11,8,0,600
chamba,11,8,0,637
chamba,11,8,0,600
chamba,11,8,0,733
chamba,11,8,0,600
chamba,11,8,0,623
chamba,11,8,0,600
chamba,11,8,0,745
chamba,11,8,0,693
chamba,11,8,0,741
chamba,11,8,0,753
chamba,11,8,0,659
chamba,11,8,0,607
chamba,11,8,0,600
chamba,11,8,0,605
chamba,11,8,0,701
chamba,11,8,0,600
chamba,11,8,0,600
chamba,11,8,0,681
chamba,11,8,0,688
chamba,11,8,0,692
chamba,11,8,0,634
chamba,11,8,0,720
chamba,11,8,0,666
chamba,11,8,0,600
chamba,11,8,0,718
chamba,11,8,0,749
chamba,11,9,0,763
chamba,11,9,0,851
chamba,11,9,0,876
chamba,11,9,0,786
chamba,11,9,0,977
chamba,11,9,0,823
chamba,11,9,0,954
chamba,11,9,0,925
chamba,11,9,0,905
chamba,11,9,0,798
chamba,11,9,0,806
chamba,11,9,0,760
chamba,11,9,0,811
chamba,11,9,0,839
chamba,11,9,0,967
chamba,11,9,0,844
chamba,11,9,0,947
chamba,11,9,0,864
chamba,11,9,0,955
chamba,11,9,0,1005
chamba,11,9,0,811
chamba,11,9,0,975
chamba,11,9,0,912
chamba,11,9,0,963
chamba,11,9,0,920
chamba,11,9,0,859
chamba,11,9,0,808
chamba,11,9,0,766
chamba,11,9,0,889
chamba,11,9,0,1009
chamba,11,9,0,942
chamba,11,9,0,834
chamba,11,9,0,966
chamba,11,9,0,951
chamba,11,9,0,822
chamba,11,9,0,751
chamba,11,9,0,779
chamba,11,9,0,979
chamba,11,9,0,968
chamba,11,9,0,825
chamba,11,9,0,823
chamba,11,9,0,957
chamba,11,9,0,995
chamba,11,9,0,953
chamba,11,9,0,907
chamba,11,9,0,812
chamba,11,9,0,886
chamba,11,9,0,809
chamba,11,9,0,961
chamba,11,9,0,850
chamba,11,10,0,968
chamba,11,10,0,848
chamba,11,10,0,965
chamba,11,10,0,835
chamba,11,10,0,864
chamba,11,10,0,910
chamba,11,10,0,766
chamba,11,10,0,998
chamba,11,10,0,899
chamba,11,10,0,882
chamba,11,10,0,969
chamba,11,10,0,976
chamba,11,10,0,885
chamba,11,10,0,992
chamba,11,10,0,765
chamba,11,10,0,777
chamba,11,10,0,905
chamba,11,10,0,841
chamba,11,10,0,870
chamba,11,10,0,834
chamba,11,10,0,854
chamba,11,10,0,965
chamba,11,10,0,904
chamba,11,10,0,1011
chamba,11,10,0,955
chamba,11,10,0,820
chamba,11,10,0,817
chamba,11,10,0,836
chamba,11,10,0,970
chamba,11,10,0,755
chamba,11,10,0,808
chamba,11,10,0,986
chamba,11,10,0,916
chamba,11,10,0,807
chamba,11,10,0,805
chamba,11,10,0,975
chamba,11,10,0,983
chamba,11,10,0,815
chamba,11,10,0,859
chamba,11,10,0,968
chamba,11,10,0,951
chamba,11,10,0,962
chamba,11,10,0,884
chamba,11,10,0,988
chamba,11,10,0,834
chamba,11,10,0,789
chamba,11,10,0,935
chamba,11,10,0,890
chamba,11,10,0,973
chamba,11,10,0,769
chamba,11,11,0,970
chamba,11,11,0,825
chamba,11,11,0,920
chamba,11,11,0,758
chamba,11,11,0,908
chamba,11,11,0,937
chamba,11,11,0,845
chamba,11,11,0,804
chamba,11,11,0,889
chamba,11,11,0,967
chamba,11,11,0,833
chamba,11,11,0,814
chamba,11,11,0,821
chamba,11,11,0,998
chamba,11,11,0,842
chamba,11,11,0,748
chamba,11,11,0,954
chamba,11,11,0,932
chamba,11,11,0,781
chamba,11,11,0,1008
chamba,11,11,0,908
chamba,11,11,0,880
chamba,11,11,0,848
chamba,11,11,0,985
chamba,11,11,0,812
chamba,11,11,0,823
chamba,11,11,0,780
chamba,11,11,0,948
chamba,11,11,0,905
chamba,11,11,0,908
chamba,11,11,0,805
chamba,11,11,0,919
chamba,11,11,0,950
chamba,11,11,0,842
chamba,11,11,0,959
chamba,11,11,0,840
chamba,11,11,0,948
chamba,11,11,0,756
chamba,11,11,0,893
chamba,11,11,0,1003
chamba,11,11,0,1007
chamba,11,11,0,822
chamba,11,11,0,864
chamba,11,11,0,764
chamba,11,11,0,978
chamba,11,11,0,898
chamba,11,11,0,849
chamba,11,11,0,777
chamba,11,11,0,997
chamba,11,11,0,887
chamba,11,12,0,1151
chamba,11,12,0,1176
chamba,11,12,0,1147
chamba,11,12,0,1269
chamba,11,12,0,1390
chamba,11,12,0,1363
chamba,11,12,0,1217
chamba,11,12,0,1352
chamba,11,12,0,1203
chamba,11,12,0,1140
chamba,11,12,0,1410
chamba,11,12,0,1159
chamba,11,12,0,1166
chamba,11,12,0,1412
chamba,11,12,0,1096
chamba,11,12,0,1328
chamba,11,12,0,1393
chamba,11,12,0,1236
chamba,11,12,0,1048
chamba,11,12,0,1185
chamba,11,12,0,1088
chamba,11,12,0,1201
chamba,11,12,0,1339
chamba,11,12,0,1209
chamba,11,12,0,1206
chamba,11,12,0,1252
chamba,11,12,0,1262
chamba,11,12,0,1363
chamba,11,12,0,1161
chamba,11,12,0,1350
chamba,11,12,0,1256
chamba,11,12,0,1158
chamba,11,12,0,1156
chamba,11,12,0,1180
chamba,11,12,0,1277
chamba,11,12,0,1132
chamba,11,12,0,1387
chamba,11,12,0,1259
chamba,11,12,0,1387
chamba,11,12,0,1064
chamba,11,12,0,1173
chamba,11,12,0,1055
chamba,11,12,0,1147
chamba,11,12,0,1365
chamba,11,12,0,1060
chamba,11,12,0,1208
chamba,11,12,0,1090
chamba,11,12,0,1201
chamba,11,12,0,1357
chamba,11,12,0,1277
chamba,11,1,1,2399
chamba,11,1,1,2138
chamba,11,1,1,2538
chamba,11,1,1,2380
chamba,11,1,1,2187
chamba,11,1,1,2190
chamba,11,1,1,2521
chamba,11,1,1,2291
chamba,11,1,1,2378
chamba,11,1,1,2184
chamba,11,1,1,2054
chamba,11,1,1,2390
chamba,11,1,1,2312
chamba,11,1,1,2240
chamba,11,1,1,2323
chamba,11,1,1,2043
chamba,11,1,1,2437
chamba,11,1,1,2541
chamba,11,1,1,2502
chamba,11,1,1,2120
chamba,11,1,1,2176
chamba,11,1,1,2447
chamba,11,1,1,2303
chamba,11,1,1,2272
chamba,11,1,1,2526
chamba,11,1,1,2264
chamba,11,1,1,2250
chamba,11,1,1,1932
chamba,11,1,1,1950
chamba,11,1,1,1908
chamba,11,1,1,2517
chamba,11,1,1,2178
chamba,11,1,1,2218
chamba,11,1,1,2472
chamba,11,1,1,2313
chamba,11,1,1,2313
chamba,11,1,1,2103
chamba,11,1,1,2464
chamba,11,1,1,2015
chamba,11,1,1,1939
chamba,11,1,1,2032
chamba,11,1,1,2083
chamba,11,1,1,2093
chamba,11,1,1,2354
chamba,11,1,1,2050
chamba,11,1,1,2358
chamba,11,1,1,1965
chamba,11,1,1,2002
chamba,11,1,1,2245
chamba,11,1,1,2523
chamba,11,2,1,1772
chamba,11,2,1,1825
chamba,11,2,1,1672
chamba,11,2,1,1684
chamba,11,2,1,1660
chamba,11,2,1,1658
chamba,11,2,1,1430
chamba,11,2,1,1620
chamba,11,2,1,1545
chamba,11,2,1,1572
chamba,11,2,1,1611
chamba,11,2,1,1421
chamba,11,2,1,1532
chamba,11,2,1,1390
chamba,11,2,1,1830
chamba,11,2,1,1416
chamba,11,2,1,1484
chamba,11,2,1,1787
chamba,11,2,1,1591
chamba,11,2,1,1425
chamba,11,2,1,1544
chamba,11,2,1,1415
chamba,11,2,1,1456
chamba,11,2,1,1384
chamba,11,2,1,1570
chamba,11,2,1,1747
chamba,11,2,1,1641
chamba,11,2,1,1651
chamba,11,2,1,1456
chamba,11,2,1,1525
chamba,11,2,1,1765
chamba,11,2,1,1402
chamba,11,2,1,1771
chamba,11,2,1,1592
chamba,11,2,1,1761
chamba,11,2,1,1512
chamba,11,2,1,1522
chamba,11,2,1,1720
chamba,11,2,1,1736
chamba,11,2,1,1470
chamba,11,2,1,1826
chamba,11,2,1,1400
chamba,11,2,1,1392
chamba,11,2,1,1645
chamba,11,2,1,1706
chamba,11,2,1,1821
chamba,11,2,1,1554
chamba,11,2,1,1372
chamba,11,2,1,1649
chamba,11,2,1,1499
chamba,11,3,1,1567
chamba,11,3,1,1594
chamba,11,3,1,1390
chamba,11,3,1,1593
chamba,11,3,1,1564
chamba,11,3,1,1702
chamba,11,3,1,1669
chamba,11,3,1,1448
chamba,11,3,1,1458
chamba,11,3,1,1480
chamba,11,3,1,1445
chamba,11,3,1,1675
chamba,11,3,1,1837
chamba,11,3,1,1673
chamba,11,3,1,1651
chamba,11,3,1,1556
chamba,11,3,1,1510
chamba,11,3,1,1797
chamba,11,3,1,1825
chamba,11,3,1,1598
chamba,11,3,1,1499
chamba,11,3,1,1729
chamba,11,3,1,1423
chamba,11,3,1,1727
chamba,11,3,1,1753
chamba,11,3,1,1419
chamba,11,3,1,1828
chamba,11,3,1,1833
chamba,11,3,1,1809
chamba,11,3,1,1598
chamba,11,3,1,1478
chamba,11,3,1,1639
chamba,11,3,1,1561
chamba,11,3,1,1458
chamba,11,3,1,1563
chamba,11,3,1,1678
chamba,11,3,1,1394
chamba,11,3,1,1520
chamba,11,3,1,1368
chamba,11,3,1,1719
chamba,11,3,1,1667
chamba,11,3,1,1390
chamba,11,3,1,1823
chamba,11,3,1,1370
chamba,11,3,1,1643
chamba,11,3,1,1732
chamba,11,3,1,1738
chamba,11,3,1,1376
chamba,11,3,1,1795
chamba,11,3,1,1800
chamba,11,4,1,1629
chamba,11,4,1,1591
chamba,11,4,1,1381
chamba,11,4,1,1629
chamba,11,4,1,1556
chamba,11,4,1,1730
chamba,11,4,1,1553
chamba,11,4,1,1688
chamba,11,4,1,1408
chamba,11,4,1,1423
chamba,11,4,1,1427
chamba,11,4,1,1381
chamba,11,4,1,1619
chamba,11,4,1,1741
chamba,11,4,1,1652
chamba,11,4,1,1635
chamba,11,4,1,1686
chamba,11,4,1,1523
chamba,11,4,1,1533
chamba,11,4,1,1510
chamba,11,4,1,1701
chamba,11,4,1,1437
chamba,11,4,1,1366
chamba,11,4,1,1646
chamba,11,4,1,1812
chamba,11,4,1,1652
chamba,11,4,1,1735
chamba,11,4,1,1682
chamba,11,4,1,1598
chamba,11,4,1,1704
chamba,11,4,1,1755
chamba,11,4,1,1467
chamba,11,4,1,1521
chamba,11,4,1,1467
chamba,11,4,1,1577
chamba,11,4,1,1784
chamba,11,4,1,1525
chamba,11,4,1,1539
chamba,11,4,1,1772
chamba,11,4,1,1607
chamba,11,4,1,1617
chamba,11,4,1,1773
chamba,11,4,1,1595
chamba,11,4,1,1687
chamba,11,4,1,1401
chamba,11,4,1,1445
chamba,11,4,1,1554
chamba,11,4,1,1597
chamba,11,4,1,1823
chamba,11,4,1,1825
chamba,11,5,1,2829
chamba,11,5,1,2418
chamba,11,5,1,2916
chamba,11,5,1,2705
chamba,11,5,1,2477
chamba,11,5,1,2714
chamba,11,5,1,2188
chamba,11,5,1,2288
chamba,11,5,1,2813
chamba,11,5,1,2671
chamba,11,5,1,2455
chamba,11,5,1,2560
chamba,11,5,1,2871
chamba,11,5,1,2661
chamba,11,5,1,2481
chamba,11,5,1,2268
chamba,11,5,1,2401
chamba,11,5,1,2927
chamba,11,5,1,2511
chamba,11,5,1,2538
chamba,11,5,1,2558
chamba,11,5,1,2854
chamba,11,5,1,2639
chamba,11,5,1,2708
chamba,11,5,1,2475
chamba,11,5,1,2198
chamba,11,5,1,2890
chamba,11,5,1,2904
chamba,11,5,1,2904
chamba,11,5,1,2900
chamba,11,5,1,2802
chamba,11,5,1,2701
chamba,11,5,1,2824
chamba,11,5,1,2637
chamba,11,5,1,2279
chamba,11,5,1,2476
chamba,11,5,1,2921
chamba,11,5,1,2445
chamba,11,5,1,2842
chamba,11,5,1,2247
chamba,11,5,1,2432
chamba,11,5,1,2445
chamba,11,5,1,2215
chamba,11,5,1,2267
chamba,11,5,1,2324
chamba,11,5,1,2819
chamba,11,5,1,2224
chamba,11,5,1,2405
chamba,11,5,1,2183
chamba,11,5,1,2710
chamba,11,6,1,2652
chamba,11,6,1,2671
chamba,11,6,1,2463
chamba,11,6,1,2335
chamba,11,6,1,2729
chamba,11,6,1,2798
chamba,11,6,1,2282
chamba,11,6,1,2549
chamba,11,6,1,2367
chamba,11,6,1,2305
chamba,11,6,1,2739
chamba,11,6,1,2589
chamba,11,6,1,2342
chamba,11,6,1,2414
chamba,11,6,1,2918
chamba,11,6,1,2827
chamba,11,6,1,2851
chamba,11,6,1,2529
chamba,11,6,1,2655
chamba,11,6,1,2465
chamba,11,6,1,2235
chamba,11,6,1,2484
chamba,11,6,1,2632
chamba,11,6,1,2396
chamba,11,6,1,2827
chamba,11,6,1,2292
chamba,11,6,1,2457
chamba,11,6,1,2271
chamba,11,6,1,2486
chamba,11,6,1,2206
chamba,11,6,1,2385
chamba,11,6,1,2483
chamba,11,6,1,2543
chamba,11,6,1,2593
chamba,11,6,1,2387
chamba,11,6,1,2577
chamba,11,6,1,2566
chamba,11,6,1,2418
chamba,11,6,1,2813
chamba,11,6,1,2595
chamba,11,6,1,2431
chamba,11,6,1,2903
chamba,11,6,1,2825
chamba,11,6,1,2930
chamba,11,6,1,2707
chamba,11,6,1,2466
chamba,11,6,1,2391
chamba,11,6,1,2685
chamba,11,6,1,2929
chamba,11,6,1,2657
chamba,11,7,1,1337
chamba,11,7,1,1138
chamba,11,7,1,1166
chamba,11,7,1,1346
chamba,11,7,1,1292
chamba,11,7,1,1373
chamba,11,7,1,1298
chamba,11,7,1,1181
chamba,11,7,1,1211
chamba,11,7,1,1344
chamba,11,7,1,1218
chamba,11,7,1,1111
chamba,11,7,1,1176
chamba,11,7,1,1205
chamba,11,7,1,1054
chamba,11,7,1,1287
chamba,11,7,1,1059
chamba,11,7,1,1165
chamba,11,7,1,1309
chamba,11,7,1,1188
chamba,11,7,1,1323
chamba,11,7,1,1143
chamba,11,7,1,1364
chamba,11,7,1,1095
chamba,11,7,1,1033
chamba,11,7,1,1334
chamba,11,7,1,1290
chamba,11,7,1,1103
chamba,11,7,1,1374
chamba,11,7,1,1200
chamba,11,7,1,1362
chamba,11,7,1,1201
chamba,11,7,1,1189
chamba,11,7,1,1181
chamba,11,7,1,1140
chamba,11,7,1,1212
chamba,11,7,1,1182
chamba,11,7,1,1033
chamba,11,7,1,1113
chamba,11,7,1,1096
chamba,11,7,1,1332
chamba,11,7,1,1235
chamba,11,7,1,1294
chamba,11,7,1,1364
chamba,11,7,1,1251
chamba,11,7,1,1373
chamba,11,7,1,1132
chamba,11,7,1,1087
chamba,11,7,1,1165
chamba,11,7,1,1189
chamba,11,8,1,1342
chamba,11,8,1,1221
chamba,11,8,1,1125
chamba,11,8,1,1287
chamba,11,8,1,1202
chamba,11,8,1,1078
chamba,11,8,1,1227
chamba,11,8,1,1348
chamba,11,8,1,1323
chamba,11,8,1,1231
chamba,11,8,1,1155
chamba,11,8,1,1051
chamba,11,8,1,1189
chamba,11,8,1,1290
chamba,11,8,1,1149
chamba,11,8,1,1104
chamba,11,8,1,1355
chamba,11,8,1,1315
chamba,11,8,1,1249
chamba,11,8,1,1069
chamba,11,8,1,1072
chamba,11,8,1,1057
chamba,11,8,1,1241
chamba,11,8,1,1061
chamba,11,8,1,1323
chamba,11,8,1,1377
chamba,11,8,1,1151
chamba,11,8,1,1183
chamba,11,8,1,1276
chamba,11,8,1,1357
chamba,11,8,1,1341
chamba,11,8,1,1040
chamba,11,8,1,1080
chamba,11,8,1,1291
chamba,11,8,1,1268
chamba,11,8,1,1067
chamba,11,8,1,1200
chamba,11,8,1,1301
chamba,11,8,1,1098
chamba,11,8,1,1333
chamba,11,8,1,1039
chamba,11,8,1,1301
chamba,11,8,1,1241
chamba,11,8,1,1133
chamba,11,8,1,1279
chamba,11,8,1,1301
chamba,11,8,1,1356
chamba,11,8,1,1152
chamba,11,8,1,1266
chamba,11,8,1,1236
chamba,11,9,1,1612
chamba,11,9,1,1787
chamba,11,9,1,1361
chamba,11,9,1,1495
chamba,11,9,1,1618
chamba,11,9,1,1445
chamba,11,9,1,1795
chamba,11,9,1,1670
chamba,11,9,1,1589
chamba,11,9,1,1751
chamba,11,9,1,1576
chamba,11,9,1,1628
chamba,11,9,1,1361
chamba,11,9,1,1535
chamba,11,9,1,1426
chamba,11,9,1,1691
chamba,11,9,1,1589
chamba,11,9,1,1504
chamba,11,9,1,1584
chamba,11,9,1,1460
chamba,11,9,1,1804
chamba,11,9,1,1385
chamba,11,9,1,1775
chamba,11,9,1,1605
chamba,11,9,1,1657
chamba,11,9,1,1505
chamba,11,9,1,1824
chamba,11,9,1,1495
chamba,11,9,1,1642
chamba,11,9,1,1836
chamba,11,9,1,1782
chamba,11,9,1,1617
chamba,11,9,1,1835
chamba,11,9,1,1696
chamba,11,9,1,1460
chamba,11,9,1,1554
chamba,11,9,1,1520
chamba,11,9,1,1525
chamba,11,9,1,1725
chamba,11,9,1,1640
chamba,11,9,1,1378
chamba,11,9,1,1781
chamba,11,9,1,1502
chamba,11,9,1,1838
chamba,11,9,1,1818
chamba,11,9,1,1811
chamba,11,9,1,1749
chamba,11,9,1,1465
chamba,11,9,1,1615
chamba,11,9,1,1467
chamba,11,10,1,1484
chamba,11,10,1,1653
chamba,11,10,1,1379
chamba,11,10,1,1825
chamba,11,10,1,1800
chamba,11,10,1,1542
chamba,11,10,1,1607
chamba,11,10,1,1583
chamba,11,10,1,1783
chamba,11,10,1,1690
chamba,11,10,1,1493
chamba,11,10,1,1574
chamba,11,10,1,1565
chamba,11,10,1,1820
chamba,11,10,1,1444
chamba,11,10,1,1402
chamba,11,10,1,1782
chamba,11,10,1,1790
chamba,11,10,1,1778
chamba,11,10,1,1605
chamba,11,10,1,1676
chamba,11,10,1,1630
chamba,11,10,1,1393
chamba,11,10,1,1646
chamba,11,10,1,1366
chamba,11,10,1,1515
chamba,11,10,1,1807
chamba,11,10,1,1505
chamba,11,10,1,1811
chamba,11,10,1,1480
chamba,11,10,1,1510
chamba,11,10,1,1661
chamba,11,10,1,1725
chamba,11,10,1,1600
chamba,11,10,1,1783
chamba,11,10,1,1379
chamba,11,10,1,1802
chamba,11,10,1,1454
chamba,11,10,1,1784
chamba,11,10,1,1552
chamba,11,10,1,1759
chamba,11,10,1,1682
chamba,11,10,1,1444
chamba,11,10,1,1800
chamba,11,10,1,1477
chamba,11,10,1,1477
chamba,11,10,1,1750
chamba,11,10,1,1410
chamba,11,10,1,1466
chamba,11,10,1,1601
chamba,11,11,1,1758
chamba,11,11,1,1430
chamba,11,11,1,1622
chamba,11,11,1,1701
chamba,11,11,1,1773
chamba,11,11,1,1809
chamba,11,11,1,1736
chamba,11,11,1,1673
chamba,11,11,1,1568
chamba,11,11,1,1413
chamba,11,11,1,1700
chamba,11,11,1,1836
chamba,11,11,1,1713
chamba,11,11,1,1368
chamba,11,11,1,1598
chamba,11,11,1,1655
chamba,11,11,1,1691
chamba,11,11,1,1705
chamba,11,11,1,1627
chamba,11,11,1,1467
chamba,11,11,1,1812
chamba,11,11,1,1694
chamba,11,11,1,1473
chamba,11,11,1,1514
chamba,11,11,1,1802
chamba,11,11,1,1785
chamba,11,11,1,1554
chamba,11,11,1,1378
chamba,11,11,1,1383
chamba,11,11,1,1496
chamba,11,11,1,1661
chamba,11,11,1,1640
chamba,11,11,1,1664
chamba,11,11,1,1704
chamba,11,11,1,1369
chamba,11,11,1,1410
chamba,11,11,1,1532
chamba,11,11,1,1434
chamba,11,11,1,1396
chamba,11,11,1,1667
chamba,11,11,1,1751
chamba,11,11,1,1721
chamba,11,11,1,1752
chamba,11,11,1,1679
chamba,11,11,1,1712
chamba,11,11,1,1490
chamba,11,11,1,1836
chamba,11,11,1,1447
chamba,11,11,1,1462
chamba,11,11,1,1498
chamba,11,12,1,2559
chamba,11,12,1,2568
chamba,11,12,1,2438
chamba,11,12,1,2326
chamba,11,12,1,2253
chamba,11,12,1,2556
chamba,11,12,1,2371
chamba,11,12,1,2538
chamba,11,12,1,2116
chamba,11,12,1,2128
chamba,11,12,1,2478
chamba,11,12,1,2004
chamba,11,12,1,2539
chamba,11,12,1,2245
chamba,11,12,1,2526
chamba,11,12,1,2130
chamba,11,12,1,2385
chamba,11,12,1,2228
chamba,11,12,1,2325
chamba,11,12,1,2242
chamba,11,12,1,2553
chamba,11,12,1,2369
chamba,11,12,1,2072
chamba,11,12,1,2515
chamba,11,12,1,2101
chamba,11,12,1,2153
chamba,11,12,1,1972
chamba,11,12,1,2508
chamba,11,12,1,2096
chamba,11,12,1,2077
chamba,11,12,1,2522
chamba,11,12,1,2445
chamba,11,12,1,1998
chamba,11,12,1,2420
chamba,11,12,1,2517
chamba,11,12,1,1956
chamba,11,12,1,2458
chamba,11,12,1,2271
chamba,11,12,1,2353
chamba,11,12,1,2235
chamba,11,12,1,2372
chamba,11,12,1,1926
chamba,11,12,1,2416
chamba,11,12,1,1926
chamba,11,12,1,2209
chamba,11,12,1,2005
chamba,11,12,1,2457
chamba,11,12,1,2114
chamba,11,12,1,2209
chamba,11,12,1,2192
chamba,11,1,2,6057
chamba,11,1,2,5568
chamba,11,1,2,6085
chamba,11,1,2,4883
chamba,11,1,2,5081
chamba,11,1,2,5686
chamba,11,1,2,6351
chamba,11,1,2,4885
chamba,11,1,2,4832
chamba,11,1,2,5023
chamba,11,1,2,5837
chamba,11,1,2,5430
chamba,11,1,2,6146
chamba,11,1,2,4880
chamba,11,1,2,5089
chamba,11,1,2,5264
chamba,11,1,2,5812
chamba,11,1,2,5911
chamba,11,1,2,4968
chamba,11,1,2,6345
chamba,11,1,2,5332
chamba,11,1,2,5958
chamba,11,1,2,5640
chamba,11,1,2,5134
chamba,11,1,2,6181
chamba,11,1,2,6134
chamba,11,1,2,5425
chamba,11,1,2,5748
chamba,11,1,2,5193
chamba,11,1,2,5918
chamba,11,1,2,5279
chamba,11,1,2,6178
chamba,11,1,2,5125
chamba,11,1,2,4784
chamba,11,1,2,5211
chamba,11,1,2,5080
chamba,11,1,2,5613
chamba,11,1,2,5102
chamba,11,1,2,6042
chamba,11,1,2,5165
chamba,11,1,2,5947
chamba,11,1,2,5731
chamba,11,1,2,6416
chamba,11,1,2,6439
chamba,11,1,2,6220
chamba,11,1,2,6036
chamba,11,1,2,5409
chamba,11,1,2,6025
chamba,11,1,2,6367
chamba,11,1,2,4799
chamba,11,2,2,4045
chamba,11,2,2,3661
chamba,11,2,2,4069
chamba,11,2,2,3959
chamba,11,2,2,4090
chamba,11,2,2,4061
chamba,11,2,2,4552
chamba,11,2,2,4062
chamba,11,2,2,4415
chamba,11,2,2,3783
chamba,11,2,2,3925
chamba,11,2,2,3964
chamba,11,2,2,3734
chamba,11,2,2,3855
chamba,11,2,2,4118
chamba,11,2,2,4096
chamba,11,2,2,4163
chamba,11,2,2,3822
chamba,11,2,2,3778
chamba,11,2,2,4133
chamba,11,2,2,3559
chamba,11,2,2,3703
chamba,11,2,2,3450
chamba,11,2,2,3487
chamba,11,2,2,3692
chamba,11,2,2,3423
chamba,11,2,2,3694
chamba,11,2,2,4185
chamba,11,2,2,3473
chamba,11,2,2,3924
chamba,11,2,2,4495
chamba,11,2,2,4349
chamba,11,2,2,3766
chamba,11,2,2,4509
chamba,11,2,2,3795
chamba,11,2,2,3487
chamba,11,2,2,4592
chamba,11,2,2,4444
chamba,11,2,2,3959
chamba,11,2,2,4199
chamba,11,2,2,4205
chamba,11,2,2,3633
chamba,11,2,2,3640
chamba,11,2,2,3963
chamba,11,2,2,4493
chamba,11,2,2,3411
chamba,11,2,2,4339
chamba,11,2,2,3469
chamba,11,2,2,3973
chamba,11,2,2,4165
chamba,11,3,2,4224
chamba,11,3,2,3470
chamba,11,3,2,3902
chamba,11,3,2,4100
chamba,11,3,2,3479
chamba,11,3,2,3562
chamba,11,3,2,4196
chamba,11,3,2,4025
chamba,11,3,2,3594
chamba,11,3,2,4042
chamba,11,3,2,4495
chamba,11,3,2,3418
chamba,11,3,2,4171
chamba,11,3,2,3488
chamba,11,3,2,3407
chamba,11,3,2,3580
chamba,11,3,2,3907
chamba,11,3,2,4362
chamba,11,3,2,3738
chamba,11,3,2,4150
chamba,11,3,2,3893
chamba,11,3,2,3681
chamba,11,3,2,4017
chamba,11,3,2,4356
chamba,11,3,2,4398
chamba,11,3,2,4415
chamba,11,3,2,3806
chamba,11,3,2,4352
chamba,11,3,2,3654
chamba,11,3,2,4286
chamba,11,3,2,4538
chamba,11,3,2,3416
chamba,11,3,2,3928
chamba,11,3,2,4177
chamba,11,3,2,4242
chamba,11,3,2,3611
chamba,11,3,2,4566
chamba,11,3,2,4138
chamba,11,3,2,3597
chamba,11,3,2,3424
chamba,11,3,2,4339
chamba,11,3,2,3495
chamba,11,3,2,3569
chamba,11,3,2,4089
chamba,11,3,2,4124
chamba,11,3,2,4224
chamba,11,3,2,3872
chamba,11,3,2,4328
chamba,11,3,2,4569
chamba,11,3,2,3725
chamba,11,4,2,4243
chamba,11,4,2,4514
chamba,11,4,2,4223
chamba,11,4,2,4217
chamba,11,4,2,3668
chamba,11,4,2,4042
chamba,11,4,2,4075
chamba,11,4,2,4240
chamba,11,4,2,4596
chamba,11,4,2,3440
chamba,11,4,2,3478
chamba,11,4,2,3493
chamba,11,4,2,4291
chamba,11,4,2,3563
chamba,11,4,2,4146
chamba,11,4,2,3789
chamba,11,4,2,3948
chamba,11,4,2,3658
chamba,11,4,2,4439
chamba,11,4,2,4103
chamba,11,4,2,4533
chamba,11,4,2,4089
chamba,11,4,2,3548
chamba,11,4,2,3605
chamba,11,4,2,4586
chamba,11,4,2,4270
chamba,11,4,2,3459
chamba,11,4,2,4244
chamba,11,4,2,3894
chamba,11,4,2,3768
chamba,11,4,2,3584
chamba,11,4,2,4407
chamba,11,4,2,3476
chamba,11,4,2,3747
chamba,11,4,2,3767
chamba,11,4,2,3593
chamba,11,4,2,4009
chamba,11,4,2,3414
chamba,11,4,2,3761
chamba,11,4,2,4520
chamba,11,4,2,3772
chamba,11,4,2,3832
chamba,11,4,2,3967
chamba,11,4,2,4074
chamba,11,4,2,4370
chamba,11,4,2,3628
chamba,11,4,2,4446
chamba,11,4,2,4309
chamba,11,4,2,4267
chamba,11,4,2,3504
chamba,11,5,2,5481
chamba,11,5,2,6580
chamba,11,5,2,7097
chamba,11,5,2,6562
chamba,11,5,2,5849
chamba,11,5,2,5613
chamba,11,5,2,6783
chamba,11,5,2,6825
chamba,11,5,2,5771
chamba,11,5,2,5494
chamba,11,5,2,6223
chamba,11,5,2,6558
chamba,11,5,2,6795
chamba,11,5,2,6995
chamba,11,5,2,6612
chamba,11,5,2,5652
chamba,11,5,2,6750
chamba,11,5,2,7329
chamba,11,5,2,7178
chamba,11,5,2,7113
chamba,11,5,2,6020
chamba,11,5,2,6881
chamba,11,5,2,7074
chamba,11,5,2,6742
chamba,11,5,2,5921
chamba,11,5,2,7271
chamba,11,5,2,6305
chamba,11,5,2,5689
chamba,11,5,2,5650
chamba,11,5,2,6683
chamba,11,5,2,6280
chamba,11,5,2,5621
chamba,11,5,2,6861
chamba,11,5,2,6974
chamba,11,5,2,6832
chamba,11,5,2,5828
chamba,11,5,2,6764
chamba,11,5,2,5460
chamba,11,5,2,6025
chamba,11,5,2,6205
chamba,11,5,2,7043
chamba,11,5,2,6189
chamba,11,5,2,5461
chamba,11,5,2,6116
chamba,11,5,2,6397
chamba,11,5,2,7262
chamba,11,5,2,7246
chamba,11,5,2,5787
chamba,11,5,2,5795
chamba,11,5,2,5753
chamba,11,6,2,6954
chamba,11,6,2,5451
chamba,11,6,2,5684
chamba,11,6,2,6472
chamba,11,6,2,5915
chamba,11,6,2,5617
chamba,11,6,2,6130
chamba,11,6,2,5966
chamba,11,6,2,6421
chamba,11,6,2,7320
chamba,11,6,2,5678
chamba,11,6,2,6155
chamba,11,6,2,7229
chamba,11,6,2,7123
chamba,11,6,2,6197
chamba,11,6,2,6781
chamba,11,6,2,5608
chamba,11,6,2,6808
chamba,11,6,2,7307
chamba,11,6,2,6471
chamba,11,6,2,6397
chamba,11,6,2,5799
chamba,11,6,2,6656
chamba,11,6,2,6573
chamba,11,6,2,6691
chamba,11,6,2,5490
chamba,11,6,2,6493
chamba,11,6,2,6582
chamba,11,6,2,5838
chamba,11,6,2,5839
chamba,11,6,2,5970
chamba,11,6,2,6806
chamba,11,6,2,6604
chamba,11,6,2,7063
chamba,11,6,2,6007
chamba,11,6,2,7191
chamba,11,6,2,6867
chamba,11,6,2,6198
chamba,11,6,2,5622
chamba,11,6,2,5933
chamba,11,6,2,7276
chamba,11,6,2,6035
chamba,11,6,2,6073
chamba,11,6,2,5804
chamba,11,6,2,6989
chamba,11,6,2,5969
chamba,11,6,2,6074
chamba,11,6,2,6235
chamba,11,6,2,6272
chamba,11,6,2,6229
chamba,11,7,2,3003
chamba,11,7,2,3283
chamba,11,7,2,3287
chamba,11,7,2,3268
chamba,11,7,2,2641
chamba,11,7,2,3269
chamba,11,7,2,2658
chamba,11,7,2,2662
chamba,11,7,2,3403
chamba,11,7,2,3287
chamba,11,7,2,3047
chamba,11,7,2,3337
chamba,11,7,2,3440
chamba,11,7,2,3099
chamba,11,7,2,3101
chamba,11,7,2,3228
chamba,11,7,2,2758
chamba,11,7,2,2700
chamba,11,7,2,3233
chamba,11,7,2,2860
chamba,11,7,2,2671
chamba,11,7,2,2833
chamba,11,7,2,2872
chamba,11,7,2,3418
chamba,11,7,2,3178
chamba,11,7,2,3027
chamba,11,7,2,3421
chamba,11,7,2,3362
chamba,11,7,2,3010
chamba,11,7,2,3365
chamba,11,7,2,2913
chamba,11,7,2,2757
chamba,11,7,2,2759
chamba,11,7,2,3146
chamba,11,7,2,3000
chamba,11,7,2,3143
chamba,11,7,2,3167
chamba,11,7,2,2570
chamba,11,7,2,2598
chamba,11,7,2,3029
chamba,11,7,2,2721
chamba,11,7,2,3119
chamba,11,7,2,3046
chamba,11,7,2,3077
chamba,11,7,2,2822
chamba,11,7,2,3125
chamba,11,7,2,3296
chamba,11,7,2,3448
chamba,11,7,2,3304
chamba,11,7,2,3051
chamba,11,8,2,2724
chamba,11,8,2,3163
chamba,11,8,2,3393
chamba,11,8,2,2740
chamba,11,8,2,2780
chamba,11,8,2,2684
chamba,11,8,2,3213
chamba,11,8,2,2915
chamba,11,8,2,2606
chamba,11,8,2,3337
chamba,11,8,2,3051
chamba,11,8,2,2847
chamba,11,8,2,2859
chamba,11,8,2,2811
chamba,11,8,2,2959
chamba,11,8,2,2853
chamba,11,8,2,3043
chamba,11,8,2,3246
chamba,11,8,2,3157
chamba,11,8,2,2815
chamba,11,8,2,3025
chamba,11,8,2,3306
chamba,11,8,2,2611
chamba,11,8,2,2620
chamba,11,8,2,3050
chamba,11,8,2,3125
chamba,11,8,2,2740
chamba,11,8,2,3220
chamba,11,8,2,3131
chamba,11,8,2,3380
chamba,11,8,2,2702
chamba,11,8,2,3226
chamba,11,8,2,2625
chamba,11,8,2,3058
chamba,11,8,2,3046
chamba,11,8,2,2899
chamba,11,8,2,3310
chamba,11,8,2,2553
chamba,11,8,2,3018
chamba,11,8,2,2745
chamba,11,8,2,3219
chamba,11,8,2,2588
chamba,11,8,2,3298
chamba,11,8,2,3304
chamba,11,8,2,3299
chamba,11,8,2,2687
chamba,11,8,2,3117
chamba,11,8,2,2562
chamba,11,8,2,3313
chamba,11,8,2,3200
chamba,11,9,2,4037
chamba,11,9,2,4276
chamba,11,9,2,3513
chamba,11,9,2,4034
chamba,11,9,2,3749
chamba,11,9,2,4567
chamba,11,9,2,4428
chamba,11,9,2,4279
chamba,11,9,2,4520
chamba,11,9,2,3816
chamba,11,9,2,4481
chamba,11,9,2,3790
chamba,11,9,2,4279
chamba,11,9,2,4283
chamba,11,9,2,3422
chamba,11,9,2,3833
chamba,11,9,2,3423
chamba,11,9,2,4596
chamba,11,9,2,3546
chamba,11,9,2,4051
chamba,11,9,2,4348
chamba,11,9,2,3641
chamba,11,9,2,3982
chamba,11,9,2,4128
chamba,11,9,2,3592
chamba,11,9,2,4334
chamba,11,9,2,3759
chamba,11,9,2,3653
chamba,11,9,2,4069
chamba,11,9,2,3892
chamba,11,9,2,4504
chamba,11,9,2,4456
chamba,11,9,2,3980
chamba,11,9,2,3831
chamba,11,9,2,3790
chamba,11,9,2,3721
chamba,11,9,2,4053
chamba,11,9,2,4365
chamba,11,9,2,3772
chamba,11,9,2,3628
chamba,11,9,2,3970
chamba,11,9,2,3482
chamba,11,9,2,4241
chamba,11,9,2,4022
chamba,11,9,2,3995
chamba,11,9,2,3760
chamba,11,9,2,4485
chamba,11,9,2,3508
chamba,11,9,2,4443
chamba,11,9,2,3852
chamba,11,10,2,4456
chamba,11,10,2,4274
chamba,11,10,2,3525
chamba,11,10,2,4397
chamba,11,10,2,4218
chamba,11,10,2,3438
chamba,11,10,2,3560
chamba,11,10,2,4162
chamba,11,10,2,4195
chamba,11,10,2,4295
chamba,11,10,2,4264
chamba,11,10,2,4191
chamba,11,10,2,4319
chamba,11,10,2,4090
chamba,11,10,2,3712
chamba,11,10,2,4494
chamba,11,10,2,3421
chamba,11,10,2,3839
chamba,11,10,2,4274
chamba,11,10,2,3912
chamba,11,10,2,3429
chamba,11,10,2,3479
chamba,11,10,2,4178
chamba,11,10,2,4557
chamba,11,10,2,4062
chamba,11,10,2,4008
chamba,11,10,2,3781
chamba,11,10,2,3708
chamba,11,10,2,3425
chamba,11,10,2,3727
chamba,11,10,2,3938
chamba,11,10,2,3637
chamba,11,10,2,3504
chamba,11,10,2,4261
chamba,11,10,2,4473
chamba,11,10,2,4524
chamba,11,10,2,4141
chamba,11,10,2,3463
chamba,11,10,2,4289
chamba,11,10,2,3532
chamba,11,10,2,4203
chamba,11,10,2,4335
chamba,11,10,2,4271
chamba,11,10,2,4542
chamba,11,10,2,4285
chamba,11,10,2,4231
chamba,11,10,2,3714
chamba,11,10,2,4509
chamba,11,10,2,3615
chamba,11,10,2,4485
chamba,11,11,2,3775
chamba,11,11,2,3556
chamba,11,11,2,4392
chamba,11,11,2,3402
chamba,11,11,2,4398
chamba,11,11,2,3714
chamba,11,11,2,4461
chamba,11,11,2,4229
chamba,11,11,2,4199
chamba,11,11,2,3838
chamba,11,11,2,3471
chamba,11,11,2,4396
chamba,11,11,2,3605
chamba,11,11,2,3846
chamba,11,11,2,4120
chamba,11,11,2,3978
chamba,11,11,2,3638
chamba,11,11,2,3568
chamba,11,11,2,3547
chamba,11,11,2,4435
chamba,11,11,2,3437
chamba,11,11,2,4572
chamba,11,11,2,3638
chamba,11,11,2,3532
chamba,11,11,2,4092
chamba,11,11,2,3495
chamba,11,11,2,4122
chamba,11,11,2,4420
chamba,11,11,2,3457
chamba,11,11,2,4359
chamba,11,11,2,3873
chamba,11,11,2,3591
chamba,11,11,2,3611
chamba,11,11,2,4502
chamba,11,11,2,3532
chamba,11,11,2,4440
chamba,11,11,2,4053
chamba,11,11,2,3446
chamba,11,11,2,3957
chamba,11,11,2,4380
chamba,11,11,2,4271
chamba,11,11,2,3986
chamba,11,11,2,4432
chamba,11,11,2,3544
chamba,11,11,2,4491
chamba,11,11,2,4415
chamba,11,11,2,4249
chamba,11,11,2,4381
chamba,11,11,2,4052
chamba,11,11,2,4210
chamba,11,12,2,5701
chamba,11,12,2,5357
chamba,11,12,2,5715
chamba,11,12,2,5192
chamba,11,12,2,5499
chamba,11,12,2,5231
chamba,11,12,2,4966
chamba,11,12,2,5300
chamba,11,12,2,6191
chamba,11,12,2,5400
chamba,11,12,2,6016
chamba,11,12,2,5054
chamba,11,12,2,5473
chamba,11,12,2,4952
chamba,11,12,2,4992
chamba,11,12,2,5797
chamba,11,12,2,5780
chamba,11,12,2,5118
chamba,11,12,2,5557
chamba,11,12,2,6210
chamba,11,12,2,5052
chamba,11,12,2,4792
chamba,11,12,2,5855
chamba,11,12,2,4849
chamba,11,12,2,6406
chamba,11,12,2,5784
chamba,11,12,2,5550
chamba,11,12,2,5482
chamba,11,12,2,5722
chamba,11,12,2,4912
chamba,11,12,2,6322
chamba,11,12,2,5811
chamba,11,12,2,5069
chamba,11,12,2,5705
chamba,11,12,2,4983
chamba,11,12,2,4789
chamba,11,12,2,5819
chamba,11,12,2,5849
chamba,11,12,2,5740
chamba,11,12,2,5068
chamba,11,12,2,5773
chamba,11,12,2,4854
chamba,11,12,2,5783
chamba,11,12,2,5690
chamba,11,12,2,5860
chamba,11,12,2,6264
chamba,11,12,2,6188
chamba,11,12,2,6407
chamba,11,12,2,6400
chamba,11,12,2,6057
solan,12,1,0,1313
solan,12,1,0,1282
solan,12,1,0,1233
solan,12,1,0,1007
solan,12,1,0,998
solan,12,1,0,1271
solan,12,1,0,1151
solan,12,1,0,1264
solan,12,1,0,1090
solan,12,1,0,1119
solan,12,1,0,1224
solan,12,1,0,1298
solan,12,1,0,1012
solan,12,1,0,1280
solan,12,1,0,1256
solan,12,1,0,1091
solan,12,1,0,1104
solan,12,1,0,997
solan,12,1,0,987
solan,12,1,0,1147
solan,12,1,0,1014
solan,12,1,0,1048
solan,12,1,0,1275
solan,12,1,0,1179
solan,12,1,0,1201
solan,12,1,0,1046
solan,12,1,0,1268
solan,12,1,0,1282
solan,12,1,0,1163
solan,12,1,0,1297
solan,12,1,0,1274
solan,12,1,0,1235
solan,12,1,0,1236
solan,12,1,0,1018
solan,12,1,0,1075
solan,12,1,0,1004
solan,12,1,0,984
solan,12,1,0,1036
solan,12,1,0,1286
solan,12,1,0,1064
solan,12,1,0,1317
solan,12,1,0,1188
solan,12,1,0,1063
solan,12,1,0,1154
solan,12,1,0,1057
solan,12,1,0,1322
solan,12,1,0,1275
solan,12,1,0,990
solan,12,1,0,1310
solan,12,1,0,1231
solan,12,2,0,721
solan,12,2,0,867
solan,12,2,0,861
solan,12,2,0,755
solan,12,2,0,888
solan,12,2,0,722
solan,12,2,0,822
solan,12,2,0,703
solan,12,2,0,941
solan,12,2,0,887
solan,12,2,0,740
solan,12,2,0,785
solan,12,2,0,740
solan,12,2,0,890
solan,12,2,0,715
solan,12,2,0,909
solan,12,2,0,934
solan,12,2,0,868
solan,12,2,0,753
solan,12,2,0,790
solan,12,2,0,819
solan,12,2,0,850
solan,12,2,0,866
solan,12,2,0,838
solan,12,2,0,788
solan,12,2,0,921
solan,12,2,0,721
solan,12,2,0,816
solan,12,2,0,893
solan,12,2,0,716
solan,12,2,0,875
solan,12,2,0,904
solan,12,2,0,864
solan,12,2,0,704
solan,12,2,0,745
solan,12,2,0,785
solan,12,2,0,759
solan,12,2,0,939
solan,12,2,0,862
solan,12,2,0,774
solan,12,2,0,931
solan,12,2,0,884
solan,12,2,0,771
solan,12,2,0,795
solan,12,2,0,750
solan,12,2,0,941
solan,12,2,0,829
solan,12,2,0,923
solan,12,2,0,787
solan,12,2,0,914
solan,12,3,0,714
solan,12,3,0,944
solan,12,3,0,926
solan,12,3,0,791
solan,12,3,0,892
solan,12,3,0,887
solan,12,3,0,924
solan,12,3,0,777
solan,12,3,0,816
solan,12,3,0,915
solan,12,3,0,893
solan,12,3,0,798
solan,12,3,0,910
solan,12,3,0,712
solan,12,3,0,894
solan,12,3,0,752
solan,12,3,0,772
solan,12,3,0,823
solan,12,3,0,812
solan,12,3,0,830
solan,12,3,0,836
solan,12,3,0,783
solan,12,3,0,744
solan,12,3,0,891
solan,12,3,0,800
solan,12,3,0,826
solan,12,3,0,860
solan,12,3,0,926
solan,12,3,0,876
solan,12,3,0,712
solan,12,3,0,908
solan,12,3,0,946
solan,12,3,0,818
solan,12,3,0,941
solan,12,3,0,836
solan,12,3,0,815
solan,12,3,0,783
solan,12,3,0,863
solan,12,3,0,758
solan,12,3,0,727
solan,12,3,0,707
solan,12,3,0,773
solan,12,3,0,799
solan,12,3,0,837
solan,12,3,0,773
solan,12,3,0,944
solan,12,3,0,773
solan,12,3,0,810
solan,12,3,0,726
solan,12,3,0,765
solan,12,4,0,713
solan,12,4,0,839
solan,12,4,0,887
solan,12,4,0,749
solan,12,4,0,792
solan,12,4,0,705
solan,12,4,0,909
solan,12,4,0,894
solan,12,4,0,716
solan,12,4,0,791
solan,12,4,0,937
solan,12,4,0,798
solan,12,4,0,831
solan,12,4,0,789
solan,12,4,0,848
solan,12,4,0,943
solan,12,4,0,948
solan,12,4,0,892
solan,12,4,0,801
solan,12,4,0,823
solan,12,4,0,789
solan,12,4,0,945
solan,12,4,0,876
solan,12,4,0,812
solan,12,4,0,704
solan,12,4,0,830
solan,12,4,0,944
solan,12,4,0,830
solan,12,4,0,746
solan,12,4,0,706
solan,12,4,0,789
solan,12,4,0,928
solan,12,4,0,947
solan,12,4,0,935
solan,12,4,0,881
solan,12,4,0,839
solan,12,4,0,847
solan,12,4,0,834
solan,12,4,0,876
solan,12,4,0,804
solan,12,4,0,866
solan,12,4,0,731
solan,12,4,0,767
solan,12,4,0,908
solan,12,4,0,924
solan,12,4,0,834
solan,12,4,0,709
solan,12,4,0,930
solan,12,4,0,875
solan,12,4,0,803
solan,12,5,0,1358
solan,12,5,0,1292
solan,12,5,0,1306
solan,12,5,0,1473
solan,12,5,0,1185
solan,12,5,0,1163
solan,12,5,0,1123
solan,12,5,0,1246
solan,12,5,0,1180
solan,12,5,0,1209
solan,12,5,0,1126
solan,12,5,0,1211
solan,12,5,0,1253
solan,12,5,0,1134
solan,12,5,0,1362
solan,12,5,0,1347
solan,12,5,0,1160
solan,12,5,0,1357
solan,12,5,0,1517
solan,12,5,0,1496
solan,12,5,0,1123
solan,12,5,0,1436
solan,12,5,0,1262
solan,12,5,0,1147
solan,12,5,0,1239
solan,12,5,0,1249
solan,12,5,0,1329
solan,12,5,0,1383
solan,12,5,0,1418
solan,12,5,0,1219
solan,12,5,0,1249
solan,12,5,0,1244
solan,12,5,0,1265
solan,12,5,0,1517
solan,12,5,0,1430
solan,12,5,0,1508
solan,12,5,0,1396
solan,12,5,0,1282
solan,12,5,0,1276
solan,12,5,0,1315
solan,12,5,0,1287
solan,12,5,0,1450
solan,12,5,0,1306
solan,12,5,0,1239
solan,12,5,0,1428
solan,12,5,0,1460
solan,12,5,0,1288
solan,12,5,0,1386
solan,12,5,0,1145
solan,12,5,0,1331
solan,12,6,0,1139
solan,12,6,0,1133
solan,12,6,0,1364
solan,12,6,0,1242
solan,12,6,0,1416
solan,12,6,0,1476
solan,12,6,0,1177
solan,12,6,0,1408
solan,12,6,0,1325
solan,12,6,0,1166
solan,12,6,0,1380
solan,12,6,0,1363
solan,12,6,0,1326
solan,12,6,0,1488
solan,12,6,0,1328
solan,12,6,0,1514
solan,12,6,0,1323
solan,12,6,0,1167
solan,12,6,0,1308
solan,12,6,0,1194
solan,12,6,0,1358
solan,12,6,0,1396
solan,12,6,0,1307
solan,12,6,0,1160
solan,12,6,0,1307
solan,12,6,0,1154
solan,12,6,0,1392
solan,12,6,0,1434
solan,12,6,0,1503
solan,12,6,0,1180
solan,12,6,0,1332
solan,12,6,0,1346
solan,12,6,0,1487
solan,12,6,0,1370
solan,12,6,0,1179
solan,12,6,0,1294
solan,12,6,0,1381
solan,12,6,0,1399
solan,12,6,0,1463
solan,12,6,0,1193
solan,12,6,0,1498
solan,12,6,0,1145
solan,12,6,0,1511
solan,12,6,0,1461
solan,12,6,0,1383
solan,12,6,0,1413
solan,12,6,0,1150
solan,12,6,0,1138
solan,12,6,0,1162
solan,12,6,0,1156
solan,12,7,0,627
solan,12,7,0,600
solan,12,7,0,685
solan,12,7,0,608
solan,12,7,0,655
solan,12,7,0,647
solan,12,7,0,600
solan,12,7,0,600
solan,12,7,0,600
solan,12,7,0,673
solan,12,7,0,634
solan,12,7,0,600
solan,12,7,0,677
solan,12,7,0,600
solan,12,7,0,655
solan,12,7,0,607
solan,12,7,0,661
solan,12,7,0,698
solan,12,7,0,665
solan,12,7,0,607
solan,12,7,0,600
solan,12,7,0,675
solan,12,7,0,611
solan,12,7,0,600
solan,12,7,0,659
solan,12,7,0,600
solan,12,7,0,600
solan,12,7,0,693
solan,12,7,0,615
solan,12,7,0,600
solan,12,7,0,658
solan,12,7,0,690
solan,12,7,0,600
solan,12,7,0,653
solan,12,7,0,668
solan,12,7,0,600
solan,12,7,0,616
solan,12,7,0,600
solan,12,7,0,664
solan,12,7,0,683
solan,12,7,0,600
solan,12,7,0,677
solan,12,7,0,669
solan,12,7,0,600
solan,12,7,0,654
solan,12,7,0,600
solan,12,7,0,698
solan,12,7,0,628
solan,12,7,0,641
solan,12,7,0,649
solan,12,8,0,630
solan,12,8,0,684
solan,12,8,0,639
solan,12,8,0,694
solan,12,8,0,634
solan,12,8,0,600
solan,12,8,0,695
solan,12,8,0,652
solan,12,8,0,655
solan,12,8,0,708
solan,12,8,0,600
solan,12,8,0,605
solan,12,8,0,600
solan,12,8,0,642
solan,12,8,0,675
solan,12,8,0,705
solan,12,8,0,610
solan,12,8,0,671
solan,12,8,0,696
solan,12,8,0,652
solan,12,8,0,600
solan,12,8,0,638
solan,12,8,0,705
solan,12,8,0,709
solan,12,8,0,645
solan,12,8,0,690
solan,12,8,0,600
solan,12,8,0,600
solan,12,8,0,702
solan,12,8,0,600
solan,12,8,0,600
solan,12,8,0,604
solan,12,8,0,635
solan,12,8,0,638
solan,12,8,0,600
solan,12,8,0,696
solan,12,8,0,695
solan,12,8,0,600
solan,12,8,0,606
solan,12,8,0,656
solan,12,8,0,649
solan,12,8,0,600
solan,12,8,0,602
solan,12,8,0,600
solan,12,8,0,600
solan,12,8,0,610
solan,12,8,0,653
solan,12,8,0,663
solan,12,8,0,670
solan,12,8,0,600
solan,12,9,0,890
solan,12,9,0,702
solan,12,9,0,819
solan,12,9,0,897
solan,12,9,0,857
solan,12,9,0,818
solan,12,9,0,860
solan,12,9,0,925
solan,12,9,0,841
solan,12,9,0,899
solan,12,9,0,943
solan,12,9,0,875
solan,12,9,0,843
solan,12,9,0,710
solan,12,9,0,793
solan,12,9,0,841
solan,12,9,0,898
solan,12,9,0,809
solan,12,9,0,938
solan,12,9,0,768
solan,12,9,0,885
solan,12,9,0,804
solan,12,9,0,821
solan,12,9,0,899
solan,12,9,0,774
solan,12,9,0,725
solan,12,9,0,830
solan,12,9,0,832
solan,12,9,0,898
solan,12,9,0,940
solan,12,9,0,714
solan,12,9,0,847
solan,12,9,0,869
solan,12,9,0,945
solan,12,9,0,934
solan,12,9,0,877
solan,12,9,0,830
solan,12,9,0,741
solan,12,9,0,796
solan,12,9,0,846
solan,12,9,0,880
solan,12,9,0,858
solan,12,9,0,877
solan,12,9,0,807
solan,12,9,0,881
solan,12,9,0,736
solan,12,9,0,741
solan,12,9,0,741
solan,12,9,0,921
solan,12,9,0,720
solan,12,10,0,899
solan,12,10,0,759
solan,12,10,0,817
solan,12,10,0,927
solan,12,10,0,846
solan,12,10,0,753
solan,12,10,0,771
solan,12,10,0,929
solan,12,10,0,806
solan,12,10,0,846
solan,12,10,0,815
solan,12,10,0,794
solan,12,10,0,756
solan,12,10,0,871
solan,12,10,0,879
solan,12,10,0,769
solan,12,10,0,896
solan,12,10,0,912
solan,12,10,0,929
solan,12,10,0,741
solan,12,10,0,776
solan,12,10,0,914
solan,12,10,0,750
solan,12,10,0,702
solan,12,10,0,916
solan,12,10,0,782
solan,12,10,0,803
solan,12,10,0,811
solan,12,10,0,911
solan,12,10,0,784
solan,12,10,0,922
solan,12,10,0,853
solan,12,10,0,831
solan,12,10,0,781
solan,12,10,0,761
solan,12,10,0,855
solan,12,10,0,811
solan,12,10,0,926
solan,12,10,0,822
solan,12,10,0,827
solan,12,10,0,804
solan,12,10,0,896
solan,12,10,0,806
solan,12,10,0,767
solan,12,10,0,914
solan,12,10,0,848
solan,12,10,0,847
solan,12,10,0,852
solan,12,10,0,879
solan,12,10,0,778
solan,12,11,0,709
solan,12,11,0,901
solan,12,11,0,733
solan,12,11,0,879
solan,12,11,0,721
solan,12,11,0,794
solan,12,11,0,716
solan,12,11,0,830
solan,12,11,0,862
solan,12,11,0,743
solan,12,11,0,793
solan,12,11,0,931
solan,12,11,0,810
solan,12,11,0,899
solan,12,11,0,930
solan,12,11,0,942
solan,12,11,0,923
solan,12,11,0,779
solan,12,11,0,939
solan,12,11,0,902
solan,12,11,0,908
solan,12,11,0,705
solan,12,11,0,937
solan,12,11,0,893
solan,12,11,0,891
solan,12,11,0,721
solan,12,11,0,758
solan,12,11,0,939
solan,12,11,0,825
solan,12,11,0,799
solan,12,11,0,909
solan,12,11,0,722
solan,12,11,0,804
solan,12,11,0,794
solan,12,11,0,787
solan,12,11,0,777
solan,12,11,0,753
solan,12,11,0,744
solan,12,11,0,859
solan,12,11,0,928
solan,12,11,0,827
solan,12,11,0,774
solan,12,11,0,740
solan,12,11,0,906
solan,12,11,0,941
solan,12,11,0,787
solan,12,11,0,773
solan,12,11,0,850
solan,12,11,0,893
solan,12,11,0,813
solan,12,12,0,1200
solan,12,12,0,1230
solan,12,12,0,1314
solan,12,12,0,1038
solan,12,12,0,1327
solan,12,12,0,1117
solan,12,12,0,1232
solan,12,12,0,1180
solan,12,12,0,1150
solan,12,12,0,1223
solan,12,12,0,1118
solan,12,12,0,1025
solan,12,12,0,1151
solan,12,12,0,1162
solan,12,12,0,1051
solan,12,12,0,1305
solan,12,12,0,1060
solan,12,12,0,1123
solan,12,12,0,1035
solan,12,12,0,1167
solan,12,12,0,1088
solan,12,12,0,1151
solan,12,12,0,1059
solan,12,12,0,1000
solan,12,12,0,1251
solan,12,12,0,1203
solan,12,12,0,1099
solan,12,12,0,998
solan,12,12,0,1281
solan,12,12,0,1040
solan,12,12,0,1304
solan,12,12,0,1147
solan,12,12,0,1099
solan,12,12,0,1238
solan,12,12,0,1285
solan,12,12,0,1110
solan,12,12,0,1122
solan,12,12,0,1131
solan,12,12,0,1301
solan,12,12,0,1221
solan,12,12,0,1067
solan,12,12,0,1045
solan,12,12,0,1061
solan,12,12,0,1073
solan,12,12,0,1061
solan,12,12,0,1209
solan,12,12,0,1021
solan,12,12,0,1115
solan,12,12,0,1198
solan,12,12,0,1082
solan,12,1,1,1826
solan,12,1,1,1836
solan,12,1,1,1864
solan,12,1,1,2311
solan,12,1,1,2199
solan,12,1,1,1825
solan,12,1,1,2031
solan,12,1,1,1960
solan,12,1,1,2149
solan,12,1,1,2114
solan,12,1,1,2088
solan,12,1,1,1983
solan,12,1,1,1871
solan,12,1,1,2252
solan,12,1,1,2339
solan,12,1,1,2379
solan,12,1,1,1821
solan,12,1,1,2251
solan,12,1,1,2242
solan,12,1,1,2381
solan,12,1,1,1944
solan,12,1,1,2252
solan,12,1,1,1819
solan,12,1,1,2182
solan,12,1,1,2006
solan,12,1,1,2269
solan,12,1,1,2328
solan,12,1,1,2014
solan,12,1,1,2116
solan,12,1,1,1858
solan,12,1,1,2047
solan,12,1,1,2012
solan,12,1,1,1900
solan,12,1,1,2348
solan,12,1,1,1878
solan,12,1,1,2185
solan,12,1,1,2345
solan,12,1,1,2359
solan,12,1,1,2284
solan,12,1,1,1895
solan,12,1,1,2299
solan,12,1,1,1959
solan,12,1,1,2366
solan,12,1,1,2231
solan,12,1,1,2279
solan,12,1,1,1838
solan,12,1,1,2152
solan,12,1,1,2302
solan,12,1,1,2327
solan,12,1,1,1803
solan,12,2,1,1697
solan,12,2,1,1294
solan,12,2,1,1551
solan,12,2,1,1587
solan,12,2,1,1323
solan,12,2,1,1296
solan,12,2,1,1628
solan,12,2,1,1448
solan,12,2,1,1323
solan,12,2,1,1618
solan,12,2,1,1657
solan,12,2,1,1539
solan,12,2,1,1347
solan,12,2,1,1281
solan,12,2,1,1590
solan,12,2,1,1522
solan,12,2,1,1567
solan,12,2,1,1640
solan,12,2,1,1470
solan,12,2,1,1331
solan,12,2,1,1697
solan,12,2,1,1520
solan,12,2,1,1551
solan,12,2,1,1695
solan,12,2,1,1694
solan,12,2,1,1532
solan,12,2,1,1408
solan,12,2,1,1723
solan,12,2,1,1581
solan,12,2,1,1458
solan,12,2,1,1526
solan,12,2,1,1462
solan,12,2,1,1674
solan,12,2,1,1492
solan,12,2,1,1645
solan,12,2,1,1653
solan,12,2,1,1645
solan,12,2,1,1599
solan,12,2,1,1659
solan,12,2,1,1449
solan,12,2,1,1326
solan,12,2,1,1654
solan,12,2,1,1499
solan,12,2,1,1332
solan,12,2,1,1326
solan,12,2,1,1346
solan,12,2,1,1612
solan,12,2,1,1594
solan,12,2,1,1366
solan,12,2,1,1656
solan,12,3,1,1401
solan,12,3,1,1631
solan,12,3,1,1494
solan,12,3,1,1604
solan,12,3,1,1446
solan,12,3,1,1431
solan,12,3,1,1653
solan,12,3,1,1290
solan,12,3,1,1713
solan,12,3,1,1566
solan,12,3,1,1469
solan,12,3,1,1557
solan,12,3,1,1330
solan,12,3,1,1506
solan,12,3,1,1718
solan,12,3,1,1380
solan,12,3,1,1600
solan,12,3,1,1470
solan,12,3,1,1568
solan,12,3,1,1367
solan,12,3,1,1486
solan,12,3,1,1716
solan,12,3,1,1362
solan,12,3,1,1561
solan,12,3,1,1534
solan,12,3,1,1529
solan,12,3,1,1551
solan,12,3,1,1501
solan,12,3,1,1282
solan,12,3,1,1680
solan,12,3,1,1647
solan,12,3,1,1353
solan,12,3,1,1460
solan,12,3,1,1621
solan,12,3,1,1716
solan,12,3,1,1703
solan,12,3,1,1679
solan,12,3,1,1346
solan,12,3,1,1686
solan,12,3,1,1670
solan,12,3,1,1444
solan,12,3,1,1452
solan,12,3,1,1481
solan,12,3,1,1570
solan,12,3,1,1392
solan,12,3,1,1285
solan,12,3,1,1338
solan,12,3,1,1473
solan,12,3,1,1401
solan,12,3,1,1619
solan,12,4,1,1323
solan,12,4,1,1687
solan,12,4,1,1677
solan,12,4,1,1683
solan,12,4,1,1607
solan,12,4,1,1323
solan,12,4,1,1472
solan,12,4,1,1334
solan,12,4,1,1719
solan,12,4,1,1424
solan,12,4,1,1538
solan,12,4,1,1625
solan,12,4,1,1689
solan,12,4,1,1614
solan,12,4,1,1578
solan,12,4,1,1484
solan,12,4,1,1547
solan,12,4,1,1317
solan,12,4,1,1672
solan,12,4,1,1519
solan,12,4,1,1293
solan,12,4,1,1688
solan,12,4,1,1495
solan,12,4,1,1665
solan,12,4,1,1660
solan,12,4,1,1642
solan,12,4,1,1302
solan,12,4,1,1386
solan,12,4,1,1668
solan,12,4,1,1679
solan,12,4,1,1481
solan,12,4,1,1473
solan,12,4,1,1353
solan,12,4,1,1710
solan,12,4,1,1370
solan,12,4,1,1360
solan,12,4,1,1572
solan,12,4,1,1384
solan,12,4,1,1697
solan,12,4,1,1279
solan,12,4,1,1277
solan,12,4,1,1502
solan,12,4,1,1494
solan,12,4,1,1348
solan,12,4,1,1497
solan,12,4,1,1460
solan,12,4,1,1675
solan,12,4,1,1279
solan,12,4,1,1714
solan,12,4,1,1555
solan,12,5,1,2149
solan,12,5,1,2073
solan,12,5,1,2427
solan,12,5,1,2209
solan,12,5,1,2256
solan,12,5,1,2216
solan,12,5,1,2508
solan,12,5,1,2438
solan,12,5,1,2096
solan,12,5,1,2419
solan,12,5,1,2609
solan,12,5,1,2098
solan,12,5,1,2680
solan,12,5,1,2456
solan,12,5,1,2724
solan,12,5,1,2146
solan,12,5,1,2755
solan,12,5,1,2503
solan,12,5,1,2448
solan,12,5,1,2411
solan,12,5,1,2057
solan,12,5,1,2716
solan,12,5,1,2503
solan,12,5,1,2105
solan,12,5,1,2055
solan,12,5,1,2076
solan,12,5,1,2478
solan,12,5,1,2482
solan,12,5,1,2399
solan,12,5,1,2260
solan,12,5,1,2422
solan,12,5,1,2411
solan,12,5,1,2053
solan,12,5,1,2243
solan,12,5,1,2078
solan,12,5,1,2688
solan,12,5,1,2562
solan,12,5,1,2757
solan,12,5,1,2257
solan,12,5,1,2672
solan,12,5,1,2474
solan,12,5,1,2366
solan,12,5,1,2200
solan,12,5,1,2571
solan,12,5,1,2690
solan,12,5,1,2209
solan,12,5,1,2166
solan,12,5,1,2541
solan,12,5,1,2743
solan,12,5,1,2579
solan,12,6,1,2244
solan,12,6,1,2342
solan,12,6,1,2316
solan,12,6,1,2653
solan,12,6,1,2595
solan,12,6,1,2464
solan,12,6,1,2237
solan,12,6,1,2715
solan,12,6,1,2510
solan,12,6,1,2738
solan,12,6,1,2457
solan,12,6,1,2631
solan,12,6,1,2625
solan,12,6,1,2282
solan,12,6,1,2734
solan,12,6,1,2055
solan,12,6,1,2593
solan,12,6,1,2735
solan,12,6,1,2284
solan,12,6,1,2506
solan,12,6,1,2444
solan,12,6,1,2588
solan,12,6,1,2663
solan,12,6,1,2474
solan,12,6,1,2627
solan,12,6,1,2264
solan,12,6,1,2204
solan,12,6,1,2350
solan,12,6,1,2527
solan,12,6,1,2174
solan,12,6,1,2529
solan,12,6,1,2323
solan,12,6,1,2612
solan,12,6,1,2066
solan,12,6,1,2520
solan,12,6,1,2507
solan,12,6,1,2717
solan,12,6,1,2553
solan,12,6,1,2613
solan,12,6,1,2691
solan,12,6,1,2526
solan,12,6,1,2248
solan,12,6,1,2666
solan,12,6,1,2578
solan,12,6,1,2345
solan,12,6,1,2551
solan,12,6,1,2664
solan,12,6,1,2742
solan,12,6,1,2725
solan,12,6,1,2274
solan,12,7,1,1098
solan,12,7,1,993
solan,12,7,1,1039
solan,12,7,1,1254
solan,12,7,1,1078
solan,12,7,1,1165
solan,12,7,1,1181
solan,12,7,1,1220
solan,12,7,1,1017
solan,12,7,1,1059
solan,12,7,1,1107
solan,12,7,1,1079
solan,12,7,1,1287
solan,12,7,1,1238
solan,12,7,1,1118
solan,12,7,1,1253
solan,12,7,1,1073
solan,12,7,1,1221
solan,12,7,1,1031
solan,12,7,1,1216
solan,12,7,1,1110
solan,12,7,1,992
solan,12,7,1,1048
solan,12,7,1,1092
solan,12,7,1,1209
solan,12,7,1,980
solan,12,7,1,1178
solan,12,7,1,1197
solan,12,7,1,1176
solan,12,7,1,1212
solan,12,7,1,1016
solan,12,7,1,1154
solan,12,7,1,1273
solan,12,7,1,1162
solan,12,7,1,1162
solan,12,7,1,1204
solan,12,7,1,1068
solan,12,7,1,1192
solan,12,7,1,1265
solan,12,7,1,959
solan,12,7,1,1249
solan,12,7,1,1030
solan,12,7,1,1110
solan,12,7,1,1243
solan,12,7,1,1234
solan,12,7,1,1257
solan,12,7,1,1273
solan,12,7,1,1107
solan,12,7,1,1177
solan,12,7,1,1088
solan,12,8,1,1074
solan,12,8,1,1101
solan,12,8,1,1207
solan,12,8,1,1125
solan,12,8,1,1230
solan,12,8,1,1207
solan,12,8,1,963
solan,12,8,1,1168
solan,12,8,1,1103
solan,12,8,1,1110
solan,12,8,1,1232
solan,12,8,1,1141
solan,12,8,1,1255
solan,12,8,1,1196
solan,12,8,1,1142
solan,12,8,1,1210
solan,12,8,1,969
solan,12,8,1,965
solan,12,8,1,984
solan,12,8,1,1103
solan,12,8,1,1035
solan,12,8,1,1288
solan,12,8,1,1139
solan,12,8,1,1179
solan,12,8,1,1050
solan,12,8,1,1064
solan,12,8,1,1069
solan,12,8,1,1192
solan,12,8,1,1116
solan,12,8,1,1130
solan,12,8,1,1156
solan,12,8,1,1215
solan,12,8,1,986
solan,12,8,1,1218
solan,12,8,1,1146
solan,12,8,1,1182
solan,12,8,1,1066
solan,12,8,1,1094
solan,12,8,1,1034
solan,12,8,1,1286
solan,12,8,1,1123
solan,12,8,1,1292
solan,12,8,1,1121
solan,12,8,1,1030
solan,12,8,1,1127
solan,12,8,1,969
solan,12,8,1,1261
solan,12,8,1,1232
solan,12,8,1,1201
solan,12,8,1,1162
solan,12,9,1,1535
solan,12,9,1,1723
solan,12,9,1,1400
solan,12,9,1,1625
solan,12,9,1,1536
solan,12,9,1,1714
solan,12,9,1,1647
solan,12,9,1,1724
solan,12,9,1,1539
solan,12,9,1,1367
solan,12,9,1,1501
solan,12,9,1,1595
solan,12,9,1,1623
solan,12,9,1,1275
solan,12,9,1,1502
solan,12,9,1,1380
solan,12,9,1,1668
solan,12,9,1,1343
solan,12,9,1,1574
solan,12,9,1,1394
solan,12,9,1,1435
solan,12,9,1,1698
solan,12,9,1,1383
solan,12,9,1,1317
solan,12,9,1,1306
solan,12,9,1,1502
solan,12,9,1,1563
solan,12,9,1,1422
solan,12,9,1,1585
solan,12,9,1,1302
solan,12,9,1,1660
solan,12,9,1,1642
solan,12,9,1,1718
solan,12,9,1,1696
solan,12,9,1,1435
solan,12,9,1,1454
solan,12,9,1,1610
solan,12,9,1,1335
solan,12,9,1,1416
solan,12,9,1,1328
solan,12,9,1,1479
solan,12,9,1,1523
solan,12,9,1,1370
solan,12,9,1,1286
solan,12,9,1,1598
solan,12,9,1,1284
solan,12,9,1,1713
solan,12,9,1,1374
solan,12,9,1,1573
solan,12,9,1,1470
solan,12,10,1,1301
solan,12,10,1,1487
solan,12,10,1,1507
solan,12,10,1,1659
solan,12,10,1,1604
solan,12,10,1,1310
solan,12,10,1,1369
solan,12,10,1,1415
solan,12,10,1,1327
solan,12,10,1,1480
solan,12,10,1,1717
solan,12,10,1,1506
solan,12,10,1,1608
solan,12,10,1,1582
solan,12,10,1,1657
solan,12,10,1,1372
solan,12,10,1,1614
solan,12,10,1,1671
solan,12,10,1,1352
solan,12,10,1,1431
solan,12,10,1,1711
solan,12,10,1,1626
solan,12,10,1,1402
solan,12,10,1,1528
solan,12,10,1,1456
solan,12,10,1,1495
solan,12,10,1,1434
solan,12,10,1,1400
solan,12,10,1,1578
solan,12,10,1,1625
solan,12,10,1,1668
solan,12,10,1,1344
solan,12,10,1,1645
solan,12,10,1,1389
solan,12,10,1,1467
solan,12,10,1,1680
solan,12,10,1,1479
solan,12,10,1,1363
solan,12,10,1,1346
solan,12,10,1,1487
solan,12,10,1,1618
solan,12,10,1,1723
solan,12,10,1,1629
solan,12,10,1,1669
solan,12,10,1,1611
solan,12,10,1,1677
solan,12,10,1,1309
solan,12,10,1,1693
solan,12,10,1,1453
solan,12,10,1,1689
solan,12,11,1,1309
solan,12,11,1,1596
solan,12,11,1,1606
solan,12,11,1,1723
solan,12,11,1,1620
solan,12,11,1,1447
solan,12,11,1,1525
solan,12,11,1,1439
solan,12,11,1,1363
solan,12,11,1,1386
solan,12,11,1,1374
solan,12,11,1,1521
solan,12,11,1,1682
solan,12,11,1,1685
solan,12,11,1,1299
solan,12,11,1,1310
solan,12,11,1,1385
solan,12,11,1,1389
solan,12,11,1,1317
solan,12,11,1,1449
solan,12,11,1,1539
solan,12,11,1,1535
solan,12,11,1,1519
solan,12,11,1,1427
solan,12,11,1,1592
solan,12,11,1,1646
solan,12,11,1,1430
solan,12,11,1,1313
solan,12,11,1,1408
solan,12,11,1,1336
solan,12,11,1,1485
solan,12,11,1,1345
solan,12,11,1,1483
solan,12,11,1,1374
solan,12,11,1,1607
solan,12,11,1,1287
solan,12,11,1,1524
solan,12,11,1,1351
solan,12,11,1,1275
solan,12,11,1,1666
solan,12,11,1,1577
solan,12,11,1,1319
solan,12,11,1,1573
solan,12,11,1,1550
solan,12,11,1,1488
solan,12,11,1,1463
solan,12,11,1,1674
solan,12,11,1,1385
solan,12,11,1,1454
solan,12,11,1,1423
solan,12,12,1,2270
solan,12,12,1,2362
solan,12,12,1,2320
solan,12,12,1,2287
solan,12,12,1,2406
solan,12,12,1,2224
solan,12,12,1,2258
solan,12,12,1,2404
solan,12,12,1,1789
solan,12,12,1,2184
solan,12,12,1,2250
solan,12,12,1,2363
solan,12,12,1,2341
solan,12,12,1,2315
solan,12,12,1,2380
solan,12,12,1,2123
solan,12,12,1,1789
solan,12,12,1,1791
solan,12,12,1,2128
solan,12,12,1,2059
solan,12,12,1,2069
solan,12,12,1,2037
solan,12,12,1,2363
solan,12,12,1,2011
solan,12,12,1,2324
solan,12,12,1,2353
solan,12,12,1,2099
solan,12,12,1,2066
solan,12,12,1,2264
solan,12,12,1,2231
solan,12,12,1,1991
solan,12,12,1,1849
solan,12,12,1,1951
solan,12,12,1,1867
solan,12,12,1,1970
solan,12,12,1,1949
solan,12,12,1,2186
solan,12,12,1,2386
solan,12,12,1,2217
solan,12,12,1,2368
solan,12,12,1,2279
solan,12,12,1,2243
solan,12,12,1,2045
solan,12,12,1,1989
solan,12,12,1,2318
solan,12,12,1,2355
solan,12,12,1,2069
solan,12,12,1,1790
solan,12,12,1,2284
solan,12,12,1,1964
solan,12,1,2,4478
solan,12,1,2,5730
solan,12,1,2,5277
solan,12,1,2,5541
solan,12,1,2,5903
solan,12,1,2,5314
solan,12,1,2,5255
solan,12,1,2,4920
solan,12,1,2,4943
solan,12,1,2,5717
solan,12,1,2,5169
solan,12,1,2,4720
solan,12,1,2,4611
solan,12,1,2,5207
solan,12,1,2,5194
solan,12,1,2,5491
solan,12,1,2,5204
solan,12,1,2,4688
solan,12,1,2,5262
solan,12,1,2,5890
solan,12,1,2,4713
solan,12,1,2,5548
solan,12,1,2,5397
solan,12,1,2,5641
solan,12,1,2,4699
solan,12,1,2,5945
solan,12,1,2,5440
solan,12,1,2,5796
solan,12,1,2,4850
solan,12,1,2,5627
solan,12,1,2,5692
solan,12,1,2,5088
solan,12,1,2,5067
solan,12,1,2,5498
solan,12,1,2,4609
solan,12,1,2,5621
solan,12,1,2,4530
solan,12,1,2,4762
solan,12,1,2,5508
solan,12,1,2,4617
solan,12,1,2,5993
solan,12,1,2,5830
solan,12,1,2,5448
solan,12,1,2,5752
solan,12,1,2,5860
solan,12,1,2,4871
solan,12,1,2,5800
solan,12,1,2,4769
solan,12,1,2,5113
solan,12,1,2,5341
solan,12,2,2,3990
solan,12,2,2,3221
solan,12,2,2,3514
solan,12,2,2,3872
solan,12,2,2,3589
solan,12,2,2,4059
solan,12,2,2,3920
solan,12,2,2,3451
solan,12,2,2,3351
solan,12,2,2,3895
solan,12,2,2,3694
solan,12,2,2,3377
solan,12,2,2,3554
solan,12,2,2,3528
solan,12,2,2,3309
solan,12,2,2,3802
solan,12,2,2,4046
solan,12,2,2,3834
solan,12,2,2,4117
solan,12,2,2,3331
solan,12,2,2,3677
solan,12,2,2,3873
solan,12,2,2,3948
solan,12,2,2,3970
solan,12,2,2,4007
solan,12,2,2,3920
solan,12,2,2,3293
solan,12,2,2,3969
solan,12,2,2,4002
solan,12,2,2,4305
solan,12,2,2,3967
solan,12,2,2,3960
solan,12,2,2,3766
solan,12,2,2,4163
solan,12,2,2,4308
solan,12,2,2,4063
solan,12,2,2,3876
solan,12,2,2,3276
solan,12,2,2,4005
solan,12,2,2,3984
solan,12,2,2,4060
solan,12,2,2,3327
solan,12,2,2,3922
solan,12,2,2,3520
solan,12,2,2,4042
solan,12,2,2,3457
solan,12,2,2,3956
solan,12,2,2,3519
solan,12,2,2,3197
solan,12,2,2,3900
solan,12,3,2,3314
solan,12,3,2,3929
solan,12,3,2,4228
solan,12,3,2,4277
solan,12,3,2,3452
solan,12,3,2,4097
solan,12,3,2,3585
solan,12,3,2,4200
solan,12,3,2,4073
solan,12,3,2,3270
solan,12,3,2,3645
solan,12,3,2,3566
solan,12,3,2,4070
solan,12,3,2,3649
solan,12,3,2,3957
solan,12,3,2,3865
solan,12,3,2,4285
solan,12,3,2,4242
solan,12,3,2,3668
solan,12,3,2,4001
solan,12,3,2,4120
solan,12,3,2,4198
solan,12,3,2,3264
solan,12,3,2,3527
solan,12,3,2,3547
solan,12,3,2,3676
solan,12,3,2,3377
solan,12,3,2,3745
solan,12,3,2,3933
solan,12,3,2,3747
solan,12,3,2,3936
solan,12,3,2,3262
solan,12,3,2,4172
solan,12,3,2,4243
solan,12,3,2,3882
solan,12,3,2,4179
solan,12,3,2,3335
solan,12,3,2,4084
solan,12,3,2,3321
solan,12,3,2,3646
solan,12,3,2,3551
solan,12,3,2,3846
solan,12,3,2,3526
solan,12,3,2,3904
solan,12,3,2,3600
solan,12,3,2,4155
solan,12,3,2,3900
solan,12,3,2,3429
solan,12,3,2,3565
solan,12,3,2,4140
solan,12,4,2,3622
solan,12,4,2,3790
solan,12,4,2,3917
solan,12,4,2,3578
solan,12,4,2,3518
solan,12,4,2,3722
solan,12,4,2,3429
solan,12,4,2,3507
solan,12,4,2,3257
solan,12,4,2,3529
solan,12,4,2,3548
solan,12,4,2,4269
solan,12,4,2,3850
solan,12,4,2,4073
solan,12,4,2,3238
solan,12,4,2,3307
solan,12,4,2,4103
solan,12,4,2,3888
solan,12,4,2,3402
solan,12,4,2,3642
solan,12,4,2,3793
solan,12,4,2,4136
solan,12,4,2,3255
solan,12,4,2,3858
solan,12,4,2,3994
solan,12,4,2,4287
solan,12,4,2,4095
solan,12,4,2,3498
solan,12,4,2,3985
solan,12,4,2,4046
solan,12,4,2,4008
solan,12,4,2,4110
solan,12,4,2,4204
solan,12,4,2,3298
solan,12,4,2,3305
solan,12,4,2,4083
solan,12,4,2,3471
solan,12,4,2,3253
solan,12,4,2,3638
solan,12,4,2,4109
solan,12,4,2,3329
solan,12,4,2,3943
solan,12,4,2,3191
solan,12,4,2,3310
solan,12,4,2,3582
solan,12,4,2,3281
solan,12,4,2,4139
solan,12,4,2,4159
solan,12,4,2,4037
solan,12,4,2,3460
solan,12,5,2,6041
solan,12,5,2,5431
solan,12,5,2,5606
solan,12,5,2,6028
solan,12,5,2,6423
solan,12,5,2,5270
solan,12,5,2,5634
solan,12,5,2,6767
solan,12,5,2,5872
solan,12,5,2,6789
solan,12,5,2,6884
solan,12,5,2,6047
solan,12,5,2,5618
solan,12,5,2,6523
solan,12,5,2,5386
solan,12,5,2,5553
solan,12,5,2,6512
solan,12,5,2,5880
solan,12,5,2,5462
solan,12,5,2,6272
solan,12,5,2,6418
solan,12,5,2,5325
solan,12,5,2,5598
solan,12,5,2,5498
solan,12,5,2,5783
solan,12,5,2,6474
solan,12,5,2,6384
solan,12,5,2,6292
solan,12,5,2,5111
solan,12,5,2,5355
solan,12,5,2,5501
solan,12,5,2,5589
solan,12,5,2,5363
solan,12,5,2,5838
solan,12,5,2,5235
solan,12,5,2,6450
solan,12,5,2,6517
solan,12,5,2,6133
solan,12,5,2,5261
solan,12,5,2,6702
solan,12,5,2,6838
solan,12,5,2,5464
solan,12,5,2,6368
solan,12,5,2,6615
solan,12,5,2,6071
solan,12,5,2,5681
solan,12,5,2,5961
solan,12,5,2,6022
solan,12,5,2,5821
solan,12,5,2,6773
solan,12,6,2,6438
solan,12,6,2,5534
solan,12,6,2,6154
solan,12,6,2,6339
solan,12,6,2,5352
solan,12,6,2,5745
solan,12,6,2,6729
solan,12,6,2,6120
solan,12,6,2,5490
solan,12,6,2,5321
solan,12,6,2,6032
solan,12,6,2,6085
solan,12,6,2,5701
solan,12,6,2,6234
solan,12,6,2,5223
solan,12,6,2,5361
solan,12,6,2,6083
solan,12,6,2,5211
solan,12,6,2,6685
solan,12,6,2,5355
solan,12,6,2,6313
solan,12,6,2,5804
solan,12,6,2,5819
solan,12,6,2,6476
solan,12,6,2,5999
solan,12,6,2,6406
solan,12,6,2,6009
solan,12,6,2,6167
solan,12,6,2,6469
solan,12,6,2,6193
solan,12,6,2,6208
solan,12,6,2,6520
solan,12,6,2,6808
solan,12,6,2,5778
solan,12,6,2,6138
solan,12,6,2,5255
solan,12,6,2,5745
solan,12,6,2,5841
solan,12,6,2,6603
solan,12,6,2,6024
solan,12,6,2,6415
solan,12,6,2,5134
solan,12,6,2,5936
solan,12,6,2,6722
solan,12,6,2,5503
solan,12,6,2,5156
solan,12,6,2,5880
solan,12,6,2,6367
solan,12,6,2,5918
solan,12,6,2,5927
solan,12,7,2,2955
solan,12,7,2,2605
solan,12,7,2,3025
solan,12,7,2,2519
solan,12,7,2,2724
solan,12,7,2,2944
solan,12,7,2,3089
solan,12,7,2,3058
solan,12,7,2,2999
solan,12,7,2,2693
solan,12,7,2,2493
solan,12,7,2,2573
solan,12,7,2,3120
solan,12,7,2,3113
solan,12,7,2,3193
solan,12,7,2,2454
solan,12,7,2,2843
solan,12,7,2,2937
solan,12,7,2,2990
solan,12,7,2,2933
solan,12,7,2,3040
solan,12,7,2,2693
solan,12,7,2,2542
solan,12,7,2,2563
solan,12,7,2,2400
solan,12,7,2,2686
solan,12,7,2,2468
solan,12,7,2,2661
solan,12,7,2,2920
solan,12,7,2,3145
solan,12,7,2,3099
solan,12,7,2,2603
solan,12,7,2,2503
solan,12,7,2,2553
solan,12,7,2,3209
solan,12,7,2,2854
solan,12,7,2,2544
solan,12,7,2,3100
solan,12,7,2,2724
solan,12,7,2,3149
solan,12,7,2,2610
solan,12,7,2,2722
solan,12,7,2,2816
solan,12,7,2,3143
solan,12,7,2,3123
solan,12,7,2,2875
solan,12,7,2,2577
solan,12,7,2,2730
solan,12,7,2,3213
solan,12,7,2,2903
solan,12,8,2,3049
solan,12,8,2,2770
solan,12,8,2,2839
solan,12,8,2,2752
solan,12,8,2,2983
solan,12,8,2,3109
solan,12,8,2,2818
solan,12,8,2,2796
solan,12,8,2,2677
solan,12,8,2,2540
solan,12,8,2,3183
solan,12,8,2,2657
solan,12,8,2,3066
solan,12,8,2,2994
solan,12,8,2,3057
solan,12,8,2,3181
solan,12,8,2,2916
solan,12,8,2,3148
solan,12,8,2,2532
solan,12,8,2,2919
solan,12,8,2,3042
solan,12,8,2,2619
solan,12,8,2,3015
solan,12,8,2,3047
solan,12,8,2,3091
solan,12,8,2,2654
solan,12,8,2,2965
solan,12,8,2,2647
solan,12,8,2,3014
solan,12,8,2,2781
solan,12,8,2,2894
solan,12,8,2,2741
solan,12,8,2,2527
solan,12,8,2,2540
solan,12,8,2,2456
solan,12,8,2,2912
solan,12,8,2,3106
solan,12,8,2,2408
solan,12,8,2,2446
solan,12,8,2,2776
solan,12,8,2,3013
solan,12,8,2,2523
solan,12,8,2,2619
solan,12,8,2,2586
solan,12,8,2,2727
solan,12,8,2,2580
solan,12,8,2,2688
solan,12,8,2,3005
solan,12,8,2,2906
solan,12,8,2,2459
solan,12,9,2,3904
solan,12,9,2,3724
solan,12,9,2,4238
solan,12,9,2,3512
solan,12,9,2,4004
solan,12,9,2,4009
solan,12,9,2,3436
solan,12,9,2,4203
solan,12,9,2,3740
solan,12,9,2,3951
solan,12,9,2,3351
solan,12,9,2,3477
solan,12,9,2,3846
solan,12,9,2,3546
solan,12,9,2,3749
solan,12,9,2,3608
solan,12,9,2,3908
solan,12,9,2,3735
solan,12,9,2,3192
solan,12,9,2,3918
solan,12,9,2,3662
solan,12,9,2,3571
solan,12,9,2,3293
solan,12,9,2,3435
solan,12,9,2,3439
solan,12,9,2,4239
solan,12,9,2,3674
solan,12,9,2,3234
solan,12,9,2,3343
solan,12,9,2,3276
solan,12,9,2,3849
solan,12,9,2,3397
solan,12,9,2,3748
solan,12,9,2,3603
solan,12,9,2,4091
solan,12,9,2,3548
solan,12,9,2,3703
solan,12,9,2,3998
solan,12,9,2,3675
solan,12,9,2,4079
solan,12,9,2,3931
solan,12,9,2,3649
solan,12,9,2,3754
solan,12,9,2,4275
solan,12,9,2,3931
solan,12,9,2,4205
solan,12,9,2,3388
solan,12,9,2,3731
solan,12,9,2,4209
solan,12,9,2,3550
solan,12,10,2,4276
solan,12,10,2,3296
solan,12,10,2,4203
solan,12,10,2,3688
solan,12,10,2,3270
solan,12,10,2,4176
solan,12,10,2,3470
solan,12,10,2,3212
solan,12,10,2,3340
solan,12,10,2,3929
solan,12,10,2,4287
solan,12,10,2,3312
solan,12,10,2,3707
solan,12,10,2,3390
solan,12,10,2,4025
solan,12,10,2,3320
solan,12,10,2,3457
solan,12,10,2,3408
solan,12,10,2,3809
solan,12,10,2,4169
solan,12,10,2,3762
solan,12,10,2,3253
solan,12,10,2,3821
solan,12,10,2,4084
solan,12,10,2,3336
solan,12,10,2,3269
solan,12,10,2,3398
solan,12,10,2,4026
solan,12,10,2,3853
solan,12,10,2,3795
solan,12,10,2,3468
solan,12,10,2,3561
solan,12,10,2,4274
solan,12,10,2,3458
solan,12,10,2,4201
solan,12,10,2,3840
solan,12,10,2,3326
solan,12,10,2,3713
solan,12,10,2,4254
solan,12,10,2,3658
solan,12,10,2,4158
solan,12,10,2,3475
solan,12,10,2,3829
solan,12,10,2,4136
solan,12,10,2,4223
solan,12,10,2,3734
solan,12,10,2,3907
solan,12,10,2,3190
solan,12,10,2,3472
solan,12,10,2,3501
solan,12,11,2,3292
solan,12,11,2,3502
solan,12,11,2,3548
solan,12,11,2,4277
solan,12,11,2,3939
solan,12,11,2,3666
solan,12,11,2,4299
solan,12,11,2,3359
solan,12,11,2,3723
solan,12,11,2,3915
solan,12,11,2,3250
solan,12,11,2,3994
solan,12,11,2,3299
solan,12,11,2,3345
solan,12,11,2,3367
solan,12,11,2,4232
solan,12,11,2,3956
solan,12,11,2,3924
solan,12,11,2,3812
solan,12,11,2,3516
solan,12,11,2,3886
solan,12,11,2,3648
solan,12,11,2,3351
solan,12,11,2,3963
solan,12,11,2,3333
solan,12,11,2,3402
solan,12,11,2,4107
solan,12,11,2,3930
solan,12,11,2,3897
solan,12,11,2,3657
solan,12,11,2,3633
solan,12,11,2,3964
solan,12,11,2,4020
solan,12,11,2,3761
solan,12,11,2,4277
solan,12,11,2,4262
solan,12,11,2,3651
solan,12,11,2,4110
solan,12,11,2,3798
solan,12,11,2,3763
solan,12,11,2,3249
solan,12,11,2,3833
solan,12,11,2,4200
solan,12,11,2,4065
solan,12,11,2,4072
solan,12,11,2,3367
solan,12,11,2,3590
solan,12,11,2,3449
solan,12,11,2,3542
solan,12,11,2,3839
solan,12,12,2,5037
solan,12,12,2,5345
solan,12,12,2,5153
solan,12,12,2,4913
solan,12,12,2,4612
solan,12,12,2,5867
solan,12,12,2,4480
solan,12,12,2,4465
solan,12,12,2,5764
solan,12,12,2,6032
solan,12,12,2,5607
solan,12,12,2,4486
solan,12,12,2,4819
solan,12,12,2,5993
solan,12,12,2,5736
solan,12,12,2,5355
solan,12,12,2,4835
solan,12,12,2,4485
solan,12,12,2,4495
solan,12,12,2,5426
solan,12,12,2,4496
solan,12,12,2,6027
solan,12,12,2,4751
solan,12,12,2,5581
solan,12,12,2,4706
solan,12,12,2,5313
solan,12,12,2,4589
solan,12,12,2,5670
solan,12,12,2,5383
solan,12,12,2,4598
solan,12,12,2,5799
solan,12,12,2,5324
solan,12,12,2,5914
solan,12,12,2,5906
solan,12,12,2,5912
solan,12,12,2,4585
solan,12,12,2,4653
solan,12,12,2,6018
solan,12,12,2,5230
solan,12,12,2,4837
solan,12,12,2,5674
solan,12,12,2,4878
solan,12,12,2,5607
solan,12,12,2,5781
solan,12,12,2,5697
solan,12,12,2,4894
solan,12,12,2,5095
solan,12,12,2,5113
solan,12,12,2,5236
solan,12,12,2,4726
mandi,13,1,0,910
mandi,13,1,0,926
mandi,13,1,0,932
mandi,13,1,0,1012
mandi,13,1,0,928
mandi,13,1,0,849
mandi,13,1,0,969
mandi,13,1,0,1006
mandi,13,1,0,873
mandi,13,1,0,964
mandi,13,1,0,826
mandi,13,1,0,880
mandi,13,1,0,1037
mandi,13,1,0,1038
mandi,13,1,0,944
mandi,13,1,0,980
mandi,13,1,0,1022
mandi,13,1,0,1051
mandi,13,1,0,921
mandi,13,1,0,941
mandi,13,1,0,900
mandi,13,1,0,805
mandi,13,1,0,902
mandi,13,1,0,1004
mandi,13,1,0,1008
mandi,13,1,0,1032
mandi,13,1,0,799
mandi,13,1,0,931
mandi,13,1,0,815
mandi,13,1,0,841
mandi,13,1,0,1034
mandi,13,1,0,923
mandi,13,1,0,995
mandi,13,1,0,803
mandi,13,1,0,900
mandi,13,1,0,972
mandi,13,1,0,822
mandi,13,1,0,875
mandi,13,1,0,803
mandi,13,1,0,965
mandi,13,1,0,1054
mandi,13,1,0,1014
mandi,13,1,0,1055
mandi,13,1,0,1019
mandi,13,1,0,1022
mandi,13,1,0,945
mandi,13,1,0,929
mandi,13,1,0,898
mandi,13,1,0,1012
mandi,13,1,0,835
mandi,13,2,0,600
mandi,13,2,0,748
mandi,13,2,0,600
mandi,13,2,0,754
mandi,13,2,0,705
mandi,13,2,0,626
mandi,13,2,0,699
mandi,13,2,0,722
mandi,13,2,0,609
mandi,13,2,0,713
mandi,13,2,0,720
mandi,13,2,0,610
mandi,13,2,0,600
mandi,13,2,0,601
mandi,13,2,0,600
mandi,13,2,0,600
mandi,13,2,0,704
mandi,13,2,0,636
mandi,13,2,0,736
mandi,13,2,0,610
mandi,13,2,0,650
mandi,13,2,0,687
mandi,13,2,0,734
mandi,13,2,0,664
mandi,13,2,0,634
mandi,13,2,0,732
mandi,13,2,0,622
mandi,13,2,0,600
mandi,13,2,0,649
mandi,13,2,0,716
mandi,13,2,0,600
mandi,13,2,0,677
mandi,13,2,0,678
mandi,13,2,0,744
mandi,13,2,0,617
mandi,13,2,0,616
mandi,13,2,0,648
mandi,13,2,0,631
mandi,13,2,0,706
mandi,13,2,0,688
mandi,13,2,0,711
mandi,13,2,0,723
mandi,13,2,0,743
mandi,13,2,0,646
mandi,13,2,0,755
mandi,13,2,0,603
mandi,13,2,0,702
mandi,13,2,0,666
mandi,13,2,0,722
mandi,13,2,0,655
mandi,13,3,0,716
mandi,13,3,0,745
mandi,13,3,0,705
mandi,13,3,0,714
mandi,13,3,0,600
mandi,13,3,0,601
mandi,13,3,0,753
mandi,13,3,0,698
mandi,13,3,0,672
mandi,13,3,0,633
mandi,13,3,0,600
mandi,13,3,0,634
mandi,13,3,0,659
mandi,13,3,0,602
mandi,13,3,0,600
mandi,13,3,0,661
mandi,13,3,0,677
mandi,13,3,0,608
mandi,13,3,0,677
mandi,13,3,0,739
mandi,13,3,0,654
mandi,13,3,0,730
mandi,13,3,0,744
mandi,13,3,0,600
mandi,13,3,0,600
mandi,13,3,0,655
mandi,13,3,0,677
mandi,13,3,0,645
mandi,13,3,0,625
mandi,13,3,0,687
mandi,13,3,0,600
mandi,13,3,0,752
mandi,13,3,0,606
mandi,13,3,0,742
mandi,13,3,0,600
mandi,13,3,0,608
mandi,13,3,0,607
mandi,13,3,0,758
mandi,13,3,0,600
mandi,13,3,0,687
mandi,13,3,0,733
mandi,13,3,0,694
mandi,13,3,0,632
mandi,13,3,0,750
mandi,13,3,0,737
mandi,13,3,0,646
mandi,13,3,0,674
mandi,13,3,0,752
mandi,13,3,0,755
mandi,13,3,0,650
mandi,13,4,0,728
mandi,13,4,0,620
mandi,13,4,0,634
mandi,13,4,0,600
mandi,13,4,0,602
mandi,13,4,0,691
mandi,13,4,0,662
mandi,13,4,0,606
mandi,13,4,0,640
mandi,13,4,0,634
mandi,13,4,0,756
mandi,13,4,0,730
mandi,13,4,0,637
mandi,13,4,0,741
mandi,13,4,0,628
mandi,13,4,0,693
mandi,13,4,0,752
mandi,13,4,0,638
mandi,13,4,0,695
mandi,13,4,0,619
mandi,13,4,0,613
mandi,13,4,0,674
mandi,13,4,0,754
mandi,13,4,0,650
mandi,13,4,0,746
mandi,13,4,0,742
mandi,13,4,0,611
mandi,13,4,0,640
mandi,13,4,0,688
mandi,13,4,0,663
mandi,13,4,0,600
mandi,13,4,0,757
mandi,13,4,0,710
mandi,13,4,0,647
mandi,13,4,0,683
mandi,13,4,0,600
mandi,13,4,0,659
mandi,13,4,0,745
mandi,13,4,0,738
mandi,13,4,0,627
mandi,13,4,0,666
mandi,13,4,0,699
mandi,13,4,0,628
mandi,13,4,0,600
mandi,13,4,0,661
mandi,13,4,0,680
mandi,13,4,0,600
mandi,13,4,0,600
mandi,13,4,0,602
mandi,13,4,0,629
mandi,13,5,0,1069
mandi,13,5,0,990
mandi,13,5,0,985
mandi,13,5,0,1173
mandi,13,5,0,943
mandi,13,5,0,1054
mandi,13,5,0,1199
mandi,13,5,0,1095
mandi,13,5,0,1124
mandi,13,5,0,1034
mandi,13,5,0,903
mandi,13,5,0,1102
mandi,13,5,0,1097
mandi,13,5,0,932
mandi,13,5,0,1044
mandi,13,5,0,1187
mandi,13,5,0,962
mandi,13,5,0,1043
mandi,13,5,0,1043
mandi,13,5,0,1154
mandi,13,5,0,1158
mandi,13,5,0,1138
mandi,13,5,0,1013
mandi,13,5,0,920
mandi,13,5,0,1008
mandi,13,5,0,1112
mandi,13,5,0,1120
mandi,13,5,0,1203
mandi,13,5,0,1041
mandi,13,5,0,1097
mandi,13,5,0,1068
mandi,13,5,0,945
mandi,13,5,0,1043
mandi,13,5,0,1070
mandi,13,5,0,1198
mandi,13,5,0,1013
mandi,13,5,0,1208
mandi,13,5,0,1069
mandi,13,5,0,974
mandi,13,5,0,958
mandi,13,5,0,942
mandi,13,5,0,1041
mandi,13,5,0,904
mandi,13,5,0,1038
mandi,13,5,0,1210
mandi,13,5,0,1109
mandi,13,5,0,1138
mandi,13,5,0,935
mandi,13,5,0,1047
mandi,13,5,0,988
mandi,13,6,0,1180
mandi,13,6,0,955
mandi,13,6,0,1042
mandi,13,6,0,1083
mandi,13,6,0,1060
mandi,13,6,0,1160
mandi,13,6,0,970
mandi,13,6,0,1017
mandi,13,6,0,1148
mandi,13,6,0,1064
mandi,13,6,0,1024
mandi,13,6,0,906
mandi,13,6,0,1136
mandi,13,6,0,1205
mandi,13,6,0,1094
mandi,13,6,0,1168
mandi,13,6,0,1061
mandi,13,6,0,970
mandi,13,6,0,902
mandi,13,6,0,1104
mandi,13,6,0,1053
mandi,13,6,0,1145
mandi,13,6,0,1117
mandi,13,6,0,1210
mandi,13,6,0,1059
mandi,13,6,0,1032
mandi,13,6,0,988
mandi,13,6,0,1048
mandi,13,6,0,1174
mandi,13,6,0,911
mandi,13,6,0,1207
mandi,13,6,0,1212
mandi,13,6,0,1086
mandi,13,6,0,1002
mandi,13,6,0,968
mandi,13,6,0,985
mandi,13,6,0,913
mandi,13,6,0,1048
mandi,13,6,0,915
mandi,13,6,0,1125
mandi,13,6,0,1015
mandi,13,6,0,960
mandi,13,6,0,1070
mandi,13,6,0,1206
mandi,13,6,0,1117
mandi,13,6,0,1053
mandi,13,6,0,1143
mandi,13,6,0,1131
mandi,13,6,0,1180
mandi,13,6,0,962
mandi,13,7,0,600
mandi,13,7,0,600
mandi,13,7,0,600
mandi,13,7,0,600
mandi,13,7,0,600
mandi,13,7,0,600
mandi,13,7,0,600
mandi,13,7,0,600
mandi,13,7,0,600
mandi,13,7,0,600
mandi,13,7,0,600
mandi,13,7,0,600
mandi,13,7,0,600
mandi,13,7,0,600
mandi,13,7,0,600
mandi,13,7,0,600
mandi,13,7,0,600
mandi,13,7,0,600
mandi,13,7,0,600
mandi,13,7,0,600
mandi,13,7,0,600
mandi,13,7,0,600
mandi,13,7,0,600
mandi,13,7,0,600
mandi,13,7,0,600
mandi,13,7,0,600
mandi,13,7,0,600
mandi,13,7,0,600
mandi,13,7,0,600
mandi,13,7,0,600
mandi,13,7,0,600
mandi,13,7,0,600
mandi,13,7,0,600
mandi,13,7,0,600
mandi,13,7,0,600
mandi,13,7,0,600
mandi,13,7,0,600
mandi,13,7,0,600
mandi,13,7,0,600
mandi,13,7,0,600
mandi,13,7,0,600
mandi,13,7,0,600
mandi,13,7,0,600
mandi,13,7,0,600
mandi,13,7,0,600
mandi,13,7,0,600
mandi,13,7,0,600
mandi,13,7,0,600
mandi,13,7,0,600
mandi,13,7,0,600
mandi,13,8,0,600
mandi,13,8,0,600
mandi,13,8,0,600
mandi,13,8,0,600
mandi,13,8,0,600
mandi,13,8,0,600
mandi,13,8,0,600
mandi,13,8,0,600
mandi,13,8,0,600
mandi,13,8,0,600
mandi,13,8,0,600
mandi,13,8,0,600
mandi,13,8,0,600
mandi,13,8,0,600
mandi,13,8,0,600
mandi,13,8,0,600
mandi,13,8,0,600
mandi,13,8,0,600
mandi,13,8,0,600
mandi,13,8,0,600
mandi,13,8,0,600
mandi,13,8,0,600
mandi,13,8,0,600
mandi,13,8,0,600
mandi,13,8,0,600
mandi,13,8,0,600
mandi,13,8,0,600
mandi,13,8,0,600
mandi,13,8,0,600
mandi,13,8,0,600
mandi,13,8,0,600
mandi,13,8,0,600
mandi,13,8,0,600
mandi,13,8,0,600
mandi,13,8,0,600
mandi,13,8,0,600
mandi,13,8,0,600
mandi,13,8,0,600
mandi,13,8,0,600
mandi,13,8,0,600
mandi,13,8,0,600
mandi,13,8,0,600
mandi,13,8,0,600
mandi,13,8,0,600
mandi,13,8,0,600
mandi,13,8,0,600
mandi,13,8,0,600
mandi,13,8,0,600
mandi,13,8,0,600
mandi,13,8,0,600
mandi,13,9,0,621
mandi,13,9,0,637
mandi,13,9,0,621
mandi,13,9,0,678
mandi,13,9,0,626
mandi,13,9,0,704
mandi,13,9,0,675
mandi,13,9,0,600
mandi,13,9,0,622
mandi,13,9,0,604
mandi,13,9,0,638
mandi,13,9,0,663
mandi,13,9,0,661
mandi,13,9,0,710
mandi,13,9,0,600
mandi,13,9,0,748
mandi,13,9,0,628
mandi,13,9,0,620
mandi,13,9,0,696
mandi,13,9,0,720
mandi,13,9,0,635
mandi,13,9,0,708
mandi,13,9,0,735
mandi,13,9,0,712
mandi,13,9,0,600
mandi,13,9,0,724
mandi,13,9,0,714
mandi,13,9,0,693
mandi,13,9,0,711
mandi,13,9,0,754
mandi,13,9,0,646
mandi,13,9,0,600
mandi,13,9,0,652
mandi,13,9,0,600
mandi,13,9,0,619
mandi,13,9,0,677
mandi,13,9,0,622
mandi,13,9,0,696
mandi,13,9,0,723
mandi,13,9,0,644
mandi,13,9,0,739
mandi,13,9,0,600
mandi,13,9,0,727
mandi,13,9,0,725
mandi,13,9,0,624
mandi,13,9,0,620
mandi,13,9,0,621
mandi,13,9,0,721
mandi,13,9,0,725
mandi,13,9,0,626
mandi,13,10,0,678
mandi,13,10,0,600
mandi,13,10,0,653
mandi,13,10,0,758
mandi,13,10,0,600
mandi,13,10,0,748
mandi,13,10,0,724
mandi,13,10,0,753
mandi,13,10,0,600
mandi,13,10,0,603
mandi,13,10,0,600
mandi,13,10,0,704
mandi,13,10,0,688
mandi,13,10,0,600
mandi,13,10,0,717
mandi,13,10,0,620
mandi,13,10,0,600
mandi,13,10,0,644
mandi,13,10,0,600
mandi,13,10,0,613
mandi,13,10,0,634
mandi,13,10,0,729
mandi,13,10,0,717
mandi,13,10,0,648
mandi,13,10,0,704
mandi,13,10,0,673
mandi,13,10,0,628
mandi,13,10,0,704
mandi,13,10,0,696
mandi,13,10,0,683
mandi,13,10,0,683
mandi,13,10,0,696
mandi,13,10,0,637
mandi,13,10,0,733
mandi,13,10,0,600
mandi,13,10,0,736
mandi,13,10,0,628
mandi,13,10,0,600
mandi,13,10,0,679
mandi,13,10,0,635
mandi,13,10,0,722
mandi,13,10,0,646
mandi,13,10,0,693
mandi,13,10,0,622
mandi,13,10,0,602
mandi,13,10,0,637
mandi,13,10,0,681
mandi,13,10,0,691
mandi,13,10,0,675
mandi,13,10,0,756
mandi,13,11,0,697
mandi,13,11,0,745
mandi,13,11,0,600
mandi,13,11,0,600
mandi,13,11,0,622
mandi,13,11,0,600
mandi,13,11,0,665
mandi,13,11,0,663
mandi,13,11,0,674
mandi,13,11,0,708
mandi,13,11,0,753
mandi,13,11,0,734
mandi,13,11,0,600
mandi,13,11,0,628
mandi,13,11,0,611
mandi,13,11,0,600
mandi,13,11,0,668
mandi,13,11,0,670
mandi,13,11,0,605
mandi,13,11,0,701
mandi,13,11,0,706
mandi,13,11,0,600
mandi,13,11,0,639
mandi,13,11,0,737
mandi,13,11,0,664
mandi,13,11,0,629
mandi,13,11,0,611
mandi,13,11,0,609
mandi,13,11,0,600
mandi,13,11,0,722
mandi,13,11,0,600
mandi,13,11,0,618
mandi,13,11,0,600
mandi,13,11,0,715
mandi,13,11,0,600
mandi,13,11,0,622
mandi,13,11,0,674
mandi,13,11,0,642
mandi,13,11,0,616
mandi,13,11,0,615
mandi,13,11,0,718
mandi,13,11,0,753
mandi,13,11,0,629
mandi,13,11,0,600
mandi,13,11,0,600
mandi,13,11,0,711
mandi,13,11,0,670
mandi,13,11,0,716
mandi,13,11,0,699
mandi,13,11,0,740
mandi,13,12,0,1030
mandi,13,12,0,1003
mandi,13,12,0,917
mandi,13,12,0,870
mandi,13,12,0,925
mandi,13,12,0,924
mandi,13,12,0,954
mandi,13,12,0,836
mandi,13,12,0,967
mandi,13,12,0,911
mandi,13,12,0,957
mandi,13,12,0,851
mandi,13,12,0,905
mandi,13,12,0,843
mandi,13,12,0,1028
mandi,13,12,0,920
mandi,13,12,0,847
mandi,13,12,0,796
mandi,13,12,0,972
mandi,13,12,0,844
mandi,13,12,0,1059
mandi,13,12,0,933
mandi,13,12,0,865
mandi,13,12,0,967
mandi,13,12,0,861
mandi,13,12,0,1012
mandi,13,12,0,870
mandi,13,12,0,1059
mandi,13,12,0,953
mandi,13,12,0,1019
mandi,13,12,0,805
mandi,13,12,0,881
mandi,13,12,0,989
mandi,13,12,0,966
mandi,13,12,0,839
mandi,13,12,0,884
mandi,13,12,0,858
mandi,13,12,0,955
mandi,13,12,0,880
mandi,13,12,0,871
mandi,13,12,0,842
mandi,13,12,0,898
mandi,13,12,0,839
mandi,13,12,0,1052
mandi,13,12,0,828
mandi,13,12,0,1038
mandi,13,12,0,904
mandi,13,12,0,890
mandi,13,12,0,849
mandi,13,12,0,961
mandi,13,1,1,1773
mandi,13,1,1,1663
mandi,13,1,1,1456
mandi,13,1,1,1890
mandi,13,1,1,1922
mandi,13,1,1,1645
mandi,13,1,1,1737
mandi,13,1,1,1654
mandi,13,1,1,1590
mandi,13,1,1,1466
mandi,13,1,1,1657
mandi,13,1,1,1840
mandi,13,1,1,1436
mandi,13,1,1,1721
mandi,13,1,1,1871
mandi,13,1,1,1537
mandi,13,1,1,1520
mandi,13,1,1,1817
mandi,13,1,1,1556
mandi,13,1,1,1524
mandi,13,1,1,1618
mandi,13,1,1,1625
mandi,13,1,1,1868
mandi,13,1,1,1739
mandi,13,1,1,1632
mandi,13,1,1,1697
mandi,13,1,1,1908
mandi,13,1,1,1485
mandi,13,1,1,1532
mandi,13,1,1,1913
mandi,13,1,1,1910
mandi,13,1,1,1517
mandi,13,1,1,1501
mandi,13,1,1,1640
mandi,13,1,1,1453
mandi,13,1,1,1758
mandi,13,1,1,1467
mandi,13,1,1,1457
mandi,13,1,1,1672
mandi,13,1,1,1910
mandi,13,1,1,1643
mandi,13,1,1,1607
mandi,13,1,1,1930
mandi,13,1,1,1696
mandi,13,1,1,1617
mandi,13,1,1,1622
mandi,13,1,1,1526
mandi,13,1,1,1686
mandi,13,1,1,1649
mandi,13,1,1,1564
mandi,13,2,1,1077
mandi,13,2,1,1132
mandi,13,2,1,1203
mandi,13,2,1,1040
mandi,13,2,1,1075
mandi,13,2,1,1361
mandi,13,2,1,1215
mandi,13,2,1,1042
mandi,13,2,1,1269
mandi,13,2,1,1042
mandi,13,2,1,1285
mandi,13,2,1,1289
mandi,13,2,1,1254
mandi,13,2,1,1283
mandi,13,2,1,1051
mandi,13,2,1,1281
mandi,13,2,1,1069
mandi,13,2,1,1142
mandi,13,2,1,1359
mandi,13,2,1,1201
mandi,13,2,1,1368
mandi,13,2,1,1052
mandi,13,2,1,1191
mandi,13,2,1,1042
mandi,13,2,1,1246
mandi,13,2,1,1048
mandi,13,2,1,1083
mandi,13,2,1,1113
mandi,13,2,1,1289
mandi,13,2,1,1079
mandi,13,2,1,1324
mandi,13,2,1,1067
mandi,13,2,1,1032
mandi,13,2,1,1162
mandi,13,2,1,1372
mandi,13,2,1,1059
mandi,13,2,1,1056
mandi,13,2,1,1290
mandi,13,2,1,1132
mandi,13,2,1,1278
mandi,13,2,1,1092
mandi,13,2,1,1185
mandi,13,2,1,1115
mandi,13,2,1,1182
mandi,13,2,1,1296
mandi,13,2,1,1294
mandi,13,2,1,1205
mandi,13,2,1,1354
mandi,13,2,1,1114
mandi,13,2,1,1106
mandi,13,3,1,1240
mandi,13,3,1,1243
mandi,13,3,1,1036
mandi,13,3,1,1238
mandi,13,3,1,1154
mandi,13,3,1,1289
mandi,13,3,1,1310
mandi,13,3,1,1218
mandi,13,3,1,1020
mandi,13,3,1,1249
mandi,13,3,1,1289
mandi,13,3,1,1109
mandi,13,3,1,1187
mandi,13,3,1,1367
mandi,13,3,1,1127
mandi,13,3,1,1100
mandi,13,3,1,1095
mandi,13,3,1,1221
mandi,13,3,1,1361
mandi,13,3,1,1239
mandi,13,3,1,1129
mandi,13,3,1,1249
mandi,13,3,1,1244
mandi,13,3,1,1234
mandi,13,3,1,1077
mandi,13,3,1,1248
mandi,13,3,1,1174
mandi,13,3,1,1026
mandi,13,3,1,1214
mandi,13,3,1,1376
mandi,13,3,1,1145
mandi,13,3,1,1367
mandi,13,3,1,1054
mandi,13,3,1,1283
mandi,13,3,1,1061
mandi,13,3,1,1118
mandi,13,3,1,1225
mandi,13,3,1,1233
mandi,13,3,1,1299
mandi,13,3,1,1241
mandi,13,3,1,1233
mandi,13,3,1,1348
mandi,13,3,1,1182
mandi,13,3,1,1101
mandi,13,3,1,1078
mandi,13,3,1,1163
mandi,13,3,1,1276
mandi,13,3,1,1035
mandi,13,3,1,1066
mandi,13,3,1,1058
mandi,13,4,1,1230
mandi,13,4,1,1107
mandi,13,4,1,1079
mandi,13,4,1,1233
mandi,13,4,1,1294
mandi,13,4,1,1139
mandi,13,4,1,1228
mandi,13,4,1,1055
mandi,13,4,1,1356
mandi,13,4,1,1141
mandi,13,4,1,1379
mandi,13,4,1,1372
mandi,13,4,1,1300
mandi,13,4,1,1027
mandi,13,4,1,1215
mandi,13,4,1,1051
mandi,13,4,1,1342
mandi,13,4,1,1304
mandi,13,4,1,1370
mandi,13,4,1,1239
mandi,13,4,1,1207
mandi,13,4,1,1206
mandi,13,4,1,1159
mandi,13,4,1,1188
mandi,13,4,1,1248
mandi,13,4,1,1355
mandi,13,4,1,1234
mandi,13,4,1,1328
mandi,13,4,1,1330
mandi,13,4,1,1206
mandi,13,4,1,1145
mandi,13,4,1,1250
mandi,13,4,1,1180
mandi,13,4,1,1049
mandi,13,4,1,1156
mandi,13,4,1,1377
mandi,13,4,1,1037
mandi,13,4,1,1270
mandi,13,4,1,1322
mandi,13,4,1,1253
mandi,13,4,1,1225
mandi,13,4,1,1274
mandi,13,4,1,1174
mandi,13,4,1,1052
mandi,13,4,1,1366
mandi,13,4,1,1175
mandi,13,4,1,1259
mandi,13,4,1,1211
mandi,13,4,1,1039
mandi,13,4,1,1362
mandi,13,5,1,2088
mandi,13,5,1,1717
mandi,13,5,1,2197
mandi,13,5,1,2056
mandi,13,5,1,1904
mandi,13,5,1,1984
mandi,13,5,1,1693
mandi,13,5,1,1954
mandi,13,5,1,1674
mandi,13,5,1,1945
mandi,13,5,1,1950
mandi,13,5,1,2135
mandi,13,5,1,2049
mandi,13,5,1,1775
mandi,13,5,1,2143
mandi,13,5,1,1962
mandi,13,5,1,1981
mandi,13,5,1,1729
mandi,13,5,1,2126
mandi,13,5,1,2168
mandi,13,5,1,2078
mandi,13,5,1,2173
mandi,13,5,1,1806
mandi,13,5,1,2128
mandi,13,5,1,1913
mandi,13,5,1,1726
mandi,13,5,1,2017
mandi,13,5,1,2026
mandi,13,5,1,1797
mandi,13,5,1,1647
mandi,13,5,1,1747
mandi,13,5,1,1862
mandi,13,5,1,1728
mandi,13,5,1,1743
mandi,13,5,1,1857
mandi,13,5,1,2185
mandi,13,5,1,2072
mandi,13,5,1,1816
mandi,13,5,1,2180
mandi,13,5,1,2003
mandi,13,5,1,1894
mandi,13,5,1,1901
mandi,13,5,1,1868
mandi,13,5,1,1766
mandi,13,5,1,1854
mandi,13,5,1,1936
mandi,13,5,1,1936
mandi,13,5,1,2070
mandi,13,5,1,1838
mandi,13,5,1,2044
mandi,13,6,1,1964
mandi,13,6,1,2186
mandi,13,6,1,1853
mandi,13,6,1,2151
mandi,13,6,1,2104
mandi,13,6,1,1999
mandi,13,6,1,2009
mandi,13,6,1,1680
mandi,13,6,1,2179
mandi,13,6,1,1693
mandi,13,6,1,1956
mandi,13,6,1,1822
mandi,13,6,1,1879
mandi,13,6,1,1983
mandi,13,6,1,2155
mandi,13,6,1,1895
mandi,13,6,1,2200
mandi,13,6,1,1973
mandi,13,6,1,1724
mandi,13,6,1,1741
mandi,13,6,1,2044
mandi,13,6,1,1661
mandi,13,6,1,1908
mandi,13,6,1,1717
mandi,13,6,1,1881
mandi,13,6,1,2063
mandi,13,6,1,1896
mandi,13,6,1,1726
mandi,13,6,1,1777
mandi,13,6,1,1843
mandi,13,6,1,1672
mandi,13,6,1,1968
mandi,13,6,1,1981
mandi,13,6,1,1667
mandi,13,6,1,1863
mandi,13,6,1,1870
mandi,13,6,1,1824
mandi,13,6,1,1953
mandi,13,6,1,1831
mandi,13,6,1,1871
mandi,13,6,1,2091
mandi,13,6,1,1725
mandi,13,6,1,1988
mandi,13,6,1,1923
mandi,13,6,1,1807
mandi,13,6,1,2051
mandi,13,6,1,1949
mandi,13,6,1,1906
mandi,13,6,1,2016
mandi,13,6,1,2094
mandi,13,7,1,1027
mandi,13,7,1,934
mandi,13,7,1,1001
mandi,13,7,1,765
mandi,13,7,1,908
mandi,13,7,1,822
mandi,13,7,1,790
mandi,13,7,1,908
mandi,13,7,1,966
mandi,13,7,1,876
mandi,13,7,1,945
mandi,13,7,1,897
mandi,13,7,1,883
mandi,13,7,1,843
mandi,13,7,1,868
mandi,13,7,1,859
mandi,13,7,1,939
mandi,13,7,1,796
mandi,13,7,1,790
mandi,13,7,1,943
mandi,13,7,1,912
mandi,13,7,1,881
mandi,13,7,1,806
mandi,13,7,1,875
mandi,13,7,1,978
mandi,13,7,1,1005
mandi,13,7,1,954
mandi,13,7,1,781
mandi,13,7,1,946
mandi,13,7,1,830
mandi,13,7,1,850
mandi,13,7,1,817
mandi,13,7,1,974
mandi,13,7,1,940
mandi,13,7,1,930
mandi,13,7,1,945
mandi,13,7,1,828
mandi,13,7,1,885
mandi,13,7,1,935
mandi,13,7,1,936
mandi,13,7,1,978
mandi,13,7,1,842
mandi,13,7,1,972
mandi,13,7,1,883
mandi,13,7,1,945
mandi,13,7,1,888
mandi,13,7,1,1021
mandi,13,7,1,813
mandi,13,7,1,947
mandi,13,7,1,920
mandi,13,8,1,811
mandi,13,8,1,782
mandi,13,8,1,980
mandi,13,8,1,807
mandi,13,8,1,815
mandi,13,8,1,1029
mandi,13,8,1,958
mandi,13,8,1,832
mandi,13,8,1,924
mandi,13,8,1,909
mandi,13,8,1,993
mandi,13,8,1,961
mandi,13,8,1,989
mandi,13,8,1,822
mandi,13,8,1,937
mandi,13,8,1,775
mandi,13,8,1,783
mandi,13,8,1,957
mandi,13,8,1,771
mandi,13,8,1,921
mandi,13,8,1,991
mandi,13,8,1,867
mandi,13,8,1,777
mandi,13,8,1,957
mandi,13,8,1,1016
mandi,13,8,1,958
mandi,13,8,1,921
mandi,13,8,1,827
mandi,13,8,1,769
mandi,13,8,1,952
mandi,13,8,1,827
mandi,13,8,1,996
mandi,13,8,1,890
mandi,13,8,1,908
mandi,13,8,1,968
mandi,13,8,1,975
mandi,13,8,1,938
mandi,13,8,1,1018
mandi,13,8,1,1030
mandi,13,8,1,1020
mandi,13,8,1,987
mandi,13,8,1,955
mandi,13,8,1,944
mandi,13,8,1,793
mandi,13,8,1,838
mandi,13,8,1,766
mandi,13,8,1,802
mandi,13,8,1,883
mandi,13,8,1,804
mandi,13,8,1,1008
mandi,13,9,1,1310
mandi,13,9,1,1045
mandi,13,9,1,1109
mandi,13,9,1,1314
mandi,13,9,1,1309
mandi,13,9,1,1360
mandi,13,9,1,1379
mandi,13,9,1,1371
mandi,13,9,1,1167
mandi,13,9,1,1110
mandi,13,9,1,1293
mandi,13,9,1,1127
mandi,13,9,1,1310
mandi,13,9,1,1212
mandi,13,9,1,1305
mandi,13,9,1,1119
mandi,13,9,1,1202
mandi,13,9,1,1223
mandi,13,9,1,1359
mandi,13,9,1,1115
mandi,13,9,1,1357
mandi,13,9,1,1309
mandi,13,9,1,1283
mandi,13,9,1,1303
mandi,13,9,1,1237
mandi,13,9,1,1107
mandi,13,9,1,1088
mandi,13,9,1,1331
mandi,13,9,1,1281
mandi,13,9,1,1096
mandi,13,9,1,1241
mandi,13,9,1,1181
mandi,13,9,1,1077
mandi,13,9,1,1211
mandi,13,9,1,1121
mandi,13,9,1,1054
mandi,13,9,1,1188
mandi,13,9,1,1232
mandi,13,9,1,1036
mandi,13,9,1,1164
mandi,13,9,1,1112
mandi,13,9,1,1031
mandi,13,9,1,1065
mandi,13,9,1,1070
mandi,13,9,1,1085
mandi,13,9,1,1309
mandi,13,9,1,1178
mandi,13,9,1,1072
mandi,13,9,1,1056
mandi,13,9,1,1127
mandi,13,10,1,1307
mandi,13,10,1,1151
mandi,13,10,1,1077
mandi,13,10,1,1165
mandi,13,10,1,1219
mandi,13,10,1,1030
mandi,13,10,1,1245
mandi,13,10,1,1162
mandi,13,10,1,1023
mandi,13,10,1,1262
mandi,13,10,1,1276
mandi,13,10,1,1246
mandi,13,10,1,1143
mandi,13,10,1,1210
mandi,13,10,1,1159
mandi,13,10,1,1272
mandi,13,10,1,1230
mandi,13,10,1,1049
mandi,13,10,1,1251
mandi,13,10,1,1267
mandi,13,10,1,1153
mandi,13,10,1,1335
mandi,13,10,1,1323
mandi,13,10,1,1083
mandi,13,10,1,1345
mandi,13,10,1,1178
mandi,13,10,1,1280
mandi,13,10,1,1313
mandi,13,10,1,1201
mandi,13,10,1,1163
mandi,13,10,1,1349
mandi,13,10,1,1103
mandi,13,10,1,1112
mandi,13,10,1,1150
mandi,13,10,1,1329
mandi,13,10,1,1357
mandi,13,10,1,1099
mandi,13,10,1,1330
mandi,13,10,1,1112
mandi,13,10,1,1369
mandi,13,10,1,1235
mandi,13,10,1,1022
mandi,13,10,1,1032
mandi,13,10,1,1073
mandi,13,10,1,1087
mandi,13,10,1,1296
mandi,13,10,1,1100
mandi,13,10,1,1368
mandi,13,10,1,1249
mandi,13,10,1,1269
mandi,13,11,1,1098
mandi,13,11,1,1341
mandi,13,11,1,1260
mandi,13,11,1,1331
mandi,13,11,1,1364
mandi,13,11,1,1065
mandi,13,11,1,1054
mandi,13,11,1,1309
mandi,13,11,1,1331
mandi,13,11,1,1230
mandi,13,11,1,1151
mandi,13,11,1,1254
mandi,13,11,1,1130
mandi,13,11,1,1105
mandi,13,11,1,1195
mandi,13,11,1,1097
mandi,13,11,1,1194
mandi,13,11,1,1364
mandi,13,11,1,1322
mandi,13,11,1,1358
mandi,13,11,1,1310
mandi,13,11,1,1147
mandi,13,11,1,1312
mandi,13,11,1,1352
mandi,13,11,1,1360
mandi,13,11,1,1265
mandi,13,11,1,1096
mandi,13,11,1,1034
mandi,13,11,1,1072
mandi,13,11,1,1367
mandi,13,11,1,1186
mandi,13,11,1,1327
mandi,13,11,1,1187
mandi,13,11,1,1257
mandi,13,11,1,1028
mandi,13,11,1,1109
mandi,13,11,1,1177
mandi,13,11,1,1247
mandi,13,11,1,1081
mandi,13,11,1,1295
mandi,13,11,1,1151
mandi,13,11,1,1314
mandi,13,11,1,1055
mandi,13,11,1,1264
mandi,13,11,1,1125
mandi,13,11,1,1306
mandi,13,11,1,1164
mandi,13,11,1,1259
mandi,13,11,1,1356
mandi,13,11,1,1027
mandi,13,12,1,1433
mandi,13,12,1,1816
mandi,13,12,1,1753
mandi,13,12,1,1575
mandi,13,12,1,1677
mandi,13,12,1,1449
mandi,13,12,1,1524
mandi,13,12,1,1641
mandi,13,12,1,1848
mandi,13,12,1,1669
mandi,13,12,1,1723
mandi,13,12,1,1868
mandi,13,12,1,1583
mandi,13,12,1,1781
mandi,13,12,1,1862
mandi,13,12,1,1530
mandi,13,12,1,1607
mandi,13,12,1,1921
mandi,13,12,1,1923
mandi,13,12,1,1540
mandi,13,12,1,1461
mandi,13,12,1,1564
mandi,13,12,1,1628
mandi,13,12,1,1650
mandi,13,12,1,1739
mandi,13,12,1,1881
mandi,13,12,1,1594
mandi,13,12,1,1856
mandi,13,12,1,1475
mandi,13,12,1,1449
mandi,13,12,1,1682
mandi,13,12,1,1458
mandi,13,12,1,1625
mandi,13,12,1,1879
mandi,13,12,1,1549
mandi,13,12,1,1783
mandi,13,12,1,1580
mandi,13,12,1,1450
mandi,13,12,1,1708
mandi,13,12,1,1848
mandi,13,12,1,1634
mandi,13,12,1,1739
mandi,13,12,1,1881
mandi,13,12,1,1826
mandi,13,12,1,1525
mandi,13,12,1,1797
mandi,13,12,1,1680
mandi,13,12,1,1803
mandi,13,12,1,1677
mandi,13,12,1,1492
mandi,13,1,2,4288
mandi,13,1,2,4190
mandi,13,1,2,4222
mandi,13,1,2,4677
mandi,13,1,2,4697
mandi,13,1,2,4141
mandi,13,1,2,4144
mandi,13,1,2,4219
mandi,13,1,2,4224
mandi,13,1,2,4767
mandi,13,1,2,4388
mandi,13,1,2,3919
mandi,13,1,2,4239
mandi,13,1,2,4360
mandi,13,1,2,4376
mandi,13,1,2,4307
mandi,13,1,2,3793
mandi,13,1,2,3612
mandi,13,1,2,3995
mandi,13,1,2,4108
mandi,13,1,2,3647
mandi,13,1,2,4596
mandi,13,1,2,4003
mandi,13,1,2,4721
mandi,13,1,2,3764
mandi,13,1,2,3641
mandi,13,1,2,4177
mandi,13,1,2,3808
mandi,13,1,2,4751
mandi,13,1,2,3582
mandi,13,1,2,4089
mandi,13,1,2,4737
mandi,13,1,2,4054
mandi,13,1,2,3687
mandi,13,1,2,3951
mandi,13,1,2,4197
mandi,13,1,2,3803
mandi,13,1,2,4157
mandi,13,1,2,4623
mandi,13,1,2,4669
mandi,13,1,2,3632
mandi,13,1,2,3772
mandi,13,1,2,3916
mandi,13,1,2,4319
mandi,13,1,2,4024
mandi,13,1,2,4633
mandi,13,1,2,4473
mandi,13,1,2,3696
mandi,13,1,2,4356
mandi,13,1,2,3712
mandi,13,2,2,2779
mandi,13,2,2,2710
mandi,13,2,2,2705
mandi,13,2,2,3104
mandi,13,2,2,3057
mandi,13,2,2,2708
mandi,13,2,2,3441
mandi,13,2,2,2929
mandi,13,2,2,2637
mandi,13,2,2,2658
mandi,13,2,2,3075
mandi,13,2,2,3431
mandi,13,2,2,3064
mandi,13,2,2,3404
mandi,13,2,2,2949
mandi,13,2,2,2942
mandi,13,2,2,3000
mandi,13,2,2,3177
mandi,13,2,2,2880
mandi,13,2,2,3327
mandi,13,2,2,2576
mandi,13,2,2,2945
mandi,13,2,2,3009
mandi,13,2,2,3096
mandi,13,2,2,2798
mandi,13,2,2,2934
mandi,13,2,2,2986
mandi,13,2,2,3168
mandi,13,2,2,3246
mandi,13,2,2,3214
mandi,13,2,2,2857
mandi,13,2,2,3449
mandi,13,2,2,3313
mandi,13,2,2,2784
mandi,13,2,2,2725
mandi,13,2,2,2832
mandi,13,2,2,2957
mandi,13,2,2,3315
mandi,13,2,2,3250
mandi,13,2,2,3316
mandi,13,2,2,2794
mandi,13,2,2,3084
mandi,13,2,2,2804
mandi,13,2,2,2648
mandi,13,2,2,3165
mandi,13,2,2,2678
mandi,13,2,2,3150
mandi,13,2,2,3133
mandi,13,2,2,3279
mandi,13,2,2,2675
mandi,13,3,2,3255
mandi,13,3,2,3449
mandi,13,3,2,3315
mandi,13,3,2,3226
mandi,13,3,2,3145
mandi,13,3,2,2929
mandi,13,3,2,3207
mandi,13,3,2,3201
mandi,13,3,2,3118
mandi,13,3,2,3266
mandi,13,3,2,2953
mandi,13,3,2,2659
mandi,13,3,2,3053
mandi,13,3,2,2788
mandi,13,3,2,2895
mandi,13,3,2,2565
mandi,13,3,2,2894
mandi,13,3,2,3277
mandi,13,3,2,3038
mandi,13,3,2,2558
mandi,13,3,2,2972
mandi,13,3,2,2812
mandi,13,3,2,2979
mandi,13,3,2,2914
mandi,13,3,2,3388
mandi,13,3,2,2587
mandi,13,3,2,3165
mandi,13,3,2,3315
mandi,13,3,2,3413
mandi,13,3,2,2709
mandi,13,3,2,3028
mandi,13,3,2,2589
mandi,13,3,2,2999
mandi,13,3,2,2662
mandi,13,3,2,3304
mandi,13,3,2,2652
mandi,13,3,2,3011
mandi,13,3,2,3018
mandi,13,3,2,3424
mandi,13,3,2,3139
mandi,13,3,2,2809
mandi,13,3,2,2766
mandi,13,3,2,2665
mandi,13,3,2,3230
mandi,13,3,2,3171
mandi,13,3,2,3098
mandi,13,3,2,2586
mandi,13,3,2,3236
mandi,13,3,2,3127
mandi,13,3,2,3417
mandi,13,4,2,3078
mandi,13,4,2,2823
mandi,13,4,2,2893
mandi,13,4,2,2708
mandi,13,4,2,3200
mandi,13,4,2,3186
mandi,13,4,2,2730
mandi,13,4,2,2692
mandi,13,4,2,2619
mandi,13,4,2,3370
mandi,13,4,2,2759
mandi,13,4,2,2859
mandi,13,4,2,2802
mandi,13,4,2,2922
mandi,13,4,2,3192
mandi,13,4,2,3333
mandi,13,4,2,2714
mandi,13,4,2,3167
mandi,13,4,2,2867
mandi,13,4,2,3432
mandi,13,4,2,2819
mandi,13,4,2,2556
mandi,13,4,2,3014
mandi,13,4,2,2685
mandi,13,4,2,2590
mandi,13,4,2,3178
mandi,13,4,2,3209
mandi,13,4,2,2964
mandi,13,4,2,3159
mandi,13,4,2,3034
mandi,13,4,2,3116
mandi,13,4,2,3087
mandi,13,4,2,3149
mandi,13,4,2,2729
mandi,13,4,2,2791
mandi,13,4,2,2945
mandi,13,4,2,2951
mandi,13,4,2,3246
mandi,13,4,2,2880
mandi,13,4,2,2696
mandi,13,4,2,2776
mandi,13,4,2,2743
mandi,13,4,2,3208
mandi,13,4,2,2973
mandi,13,4,2,3187
mandi,13,4,2,2924
mandi,13,4,2,3350
mandi,13,4,2,3435
mandi,13,4,2,3152
mandi,13,4,2,3327
mandi,13,5,2,4811
mandi,13,5,2,5425
mandi,13,5,2,5277
mandi,13,5,2,5508
mandi,13,5,2,4977
mandi,13,5,2,5202
mandi,13,5,2,4861
mandi,13,5,2,4453
mandi,13,5,2,4590
mandi,13,5,2,5367
mandi,13,5,2,4160
mandi,13,5,2,4931
mandi,13,5,2,4616
mandi,13,5,2,4636
mandi,13,5,2,5353
mandi,13,5,2,5309
mandi,13,5,2,4942
mandi,13,5,2,4473
mandi,13,5,2,4764
mandi,13,5,2,4667
mandi,13,5,2,4589
mandi,13,5,2,4228
mandi,13,5,2,4862
mandi,13,5,2,4514
mandi,13,5,2,5031
mandi,13,5,2,4539
mandi,13,5,2,4700
mandi,13,5,2,4155
mandi,13,5,2,5509
mandi,13,5,2,4810
mandi,13,5,2,4114
mandi,13,5,2,4859
mandi,13,5,2,5333
mandi,13,5,2,5192
mandi,13,5,2,5089
mandi,13,5,2,4280
mandi,13,5,2,5027
mandi,13,5,2,5183
mandi,13,5,2,4904
mandi,13,5,2,5365
mandi,13,5,2,4478
mandi,13,5,2,4428
mandi,13,5,2,5332
mandi,13,5,2,4980
mandi,13,5,2,4082
mandi,13,5,2,4588
mandi,13,5,2,5315
mandi,13,5,2,4119
mandi,13,5,2,4084
mandi,13,5,2,4485
mandi,13,6,2,5396
mandi,13,6,2,5378
mandi,13,6,2,4827
mandi,13,6,2,4876
mandi,13,6,2,4558
mandi,13,6,2,4430
mandi,13,6,2,5253
mandi,13,6,2,4233
mandi,13,6,2,4781
mandi,13,6,2,4993
mandi,13,6,2,4229
mandi,13,6,2,4828
mandi,13,6,2,4911
mandi,13,6,2,5149
mandi,13,6,2,4418
mandi,13,6,2,4502
mandi,13,6,2,4900
mandi,13,6,2,5495
mandi,13,6,2,4393
mandi,13,6,2,5499
mandi,13,6,2,5108
mandi,13,6,2,5269
mandi,13,6,2,4209
mandi,13,6,2,4512
mandi,13,6,2,4163
mandi,13,6,2,4615
mandi,13,6,2,5493
mandi,13,6,2,4231
mandi,13,6,2,4889
mandi,13,6,2,4088
mandi,13,6,2,5106
mandi,13,6,2,4363
mandi,13,6,2,4266
mandi,13,6,2,4565
mandi,13,6,2,5190
mandi,13,6,2,4233
mandi,13,6,2,4410
mandi,13,6,2,4092
mandi,13,6,2,5474
mandi,13,6,2,4932
mandi,13,6,2,5116
mandi,13,6,2,5017
mandi,13,6,2,4287
mandi,13,6,2,4936
mandi,13,6,2,4269
mandi,13,6,2,4657
mandi,13,6,2,4899
mandi,13,6,2,4884
mandi,13,6,2,4251
mandi,13,6,2,4129
mandi,13,7,2,2451
mandi,13,7,2,2402
mandi,13,7,2,1967
mandi,13,7,2,1998
mandi,13,7,2,2514
mandi,13,7,2,2431
mandi,13,7,2,2584
mandi,13,7,2,2083
mandi,13,7,2,2241
mandi,13,7,2,2072
mandi,13,7,2,2332
mandi,13,7,2,1990
mandi,13,7,2,1998
mandi,13,7,2,1961
mandi,13,7,2,2380
mandi,13,7,2,2245
mandi,13,7,2,2329
mandi,13,7,2,2506
mandi,13,7,2,2412
mandi,13,7,2,2224
mandi,13,7,2,2576
mandi,13,7,2,2220
mandi,13,7,2,1988
mandi,13,7,2,2582
mandi,13,7,2,1927
mandi,13,7,2,2283
mandi,13,7,2,2121
mandi,13,7,2,2252
mandi,13,7,2,2289
mandi,13,7,2,2074
mandi,13,7,2,2288
mandi,13,7,2,2422
mandi,13,7,2,2092
mandi,13,7,2,2171
mandi,13,7,2,2093
mandi,13,7,2,2466
mandi,13,7,2,2401
mandi,13,7,2,2500
mandi,13,7,2,2027
mandi,13,7,2,1962
mandi,13,7,2,1993
mandi,13,7,2,2021
mandi,13,7,2,2272
mandi,13,7,2,2567
mandi,13,7,2,2153
mandi,13,7,2,2559
mandi,13,7,2,1938
mandi,13,7,2,2538
mandi,13,7,2,2034
mandi,13,7,2,2528
mandi,13,8,2,1950
mandi,13,8,2,2552
mandi,13,8,2,2048
mandi,13,8,2,2116
mandi,13,8,2,2243
mandi,13,8,2,2169
mandi,13,8,2,2363
mandi,13,8,2,2570
mandi,13,8,2,2321
mandi,13,8,2,2399
mandi,13,8,2,1971
mandi,13,8,2,2336
mandi,13,8,2,2218
mandi,13,8,2,2510
mandi,13,8,2,2174
mandi,13,8,2,2371
mandi,13,8,2,2066
mandi,13,8,2,2087
mandi,13,8,2,2166
mandi,13,8,2,2117
mandi,13,8,2,2083
mandi,13,8,2,1946
mandi,13,8,2,2477
mandi,13,8,2,1955
mandi,13,8,2,2511
mandi,13,8,2,1997
mandi,13,8,2,1956
mandi,13,8,2,2292
mandi,13,8,2,2251
mandi,13,8,2,2244
mandi,13,8,2,2300
mandi,13,8,2,2106
mandi,13,8,2,2359
mandi,13,8,2,2251
mandi,13,8,2,2138
mandi,13,8,2,2470
mandi,13,8,2,2403
mandi,13,8,2,2178
mandi,13,8,2,2484
mandi,13,8,2,2533
mandi,13,8,2,2274
mandi,13,8,2,2057
mandi,13,8,2,2530
mandi,13,8,2,2040
mandi,13,8,2,1945
mandi,13,8,2,2133
mandi,13,8,2,2403
mandi,13,8,2,2535
mandi,13,8,2,2342
mandi,13,8,2,2554
mandi,13,9,2,2633
mandi,13,9,2,2604
mandi,13,9,2,3093
mandi,13,9,2,3419
mandi,13,9,2,3002
mandi,13,9,2,2596
mandi,13,9,2,2749
mandi,13,9,2,2770
mandi,13,9,2,2854
mandi,13,9,2,2589
mandi,13,9,2,3364
mandi,13,9,2,3014
mandi,13,9,2,3153
mandi,13,9,2,2610
mandi,13,9,2,2598
mandi,13,9,2,3077
mandi,13,9,2,3348
mandi,13,9,2,3025
mandi,13,9,2,3340
mandi,13,9,2,3279
mandi,13,9,2,2618
mandi,13,9,2,2731
mandi,13,9,2,3141
mandi,13,9,2,2949
mandi,13,9,2,2811
mandi,13,9,2,2926
mandi,13,9,2,2950
mandi,13,9,2,3369
mandi,13,9,2,2643
mandi,13,9,2,2801
mandi,13,9,2,3033
mandi,13,9,2,3178
mandi,13,9,2,3117
mandi,13,9,2,3397
mandi,13,9,2,3266
mandi,13,9,2,3051
mandi,13,9,2,2743
mandi,13,9,2,2955
mandi,13,9,2,3174
mandi,13,9,2,3304
mandi,13,9,2,3413
mandi,13,9,2,3094
mandi,13,9,2,3024
mandi,13,9,2,2565
mandi,13,9,2,2614
mandi,13,9,2,2690
mandi,13,9,2,2599
mandi,13,9,2,2910
mandi,13,9,2,2853
mandi,13,9,2,3123
mandi,13,10,2,3032
mandi,13,10,2,3086
mandi,13,10,2,2974
mandi,13,10,2,2799
mandi,13,10,2,3407
mandi,13,10,2,2627
mandi,13,10,2,3395
mandi,13,10,2,2830
mandi,13,10,2,3011
mandi,13,10,2,2647
mandi,13,10,2,2613
mandi,13,10,2,2936
mandi,13,10,2,3217
mandi,13,10,2,2792
mandi,13,10,2,3056
mandi,13,10,2,2800
mandi,13,10,2,2899
mandi,13,10,2,3365
mandi,13,10,2,3320
mandi,13,10,2,3014
mandi,13,10,2,2764
mandi,13,10,2,2723
mandi,13,10,2,3408
mandi,13,10,2,2732
mandi,13,10,2,3277
mandi,13,10,2,2882
mandi,13,10,2,3437
mandi,13,10,2,2881
mandi,13,10,2,2866
mandi,13,10,2,3123
mandi,13,10,2,3415
mandi,13,10,2,3428
mandi,13,10,2,3186
mandi,13,10,2,3229
mandi,13,10,2,3057
mandi,13,10,2,3230
mandi,13,10,2,3323
mandi,13,10,2,2987
mandi,13,10,2,3107
mandi,13,10,2,3033
mandi,13,10,2,3056
mandi,13,10,2,3351
mandi,13,10,2,2870
mandi,13,10,2,2737
mandi,13,10,2,2960
mandi,13,10,2,2737
mandi,13,10,2,2998
mandi,13,10,2,3363
mandi,13,10,2,3105
mandi,13,10,2,3319
mandi,13,11,2,2699
mandi,13,11,2,3360
mandi,13,11,2,3091
mandi,13,11,2,2578
mandi,13,11,2,3119
mandi,13,11,2,3406
mandi,13,11,2,2621
mandi,13,11,2,3074
mandi,13,11,2,3373
mandi,13,11,2,2558
mandi,13,11,2,3117
mandi,13,11,2,2977
mandi,13,11,2,2862
mandi,13,11,2,3114
mandi,13,11,2,2597
mandi,13,11,2,3227
mandi,13,11,2,2554
mandi,13,11,2,2826
mandi,13,11,2,3003
mandi,13,11,2,2889
mandi,13,11,2,2826
mandi,13,11,2,3297
mandi,13,11,2,3391
mandi,13,11,2,3336
mandi,13,11,2,3020
mandi,13,11,2,3345
mandi,13,11,2,3378
mandi,13,11,2,2918
mandi,13,11,2,2805
mandi,13,11,2,2638
mandi,13,11,2,2981
mandi,13,11,2,3401
mandi,13,11,2,3054
mandi,13,11,2,3150
mandi,13,11,2,2651
mandi,13,11,2,2679
mandi,13,11,2,2968
mandi,13,11,2,3406
mandi,13,11,2,2874
mandi,13,11,2,3339
mandi,13,11,2,2658
mandi,13,11,2,3105
mandi,13,11,2,3090
mandi,13,11,2,3323
mandi,13,11,2,2552
mandi,13,11,2,2720
mandi,13,11,2,2747
mandi,13,11,2,3404
mandi,13,11,2,2688
mandi,13,11,2,2583
mandi,13,12,2,4243
mandi,13,12,2,4235
mandi,13,12,2,4633
mandi,13,12,2,4765
mandi,13,12,2,4248
mandi,13,12,2,4741
mandi,13,12,2,4483
mandi,13,12,2,3903
mandi,13,12,2,4739
mandi,13,12,2,4410
mandi,13,12,2,4091
mandi,13,12,2,4427
mandi,13,12,2,4075
mandi,13,12,2,3713
mandi,13,12,2,4475
mandi,13,12,2,4608
mandi,13,12,2,4488
mandi,13,12,2,3858
mandi,13,12,2,4775
mandi,13,12,2,3601
mandi,13,12,2,3989
mandi,13,12,2,3897
mandi,13,12,2,3630
mandi,13,12,2,4081
mandi,13,12,2,4355
mandi,13,12,2,4682
mandi,13,12,2,4817
mandi,13,12,2,4588
mandi,13,12,2,4160
mandi,13,12,2,4481
mandi,13,12,2,4632
mandi,13,12,2,4156
mandi,13,12,2,4559
mandi,13,12,2,4178
mandi,13,12,2,4056
mandi,13,12,2,4232
mandi,13,12,2,4421
mandi,13,12,2,4485
mandi,13,12,2,4019
mandi,13,12,2,4289
mandi,13,12,2,4716
mandi,13,12,2,4800
mandi,13,12,2,3856
mandi,13,12,2,3812
mandi,13,12,2,4422
mandi,13,12,2,4092
mandi,13,12,2,3600
mandi,13,12,2,4007
mandi,13,12,2,4586
mandi,13,12,2,4574
bilaspur,14,1,0,845
bilaspur,14,1,0,840
bilaspur,14,1,0,867
bilaspur,14,1,0,775
bilaspur,14,1,0,853
bilaspur,14,1,0,722
bilaspur,14,1,0,840
bilaspur,14,1,0,805
bilaspur,14,1,0,891
bilaspur,14,1,0,882
bilaspur,14,1,0,816
bilaspur,14,1,0,721
bilaspur,14,1,0,784
bilaspur,14,1,0,880
bilaspur,14,1,0,738
bilaspur,14,1,0,747
bilaspur,14,1,0,884
bilaspur,14,1,0,911
bilaspur,14,1,0,801
bilaspur,14,1,0,844
bilaspur,14,1,0,960
bilaspur,14,1,0,960
bilaspur,14,1,0,798
bilaspur,14,1,0,925
bilaspur,14,1,0,870
bilaspur,14,1,0,967
bilaspur,14,1,0,841
bilaspur,14,1,0,916
bilaspur,14,1,0,915
bilaspur,14,1,0,846
bilaspur,14,1,0,922
bilaspur,14,1,0,786
bilaspur,14,1,0,751
bilaspur,14,1,0,827
bilaspur,14,1,0,959
bilaspur,14,1,0,847
bilaspur,14,1,0,881
bilaspur,14,1,0,878
bilaspur,14,1,0,753
bilaspur,14,1,0,819
bilaspur,14,1,0,899
bilaspur,14,1,0,966
bilaspur,14,1,0,762
bilaspur,14,1,0,824
bilaspur,14,1,0,744
bilaspur,14,1,0,781
bilaspur,14,1,0,815
bilaspur,14,1,0,857
bilaspur,14,1,0,778
bilaspur,14,1,0,777
bilaspur,14,2,0,655
bilaspur,14,2,0,688
bilaspur,14,2,0,600
bilaspur,14,2,0,639
bilaspur,14,2,0,600
bilaspur,14,2,0,682
bilaspur,14,2,0,636
bilaspur,14,2,0,659
bilaspur,14,2,0,600
bilaspur,14,2,0,622
bilaspur,14,2,0,610
bilaspur,14,2,0,600
bilaspur,14,2,0,600
bilaspur,14,2,0,619
bilaspur,14,2,0,642
bilaspur,14,2,0,600
bilaspur,14,2,0,617
bilaspur,14,2,0,600
bilaspur,14,2,0,600
bilaspur,14,2,0,627
bilaspur,14,2,0,600
bilaspur,14,2,0,600
bilaspur,14,2,0,600
bilaspur,14,2,0,631
bilaspur,14,2,0,600
bilaspur,14,2,0,689
bilaspur,14,2,0,600
bilaspur,14,2,0,648
bilaspur,14,2,0,600
bilaspur,14,2,0,606
bilaspur,14,2,0,614
bilaspur,14,2,0,600
bilaspur,14,2,0,600
bilaspur,14,2,0,600
bilaspur,14,2,0,600
bilaspur,14,2,0,600
bilaspur,14,2,0,641
bilaspur,14,2,0,654
bilaspur,14,2,0,600
bilaspur,14,2,0,600
bilaspur,14,2,0,600
bilaspur,14,2,0,600
bilaspur,14,2,0,655
bilaspur,14,2,0,624
bilaspur,14,2,0,600
bilaspur,14,2,0,600
bilaspur,14,2,0,662
bilaspur,14,2,0,600
bilaspur,14,2,0,600
bilaspur,14,2,0,634
bilaspur,14,3,0,616
bilaspur,14,3,0,600
bilaspur,14,3,0,677
bilaspur,14,3,0,600
bilaspur,14,3,0,648
bilaspur,14,3,0,600
bilaspur,14,3,0,626
bilaspur,14,3,0,672
bilaspur,14,3,0,600
bilaspur,14,3,0,645
bilaspur,14,3,0,663
bilaspur,14,3,0,600
bilaspur,14,3,0,642
bilaspur,14,3,0,681
bilaspur,14,3,0,618
bilaspur,14,3,0,600
bilaspur,14,3,0,600
bilaspur,14,3,0,600
bilaspur,14,3,0,600
bilaspur,14,3,0,607
bilaspur,14,3,0,600
bilaspur,14,3,0,600
bilaspur,14,3,0,600
bilaspur,14,3,0,600
bilaspur,14,3,0,616
bilaspur,14,3,0,642
bilaspur,14,3,0,600
bilaspur,14,3,0,600
bilaspur,14,3,0,600
bilaspur,14,3,0,600
bilaspur,14,3,0,600
bilaspur,14,3,0,649
bilaspur,14,3,0,600
bilaspur,14,3,0,684
bilaspur,14,3,0,602
bilaspur,14,3,0,600
bilaspur,14,3,0,655
bilaspur,14,3,0,643
bilaspur,14,3,0,624
bilaspur,14,3,0,683
bilaspur,14,3,0,600
bilaspur,14,3,0,660
bilaspur,14,3,0,600
bilaspur,14,3,0,666
bilaspur,14,3,0,600
bilaspur,14,3,0,600
bilaspur,14,3,0,637
bilaspur,14,3,0,600
bilaspur,14,3,0,600
bilaspur,14,3,0,600
bilaspur,14,4,0,637
bilaspur,14,4,0,675
bilaspur,14,4,0,636
bilaspur,14,4,0,664
bilaspur,14,4,0,612
bilaspur,14,4,0,600
bilaspur,14,4,0,600
bilaspur,14,4,0,614
bilaspur,14,4,0,600
bilaspur,14,4,0,600
bilaspur,14,4,0,600
bilaspur,14,4,0,635
bilaspur,14,4,0,600
bilaspur,14,4,0,659
bilaspur,14,4,0,648
bilaspur,14,4,0,647
bilaspur,14,4,0,693
bilaspur,14,4,0,600
bilaspur,14,4,0,631
bilaspur,14,4,0,669
bilaspur,14,4,0,619
bilaspur,14,4,0,657
bilaspur,14,4,0,600
bilaspur,14,4,0,621
bilaspur,14,4,0,600
bilaspur,14,4,0,693
bilaspur,14,4,0,659
bilaspur,14,4,0,671
bilaspur,14,4,0,640
bilaspur,14,4,0,600
bilaspur,14,4,0,600
bilaspur,14,4,0,671
bilaspur,14,4,0,600
bilaspur,14,4,0,600
bilaspur,14,4,0,616
bilaspur,14,4,0,600
bilaspur,14,4,0,632
bilaspur,14,4,0,602
bilaspur,14,4,0,640
bilaspur,14,4,0,669
bilaspur,14,4,0,600
bilaspur,14,4,0,600
bilaspur,14,4,0,600
bilaspur,14,4,0,688
bilaspur,14,4,0,600
bilaspur,14,4,0,600
bilaspur,14,4,0,632
bilaspur,14,4,0,600
bilaspur,14,4,0,686
bilaspur,14,4,0,676
bilaspur,14,5,0,971
bilaspur,14,5,0,1010
bilaspur,14,5,0,839
bilaspur,14,5,0,1024
bilaspur,14,5,0,1028
bilaspur,14,5,0,927
bilaspur,14,5,0,886
bilaspur,14,5,0,1088
bilaspur,14,5,0,946
bilaspur,14,5,0,1012
bilaspur,14,5,0,832
bilaspur,14,5,0,943
bilaspur,14,5,0,1060
bilaspur,14,5,0,935
bilaspur,14,5,0,997
bilaspur,14,5,0,883
bilaspur,14,5,0,943
bilaspur,14,5,0,1092
bilaspur,14,5,0,987
bilaspur,14,5,0,1084
bilaspur,14,5,0,1084
bilaspur,14,5,0,1096
bilaspur,14,5,0,1082
bilaspur,14,5,0,823
bilaspur,14,5,0,1094
bilaspur,14,5,0,862
bilaspur,14,5,0,834
bilaspur,14,5,0,838
bilaspur,14,5,0,924
bilaspur,14,5,0,1003
bilaspur,14,5,0,939
bilaspur,14,5,0,830
bilaspur,14,5,0,961
bilaspur,14,5,0,951
bilaspur,14,5,0,1042
bilaspur,14,5,0,903
bilaspur,14,5,0,885
bilaspur,14,5,0,897
bilaspur,14,5,0,911
bilaspur,14,5,0,996
bilaspur,14,5,0,959
bilaspur,14,5,0,920
bilaspur,14,5,0,931
bilaspur,14,5,0,930
bilaspur,14,5,0,1105
bilaspur,14,5,0,890
bilaspur,14,5,0,1060
bilaspur,14,5,0,1028
bilaspur,14,5,0,824
bilaspur,14,5,0,1111
bilaspur,14,6,0,1042
bilaspur,14,6,0,1020
bilaspur,14,6,0,940
bilaspur,14,6,0,984
bilaspur,14,6,0,896
bilaspur,14,6,0,833
bilaspur,14,6,0,1065
bilaspur,14,6,0,1083
bilaspur,14,6,0,869
bilaspur,14,6,0,1051
bilaspur,14,6,0,1038
bilaspur,14,6,0,874
bilaspur,14,6,0,945
bilaspur,14,6,0,945
bilaspur,14,6,0,1043
bilaspur,14,6,0,1066
bilaspur,14,6,0,850
bilaspur,14,6,0,986
bilaspur,14,6,0,1044
bilaspur,14,6,0,1051
bilaspur,14,6,0,865
bilaspur,14,6,0,975
bilaspur,14,6,0,1071
bilaspur,14,6,0,915
bilaspur,14,6,0,946
bilaspur,14,6,0,1056
bilaspur,14,6,0,848
bilaspur,14,6,0,1072
bilaspur,14,6,0,913
bilaspur,14,6,0,823
bilaspur,14,6,0,890
bilaspur,14,6,0,848
bilaspur,14,6,0,849
bilaspur,14,6,0,1023
bilaspur,14,6,0,884
bilaspur,14,6,0,1094
bilaspur,14,6,0,972
bilaspur,14,6,0,956
bilaspur,14,6,0,948
bilaspur,14,6,0,1023
bilaspur,14,6,0,954
bilaspur,14,6,0,860
bilaspur,14,6,0,1078
bilaspur,14,6,0,947
bilaspur,14,6,0,844
bilaspur,14,6,0,976
bilaspur,14,6,0,1010
bilaspur,14,6,0,902
bilaspur,14,6,0,1055
bilaspur,14,6,0,1017
bilaspur,14,7,0,600
bilaspur,14,7,0,600
bilaspur,14,7,0,600
bilaspur,14,7,0,600
bilaspur,14,7,0,600
bilaspur,14,7,0,600
bilaspur,14,7,0,600
bilaspur,14,7,0,600
bilaspur,14,7,0,600
bilaspur,14,7,0,600
bilaspur,14,7,0,600
bilaspur,14,7,0,600
bilaspur,14,7,0,600
bilaspur,14,7,0,600
bilaspur,14,7,0,600
bilaspur,14,7,0,600
bilaspur,14,7,0,600
bilaspur,14,7,0,600
bilaspur,14,7,0,600
bilaspur,14,7,0,600
bilaspur,14,7,0,600
bilaspur,14,7,0,600
bilaspur,14,7,0,600
bilaspur,14,7,0,600
bilaspur,14,7,0,600
bilaspur,14,7,0,600
bilaspur,14,7,0,600
bilaspur,14,7,0,600
bilaspur,14,7,0,600
bilaspur,14,7,0,600
bilaspur,14,7,0,600
bilaspur,14,7,0,600
bilaspur,14,7,0,600
bilaspur,14,7,0,600
bilaspur,14,7,0,600
bilaspur,14,7,0,600
bilaspur,14,7,0,600
bilaspur,14,7,0,600
bilaspur,14,7,0,600
bilaspur,14,7,0,600
bilaspur,14,7,0,600
bilaspur,14,7,0,600
bilaspur,14,7,0,600
bilaspur,14,7,0,600
bilaspur,14,7,0,600
bilaspur,14,7,0,600
bilaspur,14,7,0,600
bilaspur,14,7,0,600
bilaspur,14,7,0,600
bilaspur,14,7,0,600
bilaspur,14,8,0,600
bilaspur,14,8,0,600
bilaspur,14,8,0,600
bilaspur,14,8,0,600
bilaspur,14,8,0,600
bilaspur,14,8,0,600
bilaspur,14,8,0,600
bilaspur,14,8,0,600
bilaspur,14,8,0,600
bilaspur,14,8,0,600
bilaspur,14,8,0,600
bilaspur,14,8,0,600
bilaspur,14,8,0,600
bilaspur,14,8,0,600
bilaspur,14,8,0,600
bilaspur,14,8,0,600
bilaspur,14,8,0,600
bilaspur,14,8,0,600
bilaspur,14,8,0,600
bilaspur,14,8,0,600
bilaspur,14,8,0,600
bilaspur,14,8,0,600
bilaspur,14,8,0,600
bilaspur,14,8,0,600
bilaspur,14,8,0,600
bilaspur,14,8,0,600
bilaspur,14,8,0,600
bilaspur,14,8,0,600
bilaspur,14,8,0,600
bilaspur,14,8,0,600
bilaspur,14,8,0,600
bilaspur,14,8,0,600
bilaspur,14,8,0,600
bilaspur,14,8,0,600
bilaspur,14,8,0,600
bilaspur,14,8,0,600
bilaspur,14,8,0,600
bilaspur,14,8,0,600
bilaspur,14,8,0,600
bilaspur,14,8,0,600
bilaspur,14,8,0,600
bilaspur,14,8,0,600
bilaspur,14,8,0,600
bilaspur,14,8,0,600
bilaspur,14,8,0,600
bilaspur,14,8,0,600
bilaspur,14,8,0,600
bilaspur,14,8,0,600
bilaspur,14,8,0,600
bilaspur,14,8,0,600
bilaspur,14,9,0,600
bilaspur,14,9,0,624
bilaspur,14,9,0,624
bilaspur,14,9,0,600
bilaspur,14,9,0,646
bilaspur,14,9,0,654
bilaspur,14,9,0,681
bilaspur,14,9,0,620
bilaspur,14,9,0,655
bilaspur,14,9,0,650
bilaspur,14,9,0,600
bilaspur,14,9,0,600
bilaspur,14,9,0,601
bilaspur,14,9,0,600
bilaspur,14,9,0,600
bilaspur,14,9,0,600
bilaspur,14,9,0,600
bilaspur,14,9,0,600
bilaspur,14,9,0,600
bilaspur,14,9,0,646
bilaspur,14,9,0,665
bilaspur,14,9,0,613
bilaspur,14,9,0,600
bilaspur,14,9,0,600
bilaspur,14,9,0,600
bilaspur,14,9,0,600
bilaspur,14,9,0,657
bilaspur,14,9,0,600
bilaspur,14,9,0,657
bilaspur,14,9,0,642
bilaspur,14,9,0,600
bilaspur,14,9,0,606
bilaspur,14,9,0,600
bilaspur,14,9,0,600
bilaspur,14,9,0,612
bilaspur,14,9,0,692
bilaspur,14,9,0,661
bilaspur,14,9,0,678
bilaspur,14,9,0,600
bilaspur,14,9,0,600
bilaspur,14,9,0,600
bilaspur,14,9,0,600
bilaspur,14,9,0,600
bilaspur,14,9,0,630
bilaspur,14,9,0,605
bilaspur,14,9,0,678
bilaspur,14,9,0,684
bilaspur,14,9,0,600
bilaspur,14,9,0,669
bilaspur,14,9,0,601
bilaspur,14,10,0,600
bilaspur,14,10,0,656
bilaspur,14,10,0,600
bilaspur,14,10,0,674
bilaspur,14,10,0,636
bilaspur,14,10,0,673
bilaspur,14,10,0,694
bilaspur,14,10,0,608
bilaspur,14,10,0,600
bilaspur,14,10,0,600
bilaspur,14,10,0,600
bilaspur,14,10,0,600
bilaspur,14,10,0,662
bilaspur,14,10,0,600
bilaspur,14,10,0,691
bilaspur,14,10,0,641
bilaspur,14,10,0,600
bilaspur,14,10,0,600
bilaspur,14,10,0,600
bilaspur,14,10,0,603
bilaspur,14,10,0,611
bilaspur,14,10,0,600
bilaspur,14,10,0,638
bilaspur,14,10,0,602
bilaspur,14,10,0,657
bilaspur,14,10,0,662
bilaspur,14,10,0,600
bilaspur,14,10,0,600
bilaspur,14,10,0,641
bilaspur,14,10,0,691
bilaspur,14,10,0,600
bilaspur,14,10,0,600
bilaspur,14,10,0,600
bilaspur,14,10,0,600
bilaspur,14,10,0,600
bilaspur,14,10,0,600
bilaspur,14,10,0,633
bilaspur,14,10,0,600
bilaspur,14,10,0,600
bilaspur,14,10,0,600
bilaspur,14,10,0,669
bilaspur,14,10,0,604
bilaspur,14,10,0,689
bilaspur,14,10,0,605
bilaspur,14,10,0,600
bilaspur,14,10,0,600
bilaspur,14,10,0,640
bilaspur,14,10,0,611
bilaspur,14,10,0,623
bilaspur,14,10,0,651
bilaspur,14,11,0,646
bilaspur,14,11,0,600
bilaspur,14,11,0,659
bilaspur,14,11,0,610
bilaspur,14,11,0,600
bilaspur,14,11,0,611
bilaspur,14,11,0,625
bilaspur,14,11,0,600
bilaspur,14,11,0,600
bilaspur,14,11,0,600
bilaspur,14,11,0,600
bilaspur,14,11,0,600
bilaspur,14,11,0,600
bilaspur,14,11,0,600
bilaspur,14,11,0,600
bilaspur,14,11,0,676
bilaspur,14,11,0,600
bilaspur,14,11,0,600
bilaspur,14,11,0,600
bilaspur,14,11,0,657
bilaspur,14,11,0,600
bilaspur,14,11,0,600
bilaspur,14,11,0,600
bilaspur,14,11,0,694
bilaspur,14,11,0,617
bilaspur,14,11,0,600
bilaspur,14,11,0,600
bilaspur,14,11,0,600
bilaspur,14,11,0,600
bilaspur,14,11,0,658
bilaspur,14,11,0,604
bilaspur,14,11,0,628
bilaspur,14,11,0,600
bilaspur,14,11,0,614
bilaspur,14,11,0,600
bilaspur,14,11,0,600
bilaspur,14,11,0,632
bilaspur,14,11,0,600
bilaspur,14,11,0,626
bilaspur,14,11,0,668
bilaspur,14,11,0,600
bilaspur,14,11,0,677
bilaspur,14,11,0,600
bilaspur,14,11,0,600
bilaspur,14,11,0,625
bilaspur,14,11,0,615
bilaspur,14,11,0,600
bilaspur,14,11,0,659
bilaspur,14,11,0,690
bilaspur,14,11,0,600
bilaspur,14,12,0,947
bilaspur,14,12,0,861
bilaspur,14,12,0,957
bilaspur,14,12,0,764
bilaspur,14,12,0,921
bilaspur,14,12,0,735
bilaspur,14,12,0,944
bilaspur,14,12,0,891
bilaspur,14,12,0,814
bilaspur,14,12,0,768
bilaspur,14,12,0,927
bilaspur,14,12,0,873
bilaspur,14,12,0,811
bilaspur,14,12,0,832
bilaspur,14,12,0,929
bilaspur,14,12,0,806
bilaspur,14,12,0,742
bilaspur,14,12,0,951
bilaspur,14,12,0,818
bilaspur,14,12,0,808
bilaspur,14,12,0,771
bilaspur,14,12,0,947
bilaspur,14,12,0,775
bilaspur,14,12,0,881
bilaspur,14,12,0,943
bilaspur,14,12,0,728
bilaspur,14,12,0,930
bilaspur,14,12,0,824
bilaspur,14,12,0,887
bilaspur,14,12,0,814
bilaspur,14,12,0,896
bilaspur,14,12,0,784
bilaspur,14,12,0,725
bilaspur,14,12,0,960
bilaspur,14,12,0,724
bilaspur,14,12,0,929
bilaspur,14,12,0,762
bilaspur,14,12,0,819
bilaspur,14,12,0,928
bilaspur,14,12,0,772
bilaspur,14,12,0,939
bilaspur,14,12,0,846
bilaspur,14,12,0,812
bilaspur,14,12,0,888
bilaspur,14,12,0,806
bilaspur,14,12,0,808
bilaspur,14,12,0,906
bilaspur,14,12,0,798
bilaspur,14,12,0,770
bilaspur,14,12,0,925
bilaspur,14,1,1,1681
bilaspur,14,1,1,1538
bilaspur,14,1,1,1552
bilaspur,14,1,1,1630
bilaspur,14,1,1,1544
bilaspur,14,1,1,1501
bilaspur,14,1,1,1768
bilaspur,14,1,1,1377
bilaspur,14,1,1,1582
bilaspur,14,1,1,1718
bilaspur,14,1,1,1626
bilaspur,14,1,1,1715
bilaspur,14,1,1,1464
bilaspur,14,1,1,1434
bilaspur,14,1,1,1702
bilaspur,14,1,1,1491
bilaspur,14,1,1,1636
bilaspur,14,1,1,1377
bilaspur,14,1,1,1658
bilaspur,14,1,1,1562
bilaspur,14,1,1,1433
bilaspur,14,1,1,1537
bilaspur,14,1,1,1630
bilaspur,14,1,1,1314
bilaspur,14,1,1,1603
bilaspur,14,1,1,1559
bilaspur,14,1,1,1410
bilaspur,14,1,1,1656
bilaspur,14,1,1,1449
bilaspur,14,1,1,1436
bilaspur,14,1,1,1526
bilaspur,14,1,1,1621
bilaspur,14,1,1,1738
bilaspur,14,1,1,1374
bilaspur,14,1,1,1492
bilaspur,14,1,1,1339
bilaspur,14,1,1,1659
bilaspur,14,1,1,1515
bilaspur,14,1,1,1635
bilaspur,14,1,1,1457
bilaspur,14,1,1,1699
bilaspur,14,1,1,1556
bilaspur,14,1,1,1744
bilaspur,14,1,1,1345
bilaspur,14,1,1,1546
bilaspur,14,1,1,1663
bilaspur,14,1,1,1586
bilaspur,14,1,1,1319
bilaspur,14,1,1,1758
bilaspur,14,1,1,1446
bilaspur,14,2,1,1017
bilaspur,14,2,1,1095
bilaspur,14,2,1,1113
bilaspur,14,2,1,1187
bilaspur,14,2,1,1064
bilaspur,14,2,1,1080
bilaspur,14,2,1,1111
bilaspur,14,2,1,1065
bilaspur,14,2,1,1236
bilaspur,14,2,1,1215
bilaspur,14,2,1,1085
bilaspur,14,2,1,935
bilaspur,14,2,1,1232
bilaspur,14,2,1,976
bilaspur,14,2,1,1015
bilaspur,14,2,1,985
bilaspur,14,2,1,994
bilaspur,14,2,1,1199
bilaspur,14,2,1,1126
bilaspur,14,2,1,1250
bilaspur,14,2,1,1011
bilaspur,14,2,1,1095
bilaspur,14,2,1,1257
bilaspur,14,2,1,1207
bilaspur,14,2,1,1175
bilaspur,14,2,1,997
bilaspur,14,2,1,1188
bilaspur,14,2,1,1049
bilaspur,14,2,1,1110
bilaspur,14,2,1,1136
bilaspur,14,2,1,1136
bilaspur,14,2,1,1174
bilaspur,14,2,1,1153
bilaspur,14,2,1,957
bilaspur,14,2,1,1085
bilaspur,14,2,1,1154
bilaspur,14,2,1,1032
bilaspur,14,2,1,1038
bilaspur,14,2,1,976
bilaspur,14,2,1,1073
bilaspur,14,2,1,1260
bilaspur,14,2,1,1029
bilaspur,14,2,1,1110
bilaspur,14,2,1,1180
bilaspur,14,2,1,939
bilaspur,14,2,1,1232
bilaspur,14,2,1,1062
bilaspur,14,2,1,1221
bilaspur,14,2,1,947
bilaspur,14,2,1,983
bilaspur,14,3,1,1041
bilaspur,14,3,1,1049
bilaspur,14,3,1,1214
bilaspur,14,3,1,938
bilaspur,14,3,1,1146
bilaspur,14,3,1,978
bilaspur,14,3,1,1206
bilaspur,14,3,1,1191
bilaspur,14,3,1,1099
bilaspur,14,3,1,1005
bilaspur,14,3,1,1144
bilaspur,14,3,1,986
bilaspur,14,3,1,997
bilaspur,14,3,1,1141
bilaspur,14,3,1,1262
bilaspur,14,3,1,1229
bilaspur,14,3,1,1130
bilaspur,14,3,1,1112
bilaspur,14,3,1,1264
bilaspur,14,3,1,1115
bilaspur,14,3,1,1073
bilaspur,14,3,1,1235
bilaspur,14,3,1,1012
bilaspur,14,3,1,967
bilaspur,14,3,1,1144
bilaspur,14,3,1,966
bilaspur,14,3,1,1058
bilaspur,14,3,1,1074
bilaspur,14,3,1,1115
bilaspur,14,3,1,1262
bilaspur,14,3,1,1007
bilaspur,14,3,1,1058
bilaspur,14,3,1,978
bilaspur,14,3,1,1135
bilaspur,14,3,1,1175
bilaspur,14,3,1,1094
bilaspur,14,3,1,1016
bilaspur,14,3,1,1139
bilaspur,14,3,1,1112
bilaspur,14,3,1,991
bilaspur,14,3,1,1068
bilaspur,14,3,1,1078
bilaspur,14,3,1,1259
bilaspur,14,3,1,1215
bilaspur,14,3,1,1177
bilaspur,14,3,1,1228
bilaspur,14,3,1,1177
bilaspur,14,3,1,1233
bilaspur,14,3,1,953
bilaspur,14,3,1,1085
bilaspur,14,4,1,1181
bilaspur,14,4,1,1127
bilaspur,14,4,1,992
bilaspur,14,4,1,1047
bilaspur,14,4,1,1039
bilaspur,14,4,1,1021
bilaspur,14,4,1,1048
bilaspur,14,4,1,1104
bilaspur,14,4,1,1217
bilaspur,14,4,1,1179
bilaspur,14,4,1,1210
bilaspur,14,4,1,1226
bilaspur,14,4,1,1072
bilaspur,14,4,1,1049
bilaspur,14,4,1,954
bilaspur,14,4,1,1242
bilaspur,14,4,1,956
bilaspur,14,4,1,1179
bilaspur,14,4,1,1059
bilaspur,14,4,1,1248
bilaspur,14,4,1,1073
bilaspur,14,4,1,1204
bilaspur,14,4,1,1028
bilaspur,14,4,1,1033
bilaspur,14,4,1,1131
bilaspur,14,4,1,1264
bilaspur,14,4,1,1105
bilaspur,14,4,1,1243
bilaspur,14,4,1,1194
bilaspur,14,4,1,1197
bilaspur,14,4,1,1078
bilaspur,14,4,1,1062
bilaspur,14,4,1,998
bilaspur,14,4,1,1253
bilaspur,14,4,1,1251
bilaspur,14,4,1,1181
bilaspur,14,4,1,1032
bilaspur,14,4,1,1015
bilaspur,14,4,1,1261
bilaspur,14,4,1,956
bilaspur,14,4,1,1213
bilaspur,14,4,1,1052
bilaspur,14,4,1,1073
bilaspur,14,4,1,1209
bilaspur,14,4,1,964
bilaspur,14,4,1,1051
bilaspur,14,4,1,1249
bilaspur,14,4,1,1165
bilaspur,14,4,1,1184
bilaspur,14,4,1,1184
bilaspur,14,5,1,1527
bilaspur,14,5,1,1603
bilaspur,14,5,1,1755
bilaspur,14,5,1,1690
bilaspur,14,5,1,1712
bilaspur,14,5,1,1908
bilaspur,14,5,1,1503
bilaspur,14,5,1,1844
bilaspur,14,5,1,1496
bilaspur,14,5,1,1529
bilaspur,14,5,1,1711
bilaspur,14,5,1,1940
bilaspur,14,5,1,1572
bilaspur,14,5,1,1788
bilaspur,14,5,1,1854
bilaspur,14,5,1,1617
bilaspur,14,5,1,1766
bilaspur,14,5,1,1977
bilaspur,14,5,1,1766
bilaspur,14,5,1,1579
bilaspur,14,5,1,1827
bilaspur,14,5,1,1808
bilaspur,14,5,1,1510
bilaspur,14,5,1,1543
bilaspur,14,5,1,1578
bilaspur,14,5,1,1567
bilaspur,14,5,1,1632
bilaspur,14,5,1,1735
bilaspur,14,5,1,1692
bilaspur,14,5,1,1966
bilaspur,14,5,1,1819
bilaspur,14,5,1,1958
bilaspur,14,5,1,1774
bilaspur,14,5,1,1543
bilaspur,14,5,1,1740
bilaspur,14,5,1,1930
bilaspur,14,5,1,1598
bilaspur,14,5,1,1544
bilaspur,14,5,1,1669
bilaspur,14,5,1,1701
bilaspur,14,5,1,1657
bilaspur,14,5,1,1567
bilaspur,14,5,1,1628
bilaspur,14,5,1,1856
bilaspur,14,5,1,1699
bilaspur,14,5,1,1829
bilaspur,14,5,1,1779
bilaspur,14,5,1,1785
bilaspur,14,5,1,1627
bilaspur,14,5,1,1771
bilaspur,14,6,1,1508
bilaspur,14,6,1,1723
bilaspur,14,6,1,1798
bilaspur,14,6,1,1592
bilaspur,14,6,1,1631
bilaspur,14,6,1,1611
bilaspur,14,6,1,1533
bilaspur,14,6,1,1679
bilaspur,14,6,1,2012
bilaspur,14,6,1,1682
bilaspur,14,6,1,1739
bilaspur,14,6,1,1840
bilaspur,14,6,1,1838
bilaspur,14,6,1,1997
bilaspur,14,6,1,1948
bilaspur,14,6,1,1915
bilaspur,14,6,1,1998
bilaspur,14,6,1,1617
bilaspur,14,6,1,1821
bilaspur,14,6,1,1964
bilaspur,14,6,1,1825
bilaspur,14,6,1,2012
bilaspur,14,6,1,1548
bilaspur,14,6,1,1727
bilaspur,14,6,1,2012
bilaspur,14,6,1,1696
bilaspur,14,6,1,1886
bilaspur,14,6,1,1512
bilaspur,14,6,1,1862
bilaspur,14,6,1,1989
bilaspur,14,6,1,1698
bilaspur,14,6,1,1507
bilaspur,14,6,1,1510
bilaspur,14,6,1,1966
bilaspur,14,6,1,1877
bilaspur,14,6,1,1552
bilaspur,14,6,1,1524
bilaspur,14,6,1,1920
bilaspur,14,6,1,1923
bilaspur,14,6,1,1559
bilaspur,14,6,1,1655
bilaspur,14,6,1,1907
bilaspur,14,6,1,1773
bilaspur,14,6,1,2001
bilaspur,14,6,1,1750
bilaspur,14,6,1,1853
bilaspur,14,6,1,1765
bilaspur,14,6,1,1993
bilaspur,14,6,1,1706
bilaspur,14,6,1,1617
bilaspur,14,7,1,782
bilaspur,14,7,1,912
bilaspur,14,7,1,824
bilaspur,14,7,1,788
bilaspur,14,7,1,835
bilaspur,14,7,1,734
bilaspur,14,7,1,702
bilaspur,14,7,1,770
bilaspur,14,7,1,850
bilaspur,14,7,1,877
bilaspur,14,7,1,905
bilaspur,14,7,1,930
bilaspur,14,7,1,803
bilaspur,14,7,1,884
bilaspur,14,7,1,719
bilaspur,14,7,1,715
bilaspur,14,7,1,732
bilaspur,14,7,1,812
bilaspur,14,7,1,753
bilaspur,14,7,1,772
bilaspur,14,7,1,861
bilaspur,14,7,1,789
bilaspur,14,7,1,839
bilaspur,14,7,1,803
bilaspur,14,7,1,743
bilaspur,14,7,1,719
bilaspur,14,7,1,759
bilaspur,14,7,1,715
bilaspur,14,7,1,854
bilaspur,14,7,1,898
bilaspur,14,7,1,785
bilaspur,14,7,1,797
bilaspur,14,7,1,903
bilaspur,14,7,1,756
bilaspur,14,7,1,730
bilaspur,14,7,1,825
bilaspur,14,7,1,861
bilaspur,14,7,1,849
bilaspur,14,7,1,877
bilaspur,14,7,1,715
bilaspur,14,7,1,807
bilaspur,14,7,1,760
bilaspur,14,7,1,889
bilaspur,14,7,1,917
bilaspur,14,7,1,770
bilaspur,14,7,1,724
bilaspur,14,7,1,763
bilaspur,14,7,1,726
bilaspur,14,7,1,781
bilaspur,14,7,1,834
bilaspur,14,8,1,942
bilaspur,14,8,1,800
bilaspur,14,8,1,755
bilaspur,14,8,1,742
bilaspur,14,8,1,744
bilaspur,14,8,1,748
bilaspur,14,8,1,889
bilaspur,14,8,1,716
bilaspur,14,8,1,948
bilaspur,14,8,1,830
bilaspur,14,8,1,835
bilaspur,14,8,1,789
bilaspur,14,8,1,872
bilaspur,14,8,1,817
bilaspur,14,8,1,782
bilaspur,14,8,1,766
bilaspur,14,8,1,930
bilaspur,14,8,1,773
bilaspur,14,8,1,809
bilaspur,14,8,1,787
bilaspur,14,8,1,722
bilaspur,14,8,1,747
bilaspur,14,8,1,748
bilaspur,14,8,1,872
bilaspur,14,8,1,801
bilaspur,14,8,1,894
bilaspur,14,8,1,876
bilaspur,14,8,1,748
bilaspur,14,8,1,840
bilaspur,14,8,1,885
bilaspur,14,8,1,857
bilaspur,14,8,1,849
bilaspur,14,8,1,884
bilaspur,14,8,1,715
bilaspur,14,8,1,882
bilaspur,14,8,1,768
bilaspur,14,8,1,842
bilaspur,14,8,1,761
bilaspur,14,8,1,908
bilaspur,14,8,1,820
bilaspur,14,8,1,860
bilaspur,14,8,1,897
bilaspur,14,8,1,922
bilaspur,14,8,1,882
bilaspur,14,8,1,738
bilaspur,14,8,1,912
bilaspur,14,8,1,854
bilaspur,14,8,1,852
bilaspur,14,8,1,929
bilaspur,14,8,1,762
bilaspur,14,9,1,1014
bilaspur,14,9,1,1104
bilaspur,14,9,1,1182
bilaspur,14,9,1,1082
bilaspur,14,9,1,1144
bilaspur,14,9,1,1084
bilaspur,14,9,1,1136
bilaspur,14,9,1,1206
bilaspur,14,9,1,994
bilaspur,14,9,1,1164
bilaspur,14,9,1,1194
bilaspur,14,9,1,1082
bilaspur,14,9,1,1041
bilaspur,14,9,1,939
bilaspur,14,9,1,1198
bilaspur,14,9,1,1043
bilaspur,14,9,1,1052
bilaspur,14,9,1,1045
bilaspur,14,9,1,1099
bilaspur,14,9,1,1166
bilaspur,14,9,1,1189
bilaspur,14,9,1,1064
bilaspur,14,9,1,1153
bilaspur,14,9,1,1172
bilaspur,14,9,1,1032
bilaspur,14,9,1,966
bilaspur,14,9,1,1230
bilaspur,14,9,1,1158
bilaspur,14,9,1,1148
bilaspur,14,9,1,954
bilaspur,14,9,1,1204
bilaspur,14,9,1,1121
bilaspur,14,9,1,1214
bilaspur,14,9,1,1256
bilaspur,14,9,1,1250
bilaspur,14,9,1,1217
bilaspur,14,9,1,938
bilaspur,14,9,1,1227
bilaspur,14,9,1,959
bilaspur,14,9,1,1215
bilaspur,14,9,1,1027
bilaspur,14,9,1,1136
bilaspur,14,9,1,947
bilaspur,14,9,1,1189
bilaspur,14,9,1,971
bilaspur,14,9,1,1070
bilaspur,14,9,1,1204
bilaspur,14,9,1,1164
bilaspur,14,9,1,936
bilaspur,14,9,1,1068
bilaspur,14,10,1,948
bilaspur,14,10,1,1157
bilaspur,14,10,1,1254
bilaspur,14,10,1,1151
bilaspur,14,10,1,1009
bilaspur,14,10,1,1052
bilaspur,14,10,1,1257
bilaspur,14,10,1,1008
bilaspur,14,10,1,1120
bilaspur,14,10,1,1067
bilaspur,14,10,1,1188
bilaspur,14,10,1,1221
bilaspur,14,10,1,1047
bilaspur,14,10,1,1152
bilaspur,14,10,1,1116
bilaspur,14,10,1,1026
bilaspur,14,10,1,1024
bilaspur,14,10,1,1112
bilaspur,14,10,1,985
bilaspur,14,10,1,1202
bilaspur,14,10,1,957
bilaspur,14,10,1,966
bilaspur,14,10,1,1047
bilaspur,14,10,1,973
bilaspur,14,10,1,1091
bilaspur,14,10,1,1066
bilaspur,14,10,1,1173
bilaspur,14,10,1,1249
bilaspur,14,10,1,1183
bilaspur,14,10,1,994
bilaspur,14,10,1,1243
bilaspur,14,10,1,1064
bilaspur,14,10,1,1091
bilaspur,14,10,1,1074
bilaspur,14,10,1,1027
bilaspur,14,10,1,1230
bilaspur,14,10,1,1044
bilaspur,14,10,1,1125
bilaspur,14,10,1,1014
bilaspur,14,10,1,1198
bilaspur,14,10,1,1190
bilaspur,14,10,1,1032
bilaspur,14,10,1,1159
bilaspur,14,10,1,1167
bilaspur,14,10,1,1120
bilaspur,14,10,1,1133
bilaspur,14,10,1,1124
bilaspur,14,10,1,962
bilaspur,14,10,1,1156
bilaspur,14,10,1,1090
bilaspur,14,11,1,1079
bilaspur,14,11,1,1218
bilaspur,14,11,1,942
bilaspur,14,11,1,1017
bilaspur,14,11,1,975
bilaspur,14,11,1,946
bilaspur,14,11,1,1025
bilaspur,14,11,1,1261
bilaspur,14,11,1,1024
bilaspur,14,11,1,1154
bilaspur,14,11,1,974
bilaspur,14,11,1,1133
bilaspur,14,11,1,1259
bilaspur,14,11,1,1031
bilaspur,14,11,1,1214
bilaspur,14,11,1,1264
bilaspur,14,11,1,1129
bilaspur,14,11,1,1037
bilaspur,14,11,1,1157
bilaspur,14,11,1,1213
bilaspur,14,11,1,991
bilaspur,14,11,1,1084
bilaspur,14,11,1,1040
bilaspur,14,11,1,1028
bilaspur,14,11,1,1219
bilaspur,14,11,1,1074
bilaspur,14,11,1,1046
bilaspur,14,11,1,1134
bilaspur,14,11,1,1007
bilaspur,14,11,1,1010
bilaspur,14,11,1,1106
bilaspur,14,11,1,1070
bilaspur,14,11,1,1032
bilaspur,14,11,1,952
bilaspur,14,11,1,1106
bilaspur,14,11,1,1204
bilaspur,14,11,1,1215
bilaspur,14,11,1,1012
bilaspur,14,11,1,1132
bilaspur,14,11,1,1217
bilaspur,14,11,1,1069
bilaspur,14,11,1,1242
bilaspur,14,11,1,1232
bilaspur,14,11,1,1003
bilaspur,14,11,1,1020
bilaspur,14,11,1,994
bilaspur,14,11,1,999
bilaspur,14,11,1,1234
bilaspur,14,11,1,1242
bilaspur,14,11,1,952
bilaspur,14,12,1,1583
bilaspur,14,12,1,1569
bilaspur,14,12,1,1489
bilaspur,14,12,1,1600
bilaspur,14,12,1,1746
bilaspur,14,12,1,1387
bilaspur,14,12,1,1364
bilaspur,14,12,1,1324
bilaspur,14,12,1,1477
bilaspur,14,12,1,1464
bilaspur,14,12,1,1508
bilaspur,14,12,1,1541
bilaspur,14,12,1,1659
bilaspur,14,12,1,1490
bilaspur,14,12,1,1461
bilaspur,14,12,1,1691
bilaspur,14,12,1,1701
bilaspur,14,12,1,1416
bilaspur,14,12,1,1454
bilaspur,14,12,1,1690
bilaspur,14,12,1,1345
bilaspur,14,12,1,1459
bilaspur,14,12,1,1516
bilaspur,14,12,1,1395
bilaspur,14,12,1,1392
bilaspur,14,12,1,1505
bilaspur,14,12,1,1657
bilaspur,14,12,1,1697
bilaspur,14,12,1,1761
bilaspur,14,12,1,1343
bilaspur,14,12,1,1409
bilaspur,14,12,1,1658
bilaspur,14,12,1,1558
bilaspur,14,12,1,1460
bilaspur,14,12,1,1403
bilaspur,14,12,1,1438
bilaspur,14,12,1,1507
bilaspur,14,12,1,1390
bilaspur,14,12,1,1754
bilaspur,14,12,1,1358
bilaspur,14,12,1,1764
bilaspur,14,12,1,1697
bilaspur,14,12,1,1504
bilaspur,14,12,1,1650
bilaspur,14,12,1,1619
bilaspur,14,12,1,1407
bilaspur,14,12,1,1465
bilaspur,14,12,1,1546
bilaspur,14,12,1,1603
bilaspur,14,12,1,1559
bilaspur,14,1,2,3818
bilaspur,14,1,2,3784
bilaspur,14,1,2,3847
bilaspur,14,1,2,3774
bilaspur,14,1,2,3897
bilaspur,14,1,2,4298
bilaspur,14,1,2,4003
bilaspur,14,1,2,4107
bilaspur,14,1,2,3962
bilaspur,14,1,2,4015
bilaspur,14,1,2,3940
bilaspur,14,1,2,3303
bilaspur,14,1,2,4427
bilaspur,14,1,2,3311
bilaspur,14,1,2,3728
bilaspur,14,1,2,3393
bilaspur,14,1,2,3384
bilaspur,14,1,2,4189
bilaspur,14,1,2,3764
bilaspur,14,1,2,4197
bilaspur,14,1,2,3587
bilaspur,14,1,2,3568
bilaspur,14,1,2,3562
bilaspur,14,1,2,3984
bilaspur,14,1,2,4213
bilaspur,14,1,2,3794
bilaspur,14,1,2,3710
bilaspur,14,1,2,4396
bilaspur,14,1,2,3407
bilaspur,14,1,2,3834
bilaspur,14,1,2,3744
bilaspur,14,1,2,3385
bilaspur,14,1,2,3582
bilaspur,14,1,2,3305
bilaspur,14,1,2,4285
bilaspur,14,1,2,3974
bilaspur,14,1,2,4213
bilaspur,14,1,2,3874
bilaspur,14,1,2,3964
bilaspur,14,1,2,4081
bilaspur,14,1,2,4321
bilaspur,14,1,2,3378
bilaspur,14,1,2,3654
bilaspur,14,1,2,4091
bilaspur,14,1,2,4379
bilaspur,14,1,2,4405
bilaspur,14,1,2,4009
bilaspur,14,1,2,3496
bilaspur,14,1,2,3410
bilaspur,14,1,2,4365
bilaspur,14,2,2,2695
bilaspur,14,2,2,2498
bilaspur,14,2,2,3107
bilaspur,14,2,2,2423
bilaspur,14,2,2,2939
bilaspur,14,2,2,2853
bilaspur,14,2,2,2409
bilaspur,14,2,2,2616
bilaspur,14,2,2,2461
bilaspur,14,2,2,2836
bilaspur,14,2,2,2731
bilaspur,14,2,2,2341
bilaspur,14,2,2,3142
bilaspur,14,2,2,2625
bilaspur,14,2,2,2550
bilaspur,14,2,2,2521
bilaspur,14,2,2,2468
bilaspur,14,2,2,3161
bilaspur,14,2,2,2580
bilaspur,14,2,2,2672
bilaspur,14,2,2,3056
bilaspur,14,2,2,2867
bilaspur,14,2,2,2641
bilaspur,14,2,2,3078
bilaspur,14,2,2,2956
bilaspur,14,2,2,2525
bilaspur,14,2,2,2868
bilaspur,14,2,2,3098
bilaspur,14,2,2,2747
bilaspur,14,2,2,2942
bilaspur,14,2,2,3138
bilaspur,14,2,2,2907
bilaspur,14,2,2,2422
bilaspur,14,2,2,2539
bilaspur,14,2,2,2828
bilaspur,14,2,2,2564
bilaspur,14,2,2,3127
bilaspur,14,2,2,2671
bilaspur,14,2,2,2714
bilaspur,14,2,2,2916
bilaspur,14,2,2,2770
bilaspur,14,2,2,2652
bilaspur,14,2,2,2400
bilaspur,14,2,2,2829
bilaspur,14,2,2,3053
bilaspur,14,2,2,2903
bilaspur,14,2,2,2652
bilaspur,14,2,2,2442
bilaspur,14,2,2,3010
bilaspur,14,2,2,3114
bilaspur,14,3,2,2657
bilaspur,14,3,2,2938
bilaspur,14,3,2,2676
bilaspur,14,3,2,2751
bilaspur,14,3,2,3027
bilaspur,14,3,2,2406
bilaspur,14,3,2,2775
bilaspur,14,3,2,2514
bilaspur,14,3,2,2617
bilaspur,14,3,2,2869
bilaspur,14,3,2,2359
bilaspur,14,3,2,2827
bilaspur,14,3,2,2571
bilaspur,14,3,2,2889
bilaspur,14,3,2,2454
bilaspur,14,3,2,2944
bilaspur,14,3,2,2870
bilaspur,14,3,2,3138
bilaspur,14,3,2,3089
bilaspur,14,3,2,2571
bilaspur,14,3,2,2360
bilaspur,14,3,2,2878
bilaspur,14,3,2,2834
bilaspur,14,3,2,2360
bilaspur,14,3,2,2438
bilaspur,14,3,2,2819
bilaspur,14,3,2,3089
bilaspur,14,3,2,3085
bilaspur,14,3,2,2462
bilaspur,14,3,2,2654
bilaspur,14,3,2,2373
bilaspur,14,3,2,2724
bilaspur,14,3,2,2958
bilaspur,14,3,2,2989
bilaspur,14,3,2,2749
bilaspur,14,3,2,2416
bilaspur,14,3,2,2652
bilaspur,14,3,2,3106
bilaspur,14,3,2,2526
bilaspur,14,3,2,2601
bilaspur,14,3,2,2953
bilaspur,14,3,2,2942
bilaspur,14,3,2,3090
bilaspur,14,3,2,2657
bilaspur,14,3,2,2762
bilaspur,14,3,2,2723
bilaspur,14,3,2,3102
bilaspur,14,3,2,2972
bilaspur,14,3,2,3023
bilaspur,14,3,2,2447
bilaspur,14,4,2,2990
bilaspur,14,4,2,2694
bilaspur,14,4,2,2356
bilaspur,14,4,2,2387
bilaspur,14,4,2,2896
bilaspur,14,4,2,2644
bilaspur,14,4,2,3053
bilaspur,14,4,2,2943
bilaspur,14,4,2,2355
bilaspur,14,4,2,2904
bilaspur,14,4,2,2496
bilaspur,14,4,2,2686
bilaspur,14,4,2,2852
bilaspur,14,4,2,3057
bilaspur,14,4,2,2713
bilaspur,14,4,2,3004
bilaspur,14,4,2,2983
bilaspur,14,4,2,2679
bilaspur,14,4,2,2750
bilaspur,14,4,2,2915
bilaspur,14,4,2,2363
bilaspur,14,4,2,3072
bilaspur,14,4,2,2972
bilaspur,14,4,2,2543
bilaspur,14,4,2,3146
bilaspur,14,4,2,2485
bilaspur,14,4,2,3091
bilaspur,14,4,2,2605
bilaspur,14,4,2,2967
bilaspur,14,4,2,2714
bilaspur,14,4,2,2945
bilaspur,14,4,2,2466
bilaspur,14,4,2,2559
bilaspur,14,4,2,2419
bilaspur,14,4,2,3051
bilaspur,14,4,2,2581
bilaspur,14,4,2,2910
bilaspur,14,4,2,3014
bilaspur,14,4,2,3081
bilaspur,14,4,2,2425
bilaspur,14,4,2,3074
bilaspur,14,4,2,2500
bilaspur,14,4,2,2945
bilaspur,14,4,2,2938
bilaspur,14,4,2,2344
bilaspur,14,4,2,2519
bilaspur,14,4,2,2743
bilaspur,14,4,2,2684
bilaspur,14,4,2,3095
bilaspur,14,4,2,2634
bilaspur,14,5,2,4976
bilaspur,14,5,2,4346
bilaspur,14,5,2,5012
bilaspur,14,5,2,4713
bilaspur,14,5,2,4834
bilaspur,14,5,2,3878
bilaspur,14,5,2,4513
bilaspur,14,5,2,3928
bilaspur,14,5,2,4132
bilaspur,14,5,2,4563
bilaspur,14,5,2,4698
bilaspur,14,5,2,3791
bilaspur,14,5,2,4440
bilaspur,14,5,2,4486
bilaspur,14,5,2,3844
bilaspur,14,5,2,4400
bilaspur,14,5,2,4682
bilaspur,14,5,2,3810
bilaspur,14,5,2,4743
bilaspur,14,5,2,4500
bilaspur,14,5,2,4839
bilaspur,14,5,2,4027
bilaspur,14,5,2,4839
bilaspur,14,5,2,3864
bilaspur,14,5,2,4273
bilaspur,14,5,2,4003
bilaspur,14,5,2,4896
bilaspur,14,5,2,4670
bilaspur,14,5,2,3773
bilaspur,14,5,2,3752
bilaspur,14,5,2,4124
bilaspur,14,5,2,3929
bilaspur,14,5,2,4572
bilaspur,14,5,2,4616
bilaspur,14,5,2,4983
bilaspur,14,5,2,4996
bilaspur,14,5,2,4609
bilaspur,14,5,2,3747
bilaspur,14,5,2,4213
bilaspur,14,5,2,4417
bilaspur,14,5,2,4398
bilaspur,14,5,2,4536
bilaspur,14,5,2,5007
bilaspur,14,5,2,4908
bilaspur,14,5,2,3883
bilaspur,14,5,2,4091
bilaspur,14,5,2,4839
bilaspur,14,5,2,4828
bilaspur,14,5,2,4103
bilaspur,14,5,2,4704
bilaspur,14,6,2,4627
bilaspur,14,6,2,4365
bilaspur,14,6,2,4005
bilaspur,14,6,2,4913
bilaspur,14,6,2,4634
bilaspur,14,6,2,3963
bilaspur,14,6,2,4670
bilaspur,14,6,2,4718
bilaspur,14,6,2,4910
bilaspur,14,6,2,4034
bilaspur,14,6,2,5045
bilaspur,14,6,2,3942
bilaspur,14,6,2,4532
bilaspur,14,6,2,4607
bilaspur,14,6,2,4293
bilaspur,14,6,2,4367
bilaspur,14,6,2,4916
bilaspur,14,6,2,4591
bilaspur,14,6,2,4396
bilaspur,14,6,2,3909
bilaspur,14,6,2,3749
bilaspur,14,6,2,3904
bilaspur,14,6,2,5002
bilaspur,14,6,2,4748
bilaspur,14,6,2,5016
bilaspur,14,6,2,3787
bilaspur,14,6,2,4637
bilaspur,14,6,2,3798
bilaspur,14,6,2,4772
bilaspur,14,6,2,4242
bilaspur,14,6,2,3866
bilaspur,14,6,2,4489
bilaspur,14,6,2,4109
bilaspur,14,6,2,4610
bilaspur,14,6,2,4608
bilaspur,14,6,2,4670
bilaspur,14,6,2,5050
bilaspur,14,6,2,4250
bilaspur,14,6,2,4354
bilaspur,14,6,2,4802
bilaspur,14,6,2,4503
bilaspur,14,6,2,3789
bilaspur,14,6,2,4852
bilaspur,14,6,2,3807
bilaspur,14,6,2,3965
bilaspur,14,6,2,3874
bilaspur,14,6,2,3842
bilaspur,14,6,2,3773
bilaspur,14,6,2,3812
bilaspur,14,6,2,4324
bilaspur,14,7,2,1909
bilaspur,14,7,2,1831
bilaspur,14,7,2,2160
bilaspur,14,7,2,1893
bilaspur,14,7,2,1764
bilaspur,14,7,2,2012
bilaspur,14,7,2,1945
bilaspur,14,7,2,1950
bilaspur,14,7,2,2028
bilaspur,14,7,2,2167
bilaspur,14,7,2,2134
bilaspur,14,7,2,2333
bilaspur,14,7,2,2073
bilaspur,14,7,2,2045
bilaspur,14,7,2,1885
bilaspur,14,7,2,2220
bilaspur,14,7,2,1840
bilaspur,14,7,2,2057
bilaspur,14,7,2,2013
bilaspur,14,7,2,2160
bilaspur,14,7,2,2320
bilaspur,14,7,2,2338
bilaspur,14,7,2,1856
bilaspur,14,7,2,1915
bilaspur,14,7,2,2255
bilaspur,14,7,2,2073
bilaspur,14,7,2,2033
bilaspur,14,7,2,2192
bilaspur,14,7,2,2125
bilaspur,14,7,2,2353
bilaspur,14,7,2,2114
bilaspur,14,7,2,2041
bilaspur,14,7,2,2088
bilaspur,14,7,2,2253
bilaspur,14,7,2,2132
bilaspur,14,7,2,2153
bilaspur,14,7,2,2354
bilaspur,14,7,2,2135
bilaspur,14,7,2,1988
bilaspur,14,7,2,2180
bilaspur,14,7,2,2161
bilaspur,14,7,2,1761
bilaspur,14,7,2,2042
bilaspur,14,7,2,2212
bilaspur,14,7,2,2061
bilaspur,14,7,2,2235
bilaspur,14,7,2,2032
bilaspur,14,7,2,2361
bilaspur,14,7,2,1934
bilaspur,14,7,2,1810
bilaspur,14,8,2,2019
bilaspur,14,8,2,2088
bilaspur,14,8,2,1969
bilaspur,14,8,2,1903
bilaspur,14,8,2,2168
bilaspur,14,8,2,1986
bilaspur,14,8,2,2143
bilaspur,14,8,2,2235
bilaspur,14,8,2,2223
bilaspur,14,8,2,1985
bilaspur,14,8,2,2104
bilaspur,14,8,2,2031
bilaspur,14,8,2,2291
bilaspur,14,8,2,2296
bilaspur,14,8,2,1965
bilaspur,14,8,2,1809
bilaspur,14,8,2,1856
bilaspur,14,8,2,1980
bilaspur,14,8,2,2102
bilaspur,14,8,2,2159
bilaspur,14,8,2,1958
bilaspur,14,8,2,2166
bilaspur,14,8,2,2333
bilaspur,14,8,2,2156
bilaspur,14,8,2,1851
bilaspur,14,8,2,2111
bilaspur,14,8,2,2088
bilaspur,14,8,2,2291
bilaspur,14,8,2,1969
bilaspur,14,8,2,2014
bilaspur,14,8,2,2123
bilaspur,14,8,2,2077
bilaspur,14,8,2,2198
bilaspur,14,8,2,1778
bilaspur,14,8,2,2101
bilaspur,14,8,2,1828
bilaspur,14,8,2,1948
bilaspur,14,8,2,2162
bilaspur,14,8,2,1850
bilaspur,14,8,2,1944
bilaspur,14,8,2,2188
bilaspur,14,8,2,2155
bilaspur,14,8,2,1809
bilaspur,14,8,2,2110
bilaspur,14,8,2,1844
bilaspur,14,8,2,1909
bilaspur,14,8,2,2037
bilaspur,14,8,2,1820
bilaspur,14,8,2,2367
bilaspur,14,8,2,1855
bilaspur,14,9,2,2982
bilaspur,14,9,2,3022
bilaspur,14,9,2,3157
bilaspur,14,9,2,2691
bilaspur,14,9,2,3058
bilaspur,14,9,2,3127
bilaspur,14,9,2,2480
bilaspur,14,9,2,2733
bilaspur,14,9,2,2387
bilaspur,14,9,2,2849
bilaspur,14,9,2,2817
bilaspur,14,9,2,2505
bilaspur,14,9,2,2995
bilaspur,14,9,2,2368
bilaspur,14,9,2,3002
bilaspur,14,9,2,2359
bilaspur,14,9,2,2879
bilaspur,14,9,2,2402
bilaspur,14,9,2,2544
bilaspur,14,9,2,2933
bilaspur,14,9,2,2568
bilaspur,14,9,2,2759
bilaspur,14,9,2,3092
bilaspur,14,9,2,2378
bilaspur,14,9,2,3006
bilaspur,14,9,2,2391
bilaspur,14,9,2,2442
bilaspur,14,9,2,2435
bilaspur,14,9,2,3157
bilaspur,14,9,2,2486
bilaspur,14,9,2,3077
bilaspur,14,9,2,3155
bilaspur,14,9,2,2654
bilaspur,14,9,2,2858
bilaspur,14,9,2,2980
bilaspur,14,9,2,2661
bilaspur,14,9,2,2470
bilaspur,14,9,2,2695
bilaspur,14,9,2,2974
bilaspur,14,9,2,2981
bilaspur,14,9,2,2527
bilaspur,14,9,2,2481
bilaspur,14,9,2,3096
bilaspur,14,9,2,2373
bilaspur,14,9,2,2943
bilaspur,14,9,2,2375
bilaspur,14,9,2,3028
bilaspur,14,9,2,3084
bilaspur,14,9,2,2582
bilaspur,14,9,2,2398
bilaspur,14,10,2,2734
bilaspur,14,10,2,2583
bilaspur,14,10,2,2681
bilaspur,14,10,2,2886
bilaspur,14,10,2,2510
bilaspur,14,10,2,2631
bilaspur,14,10,2,2983
bilaspur,14,10,2,2868
bilaspur,14,10,2,2606
bilaspur,14,10,2,2885
bilaspur,14,10,2,2968
bilaspur,14,10,2,2826
bilaspur,14,10,2,2535
bilaspur,14,10,2,2337
bilaspur,14,10,2,2999
bilaspur,14,10,2,3016
bilaspur,14,10,2,2913
bilaspur,14,10,2,2400
bilaspur,14,10,2,2820
bilaspur,14,10,2,3014
bilaspur,14,10,2,2658
bilaspur,14,10,2,2500
bilaspur,14,10,2,2822
bilaspur,14,10,2,3019
bilaspur,14,10,2,2377
bilaspur,14,10,2,2829
bilaspur,14,10,2,2868
bilaspur,14,10,2,2834
bilaspur,14,10,2,2873
bilaspur,14,10,2,2858
bilaspur,14,10,2,2445
bilaspur,14,10,2,2531
bilaspur,14,10,2,2848
bilaspur,14,10,2,2352
bilaspur,14,10,2,2861
bilaspur,14,10,2,2886
bilaspur,14,10,2,2534
bilaspur,14,10,2,2830
bilaspur,14,10,2,2778
bilaspur,14,10,2,2552
bilaspur,14,10,2,2719
bilaspur,14,10,2,3087
bilaspur,14,10,2,2689
bilaspur,14,10,2,2857
bilaspur,14,10,2,2366
bilaspur,14,10,2,2401
bilaspur,14,10,2,2404
bilaspur,14,10,2,2979
bilaspur,14,10,2,2626
bilaspur,14,10,2,2525
bilaspur,14,11,2,2954
bilaspur,14,11,2,2477
bilaspur,14,11,2,2540
bilaspur,14,11,2,2693
bilaspur,14,11,2,2610
bilaspur,14,11,2,2820
bilaspur,14,11,2,2616
bilaspur,14,11,2,2661
bilaspur,14,11,2,3049
bilaspur,14,11,2,3067
bilaspur,14,11,2,3020
bilaspur,14,11,2,3050
bilaspur,14,11,2,2807
bilaspur,14,11,2,2870
bilaspur,14,11,2,2797
bilaspur,14,11,2,2985
bilaspur,14,11,2,2792
bilaspur,14,11,2,2429
bilaspur,14,11,2,3005
bilaspur,14,11,2,2964
bilaspur,14,11,2,3014
bilaspur,14,11,2,2494
bilaspur,14,11,2,2561
bilaspur,14,11,2,2581
bilaspur,14,11,2,2756
bilaspur,14,11,2,2447
bilaspur,14,11,2,2655
bilaspur,14,11,2,2487
bilaspur,14,11,2,2555
bilaspur,14,11,2,2920
bilaspur,14,11,2,3042
bilaspur,14,11,2,2356
bilaspur,14,11,2,2804
bilaspur,14,11,2,2367
bilaspur,14,11,2,2407
bilaspur,14,11,2,2919
bilaspur,14,11,2,2944
bilaspur,14,11,2,3009
bilaspur,14,11,2,2728
bilaspur,14,11,2,3046
bilaspur,14,11,2,2475
bilaspur,14,11,2,2543
bilaspur,14,11,2,2448
bilaspur,14,11,2,2995
bilaspur,14,11,2,2526
bilaspur,14,11,2,2465
bilaspur,14,11,2,2851
bilaspur,14,11,2,2401
bilaspur,14,11,2,2374
bilaspur,14,11,2,2425
bilaspur,14,12,2,3272
bilaspur,14,12,2,4077
bilaspur,14,12,2,3921
bilaspur,14,12,2,3514
bilaspur,14,12,2,3541
bilaspur,14,12,2,4209
bilaspur,14,12,2,3852
bilaspur,14,12,2,4079
bilaspur,14,12,2,3795
bilaspur,14,12,2,3547
bilaspur,14,12,2,4393
bilaspur,14,12,2,3925
bilaspur,14,12,2,3423
bilaspur,14,12,2,3741
bilaspur,14,12,2,3652
bilaspur,14,12,2,3519
bilaspur,14,12,2,4350
bilaspur,14,12,2,4289
bilaspur,14,12,2,3502
bilaspur,14,12,2,3679
bilaspur,14,12,2,4152
bilaspur,14,12,2,3513
bilaspur,14,12,2,3955
bilaspur,14,12,2,4080
bilaspur,14,12,2,4027
bilaspur,14,12,2,4088
bilaspur,14,12,2,4088
bilaspur,14,12,2,4386
bilaspur,14,12,2,3672
bilaspur,14,12,2,4287
bilaspur,14,12,2,3297
bilaspur,14,12,2,3605
bilaspur,14,12,2,3328
bilaspur,14,12,2,4024
bilaspur,14,12,2,3388
bilaspur,14,12,2,4249
bilaspur,14,12,2,4019
bilaspur,14,12,2,3305
bilaspur,14,12,2,4098
bilaspur,14,12,2,4268
bilaspur,14,12,2,4036
bilaspur,14,12,2,3307
bilaspur,14,12,2,4263
bilaspur,14,12,2,4118
bilaspur,14,12,2,3709
bilaspur,14,12,2,3652
bilaspur,14,12,2,3826
bilaspur,14,12,2,4274
bilaspur,14,12,2,3563
bilaspur,14,12,2,3389
hamirpur,15,1,0,854
hamirpur,15,1,0,660
hamirpur,15,1,0,864
hamirpur,15,1,0,725
hamirpur,15,1,0,771
hamirpur,15,1,0,685
hamirpur,15,1,0,862
hamirpur,15,1,0,827
hamirpur,15,1,0,867
hamirpur,15,1,0,812
hamirpur,15,1,0,697
hamirpur,15,1,0,725
hamirpur,15,1,0,766
hamirpur,15,1,0,794
hamirpur,15,1,0,868
hamirpur,15,1,0,743
hamirpur,15,1,0,816
hamirpur,15,1,0,876
hamirpur,15,1,0,689
hamirpur,15,1,0,853
hamirpur,15,1,0,751
hamirpur,15,1,0,823
hamirpur,15,1,0,722
hamirpur,15,1,0,731
hamirpur,15,1,0,660
hamirpur,15,1,0,878
hamirpur,15,1,0,842
hamirpur,15,1,0,676
hamirpur,15,1,0,885
hamirpur,15,1,0,794
hamirpur,15,1,0,851
hamirpur,15,1,0,669
hamirpur,15,1,0,744
hamirpur,15,1,0,809
hamirpur,15,1,0,679
hamirpur,15,1,0,767
hamirpur,15,1,0,756
hamirpur,15,1,0,704
hamirpur,15,1,0,723
hamirpur,15,1,0,877
hamirpur,15,1,0,721
hamirpur,15,1,0,703
hamirpur,15,1,0,778
hamirpur,15,1,0,809
hamirpur,15,1,0,821
hamirpur,15,1,0,828
hamirpur,15,1,0,663
hamirpur,15,1,0,745
hamirpur,15,1,0,833
hamirpur,15,1,0,863
hamirpur,15,2,0,600
hamirpur,15,2,0,600
hamirpur,15,2,0,600
hamirpur,15,2,0,600
hamirpur,15,2,0,600
hamirpur,15,2,0,600
hamirpur,15,2,0,600
hamirpur,15,2,0,600
hamirpur,15,2,0,600
hamirpur,15,2,0,600
hamirpur,15,2,0,600
hamirpur,15,2,0,600
hamirpur,15,2,0,600
hamirpur,15,2,0,600
hamirpur,15,2,0,600
hamirpur,15,2,0,600
hamirpur,15,2,0,600
hamirpur,15,2,0,600
hamirpur,15,2,0,600
hamirpur,15,2,0,600
hamirpur,15,2,0,600
hamirpur,15,2,0,600
hamirpur,15,2,0,600
hamirpur,15,2,0,600
hamirpur,15,2,0,600
hamirpur,15,2,0,600
hamirpur,15,2,0,600
hamirpur,15,2,0,600
hamirpur,15,2,0,600
hamirpur,15,2,0,600
hamirpur,15,2,0,627
hamirpur,15,2,0,612
hamirpur,15,2,0,600
hamirpur,15,2,0,600
hamirpur,15,2,0,600
hamirpur,15,2,0,600
hamirpur,15,2,0,600
hamirpur,15,2,0,600
hamirpur,15,2,0,600
hamirpur,15,2,0,623
hamirpur,15,2,0,603
hamirpur,15,2,0,600
hamirpur,15,2,0,610
hamirpur,15,2,0,600
hamirpur,15,2,0,600
hamirpur,15,2,0,600
hamirpur,15,2,0,600
hamirpur,15,2,0,600
hamirpur,15,2,0,605
hamirpur,15,2,0,600
hamirpur,15,3,0,600
hamirpur,15,3,0,600
hamirpur,15,3,0,600
hamirpur,15,3,0,613
hamirpur,15,3,0,600
hamirpur,15,3,0,600
hamirpur,15,3,0,600
hamirpur,15,3,0,600
hamirpur,15,3,0,600
hamirpur,15,3,0,600
hamirpur,15,3,0,622
hamirpur,15,3,0,628
hamirpur,15,3,0,631
hamirpur,15,3,0,600
hamirpur,15,3,0,621
hamirpur,15,3,0,600
hamirpur,15,3,0,609
hamirpur,15,3,0,617
hamirpur,15,3,0,616
hamirpur,15,3,0,604
hamirpur,15,3,0,600
hamirpur,15,3,0,600
hamirpur,15,3,0,600
hamirpur,15,3,0,600
hamirpur,15,3,0,600
hamirpur,15,3,0,600
hamirpur,15,3,0,600
hamirpur,15,3,0,600
hamirpur,15,3,0,621
hamirpur,15,3,0,600
hamirpur,15,3,0,600
hamirpur,15,3,0,600
hamirpur,15,3,0,605
hamirpur,15,3,0,600
hamirpur,15,3,0,600
hamirpur,15,3,0,620
hamirpur,15,3,0,600
hamirpur,15,3,0,600
hamirpur,15,3,0,600
hamirpur,15,3,0,600
hamirpur,15,3,0,600
hamirpur,15,3,0,600
hamirpur,15,3,0,600
hamirpur,15,3,0,600
hamirpur,15,3,0,600
hamirpur,15,3,0,600
hamirpur,15,3,0,625
hamirpur,15,3,0,600
hamirpur,15,3,0,613
hamirpur,15,3,0,600
hamirpur,15,4,0,600
hamirpur,15,4,0,600
hamirpur,15,4,0,600
hamirpur,15,4,0,600
hamirpur,15,4,0,600
hamirpur,15,4,0,600
hamirpur,15,4,0,600
hamirpur,15,4,0,613
hamirpur,15,4,0,627
hamirpur,15,4,0,600
hamirpur,15,4,0,600
hamirpur,15,4,0,600
hamirpur,15,4,0,600
hamirpur,15,4,0,600
hamirpur,15,4,0,601
hamirpur,15,4,0,629
hamirpur,15,4,0,600
hamirpur,15,4,0,600
hamirpur,15,4,0,600
hamirpur,15,4,0,600
hamirpur,15,4,0,600
hamirpur,15,4,0,600
hamirpur,15,4,0,600
hamirpur,15,4,0,616
hamirpur,15,4,0,600
hamirpur,15,4,0,600
hamirpur,15,4,0,624
hamirpur,15,4,0,600
hamirpur,15,4,0,600
hamirpur,15,4,0,603
hamirpur,15,4,0,632
hamirpur,15,4,0,600
hamirpur,15,4,0,600
hamirpur,15,4,0,600
hamirpur,15,4,0,600
hamirpur,15,4,0,600
hamirpur,15,4,0,600
hamirpur,15,4,0,618
hamirpur,15,4,0,600
hamirpur,15,4,0,615
hamirpur,15,4,0,600
hamirpur,15,4,0,600
hamirpur,15,4,0,623
hamirpur,15,4,0,600
hamirpur,15,4,0,600
hamirpur,15,4,0,600
hamirpur,15,4,0,600
hamirpur,15,4,0,600
hamirpur,15,4,0,600
hamirpur,15,4,0,600
hamirpur,15,5,0,855
hamirpur,15,5,0,763
hamirpur,15,5,0,934
hamirpur,15,5,0,880
hamirpur,15,5,0,750
hamirpur,15,5,0,909
hamirpur,15,5,0,990
hamirpur,15,5,0,777
hamirpur,15,5,0,903
hamirpur,15,5,0,940
hamirpur,15,5,0,766
hamirpur,15,5,0,753
hamirpur,15,5,0,870
hamirpur,15,5,0,956
hamirpur,15,5,0,790
hamirpur,15,5,0,968
hamirpur,15,5,0,921
hamirpur,15,5,0,835
hamirpur,15,5,0,884
hamirpur,15,5,0,1002
hamirpur,15,5,0,805
hamirpur,15,5,0,879
hamirpur,15,5,0,912
hamirpur,15,5,0,784
hamirpur,15,5,0,759
hamirpur,15,5,0,751
hamirpur,15,5,0,833
hamirpur,15,5,0,767
hamirpur,15,5,0,960
hamirpur,15,5,0,1011
hamirpur,15,5,0,764
hamirpur,15,5,0,862
hamirpur,15,5,0,754
hamirpur,15,5,0,783
hamirpur,15,5,0,833
hamirpur,15,5,0,851
hamirpur,15,5,0,996
hamirpur,15,5,0,852
hamirpur,15,5,0,879
hamirpur,15,5,0,812
hamirpur,15,5,0,748
hamirpur,15,5,0,985
hamirpur,15,5,0,769
hamirpur,15,5,0,1002
hamirpur,15,5,0,782
hamirpur,15,5,0,907
hamirpur,15,5,0,1011
hamirpur,15,5,0,784
hamirpur,15,5,0,859
hamirpur,15,5,0,954
hamirpur,15,6,0,756
hamirpur,15,6,0,930
hamirpur,15,6,0,769
hamirpur,15,6,0,810
hamirpur,15,6,0,790
hamirpur,15,6,0,987
hamirpur,15,6,0,795
hamirpur,15,6,0,758
hamirpur,15,6,0,903
hamirpur,15,6,0,839
hamirpur,15,6,0,855
hamirpur,15,6,0,779
hamirpur,15,6,0,945
hamirpur,15,6,0,906
hamirpur,15,6,0,844
hamirpur,15,6,0,793
hamirpur,15,6,0,904
hamirpur,15,6,0,953
hamirpur,15,6,0,830
hamirpur,15,6,0,754
hamirpur,15,6,0,804
hamirpur,15,6,0,928
hamirpur,15,6,0,1009
hamirpur,15,6,0,751
hamirpur,15,6,0,828
hamirpur,15,6,0,764
hamirpur,15,6,0,831
hamirpur,15,6,0,855
hamirpur,15,6,0,991
hamirpur,15,6,0,769
hamirpur,15,6,0,953
hamirpur,15,6,0,852
hamirpur,15,6,0,962
hamirpur,15,6,0,883
hamirpur,15,6,0,758
hamirpur,15,6,0,997
hamirpur,15,6,0,769
hamirpur,15,6,0,905
hamirpur,15,6,0,979
hamirpur,15,6,0,769
hamirpur,15,6,0,894
hamirpur,15,6,0,965
hamirpur,15,6,0,1008
hamirpur,15,6,0,939
hamirpur,15,6,0,821
hamirpur,15,6,0,932
hamirpur,15,6,0,934
hamirpur,15,6,0,932
hamirpur,15,6,0,973
hamirpur,15,6,0,771
hamirpur,15,7,0,600
hamirpur,15,7,0,600
hamirpur,15,7,0,600
hamirpur,15,7,0,600
hamirpur,15,7,0,600
hamirpur,15,7,0,600
hamirpur,15,7,0,600
hamirpur,15,7,0,600
hamirpur,15,7,0,600
hamirpur,15,7,0,600
hamirpur,15,7,0,600
hamirpur,15,7,0,600
hamirpur,15,7,0,600
hamirpur,15,7,0,600
hamirpur,15,7,0,600
hamirpur,15,7,0,600
hamirpur,15,7,0,600
hamirpur,15,7,0,600
hamirpur,15,7,0,600
hamirpur,15,7,0,600
hamirpur,15,7,0,600
hamirpur,15,7,0,600
hamirpur,15,7,0,600
hamirpur,15,7,0,600
hamirpur,15,7,0,600
hamirpur,15,7,0,600
hamirpur,15,7,0,600
hamirpur,15,7,0,600
hamirpur,15,7,0,600
hamirpur,15,7,0,600
hamirpur,15,7,0,600
hamirpur,15,7,0,600
hamirpur,15,7,0,600
hamirpur,15,7,0,600
hamirpur,15,7,0,600
hamirpur,15,7,0,600
hamirpur,15,7,0,600
hamirpur,15,7,0,600
hamirpur,15,7,0,600
hamirpur,15,7,0,600
hamirpur,15,7,0,600
hamirpur,15,7,0,600
hamirpur,15,7,0,600
hamirpur,15,7,0,600
hamirpur,15,7,0,600
hamirpur,15,7,0,600
hamirpur,15,7,0,600
hamirpur,15,7,0,600
hamirpur,15,7,0,600
hamirpur,15,7,0,600
hamirpur,15,8,0,600
hamirpur,15,8,0,600
hamirpur,15,8,0,600
hamirpur,15,8,0,600
hamirpur,15,8,0,600
hamirpur,15,8,0,600
hamirpur,15,8,0,600
hamirpur,15,8,0,600
hamirpur,15,8,0,600
hamirpur,15,8,0,600
hamirpur,15,8,0,600
hamirpur,15,8,0,600
hamirpur,15,8,0,600
hamirpur,15,8,0,600
hamirpur,15,8,0,600
hamirpur,15,8,0,600
hamirpur,15,8,0,600
hamirpur,15,8,0,600
hamirpur,15,8,0,600
hamirpur,15,8,0,600
hamirpur,15,8,0,600
hamirpur,15,8,0,600
hamirpur,15,8,0,600
hamirpur,15,8,0,600
hamirpur,15,8,0,600
hamirpur,15,8,0,600
hamirpur,15,8,0,600
hamirpur,15,8,0,600
hamirpur,15,8,0,600
hamirpur,15,8,0,600
hamirpur,15,8,0,600
hamirpur,15,8,0,600
hamirpur,15,8,0,600
hamirpur,15,8,0,600
hamirpur,15,8,0,600
hamirpur,15,8,0,600
hamirpur,15,8,0,600
hamirpur,15,8,0,600
hamirpur,15,8,0,600
hamirpur,15,8,0,600
hamirpur,15,8,0,600
hamirpur,15,8,0,600
hamirpur,15,8,0,600
hamirpur,15,8,0,600
hamirpur,15,8,0,600
hamirpur,15,8,0,600
hamirpur,15,8,0,600
hamirpur,15,8,0,600
hamirpur,15,8,0,600
hamirpur,15,8,0,600
hamirpur,15,9,0,617
hamirpur,15,9,0,600
hamirpur,15,9,0,600
hamirpur,15,9,0,600
hamirpur,15,9,0,600
hamirpur,15,9,0,619
hamirpur,15,9,0,600
hamirpur,15,9,0,600
hamirpur,15,9,0,600
hamirpur,15,9,0,600
hamirpur,15,9,0,600
hamirpur,15,9,0,600
hamirpur,15,9,0,600
hamirpur,15,9,0,600
hamirpur,15,9,0,600
hamirpur,15,9,0,600
hamirpur,15,9,0,600
hamirpur,15,9,0,600
hamirpur,15,9,0,600
hamirpur,15,9,0,626
hamirpur,15,9,0,600
hamirpur,15,9,0,600
hamirpur,15,9,0,600
hamirpur,15,9,0,600
hamirpur,15,9,0,600
hamirpur,15,9,0,600
hamirpur,15,9,0,600
hamirpur,15,9,0,600
hamirpur,15,9,0,600
hamirpur,15,9,0,600
hamirpur,15,9,0,600
hamirpur,15,9,0,600
hamirpur,15,9,0,600
hamirpur,15,9,0,600
hamirpur,15,9,0,600
hamirpur,15,9,0,600
hamirpur,15,9,0,607
hamirpur,15,9,0,600
hamirpur,15,9,0,600
hamirpur,15,9,0,611
hamirpur,15,9,0,600
hamirpur,15,9,0,600
hamirpur,15,9,0,629
hamirpur,15,9,0,600
hamirpur,15,9,0,600
hamirpur,15,9,0,600
hamirpur,15,9,0,616
hamirpur,15,9,0,600
hamirpur,15,9,0,600
hamirpur,15,9,0,600
hamirpur,15,10,0,600
hamirpur,15,10,0,600
hamirpur,15,10,0,603
hamirpur,15,10,0,600
hamirpur,15,10,0,600
hamirpur,15,10,0,600
hamirpur,15,10,0,600
hamirpur,15,10,0,600
hamirpur,15,10,0,600
hamirpur,15,10,0,610
hamirpur,15,10,0,600
hamirpur,15,10,0,600
hamirpur,15,10,0,600
hamirpur,15,10,0,600
hamirpur,15,10,0,600
hamirpur,15,10,0,600
hamirpur,15,10,0,600
hamirpur,15,10,0,600
hamirpur,15,10,0,600
hamirpur,15,10,0,600
hamirpur,15,10,0,606
hamirpur,15,10,0,628
hamirpur,15,10,0,600
hamirpur,15,10,0,600
hamirpur,15,10,0,600
hamirpur,15,10,0,600
hamirpur,15,10,0,600
hamirpur,15,10,0,600
hamirpur,15,10,0,600
hamirpur,15,10,0,601
hamirpur,15,10,0,600
hamirpur,15,10,0,600
hamirpur,15,10,0,600
hamirpur,15,10,0,600
hamirpur,15,10,0,600
hamirpur,15,10,0,600
hamirpur,15,10,0,600
hamirpur,15,10,0,600
hamirpur,15,10,0,600
hamirpur,15,10,0,600
hamirpur,15,10,0,600
hamirpur,15,10,0,612
hamirpur,15,10,0,600
hamirpur,15,10,0,600
hamirpur,15,10,0,600
hamirpur,15,10,0,602
hamirpur,15,10,0,600
hamirpur,15,10,0,600
hamirpur,15,10,0,629
hamirpur,15,10,0,620
hamirpur,15,11,0,627
hamirpur,15,11,0,600
hamirpur,15,11,0,614
hamirpur,15,11,0,600
hamirpur,15,11,0,600
hamirpur,15,11,0,600
hamirpur,15,11,0,600
hamirpur,15,11,0,600
hamirpur,15,11,0,600
hamirpur,15,11,0,602
hamirpur,15,11,0,600
hamirpur,15,11,0,600
hamirpur,15,11,0,600
hamirpur,15,11,0,619
hamirpur,15,11,0,600
hamirpur,15,11,0,600
hamirpur,15,11,0,600
hamirpur,15,11,0,614
hamirpur,15,11,0,600
hamirpur,15,11,0,600
hamirpur,15,11,0,600
hamirpur,15,11,0,614
hamirpur,15,11,0,600
hamirpur,15,11,0,600
hamirpur,15,11,0,600
hamirpur,15,11,0,624
hamirpur,15,11,0,600
hamirpur,15,11,0,600
hamirpur,15,11,0,600
hamirpur,15,11,0,600
hamirpur,15,11,0,600
hamirpur,15,11,0,600
hamirpur,15,11,0,625
hamirpur,15,11,0,600
hamirpur,15,11,0,613
hamirpur,15,11,0,600
hamirpur,15,11,0,621
hamirpur,15,11,0,600
hamirpur,15,11,0,600
hamirpur,15,11,0,600
hamirpur,15,11,0,600
hamirpur,15,11,0,600
hamirpur,15,11,0,600
hamirpur,15,11,0,600
hamirpur,15,11,0,600
hamirpur,15,11,0,600
hamirpur,15,11,0,600
hamirpur,15,11,0,600
hamirpur,15,11,0,600
hamirpur,15,11,0,600
hamirpur,15,12,0,820
hamirpur,15,12,0,708
hamirpur,15,12,0,832
hamirpur,15,12,0,659
hamirpur,15,12,0,819
hamirpur,15,12,0,678
hamirpur,15,12,0,823
hamirpur,15,12,0,776
hamirpur,15,12,0,755
hamirpur,15,12,0,814
hamirpur,15,12,0,662
hamirpur,15,12,0,706
hamirpur,15,12,0,796
hamirpur,15,12,0,850
hamirpur,15,12,0,742
hamirpur,15,12,0,714
hamirpur,15,12,0,774
hamirpur,15,12,0,798
hamirpur,15,12,0,751
hamirpur,15,12,0,857
hamirpur,15,12,0,775
hamirpur,15,12,0,662
hamirpur,15,12,0,706
hamirpur,15,12,0,758
hamirpur,15,12,0,815
hamirpur,15,12,0,705
hamirpur,15,12,0,880
hamirpur,15,12,0,728
hamirpur,15,12,0,777
hamirpur,15,12,0,658
hamirpur,15,12,0,858
hamirpur,15,12,0,836
hamirpur,15,12,0,699
hamirpur,15,12,0,870
hamirpur,15,12,0,727
hamirpur,15,12,0,814
hamirpur,15,12,0,843
hamirpur,15,12,0,825
hamirpur,15,12,0,866
hamirpur,15,12,0,854
hamirpur,15,12,0,884
hamirpur,15,12,0,696
hamirpur,15,12,0,724
hamirpur,15,12,0,801
hamirpur,15,12,0,823
hamirpur,15,12,0,777
hamirpur,15,12,0,671
hamirpur,15,12,0,848
hamirpur,15,12,0,876
hamirpur,15,12,0,748
hamirpur,15,1,1,1284
hamirpur,15,1,1,1198
hamirpur,15,1,1,1289
hamirpur,15,1,1,1483
hamirpur,15,1,1,1572
hamirpur,15,1,1,1229
hamirpur,15,1,1,1422
hamirpur,15,1,1,1482
hamirpur,15,1,1,1306
hamirpur,15,1,1,1429
hamirpur,15,1,1,1490
hamirpur,15,1,1,1541
hamirpur,15,1,1,1380
hamirpur,15,1,1,1504
hamirpur,15,1,1,1316
hamirpur,15,1,1,1279
hamirpur,15,1,1,1268
hamirpur,15,1,1,1340
hamirpur,15,1,1,1205
hamirpur,15,1,1,1308
hamirpur,15,1,1,1463
hamirpur,15,1,1,1462
hamirpur,15,1,1,1220
hamirpur,15,1,1,1310
hamirpur,15,1,1,1429
hamirpur,15,1,1,1323
hamirpur,15,1,1,1365
hamirpur,15,1,1,1489
hamirpur,15,1,1,1193
hamirpur,15,1,1,1306
hamirpur,15,1,1,1249
hamirpur,15,1,1,1243
hamirpur,15,1,1,1592
hamirpur,15,1,1,1348
hamirpur,15,1,1,1411
hamirpur,15,1,1,1498
hamirpur,15,1,1,1209
hamirpur,15,1,1,1291
hamirpur,15,1,1,1539
hamirpur,15,1,1,1552
hamirpur,15,1,1,1346
hamirpur,15,1,1,1347
hamirpur,15,1,1,1507
hamirpur,15,1,1,1313
hamirpur,15,1,1,1239
hamirpur,15,1,1,1298
hamirpur,15,1,1,1352
hamirpur,15,1,1,1211
hamirpur,15,1,1,1391
hamirpur,15,1,1,1500
hamirpur,15,2,1,1004
hamirpur,15,2,1,871
hamirpur,15,2,1,982
hamirpur,15,2,1,1062
hamirpur,15,2,1,867
hamirpur,15,2,1,867
hamirpur,15,2,1,961
hamirpur,15,2,1,908
hamirpur,15,2,1,1130
hamirpur,15,2,1,1024
hamirpur,15,2,1,936
hamirpur,15,2,1,1061
hamirpur,15,2,1,962
hamirpur,15,2,1,889
hamirpur,15,2,1,921
hamirpur,15,2,1,1042
hamirpur,15,2,1,865
hamirpur,15,2,1,931
hamirpur,15,2,1,912
hamirpur,15,2,1,910
hamirpur,15,2,1,1054
hamirpur,15,2,1,1097
hamirpur,15,2,1,1064
hamirpur,15,2,1,1043
hamirpur,15,2,1,1124
hamirpur,15,2,1,867
hamirpur,15,2,1,900
hamirpur,15,2,1,974
hamirpur,15,2,1,961
hamirpur,15,2,1,975
hamirpur,15,2,1,911
hamirpur,15,2,1,894
hamirpur,15,2,1,1002
hamirpur,15,2,1,1128
hamirpur,15,2,1,967
hamirpur,15,2,1,863
hamirpur,15,2,1,1061
hamirpur,15,2,1,937
hamirpur,15,2,1,923
hamirpur,15,2,1,947
hamirpur,15,2,1,1067
hamirpur,15,2,1,1095
hamirpur,15,2,1,1026
hamirpur,15,2,1,946
hamirpur,15,2,1,943
hamirpur,15,2,1,887
hamirpur,15,2,1,1129
hamirpur,15,2,1,1041
hamirpur,15,2,1,858
hamirpur,15,2,1,1048
hamirpur,15,3,1,984
hamirpur,15,3,1,1141
hamirpur,15,3,1,1095
hamirpur,15,3,1,901
hamirpur,15,3,1,1066
hamirpur,15,3,1,995
hamirpur,15,3,1,906
hamirpur,15,3,1,1059
hamirpur,15,3,1,1014
hamirpur,15,3,1,859
hamirpur,15,3,1,1043
hamirpur,15,3,1,1040
hamirpur,15,3,1,893
hamirpur,15,3,1,954
hamirpur,15,3,1,1025
hamirpur,15,3,1,891
hamirpur,15,3,1,1105
hamirpur,15,3,1,858
hamirpur,15,3,1,880
hamirpur,15,3,1,884
hamirpur,15,3,1,1008
hamirpur,15,3,1,1036
hamirpur,15,3,1,971
hamirpur,15,3,1,936
hamirpur,15,3,1,1092
hamirpur,15,3,1,870
hamirpur,15,3,1,934
hamirpur,15,3,1,861
hamirpur,15,3,1,854
hamirpur,15,3,1,956
hamirpur,15,3,1,908
hamirpur,15,3,1,930
hamirpur,15,3,1,1096
hamirpur,15,3,1,898
hamirpur,15,3,1,1084
hamirpur,15,3,1,1052
hamirpur,15,3,1,947
hamirpur,15,3,1,1013
hamirpur,15,3,1,983
hamirpur,15,3,1,888
hamirpur,15,3,1,1122
hamirpur,15,3,1,1020
hamirpur,15,3,1,1114
hamirpur,15,3,1,1097
hamirpur,15,3,1,873
hamirpur,15,3,1,912
hamirpur,15,3,1,893
hamirpur,15,3,1,1099
hamirpur,15,3,1,1108
hamirpur,15,3,1,1008
hamirpur,15,4,1,881
hamirpur,15,4,1,890
hamirpur,15,4,1,1094
hamirpur,15,4,1,1128
hamirpur,15,4,1,909
hamirpur,15,4,1,853
hamirpur,15,4,1,949
hamirpur,15,4,1,859
hamirpur,15,4,1,1098
hamirpur,15,4,1,997
hamirpur,15,4,1,1042
hamirpur,15,4,1,973
hamirpur,15,4,1,953
hamirpur,15,4,1,916
hamirpur,15,4,1,1081
hamirpur,15,4,1,1058
hamirpur,15,4,1,958
hamirpur,15,4,1,946
hamirpur,15,4,1,850
hamirpur,15,4,1,869
hamirpur,15,4,1,1036
hamirpur,15,4,1,1004
hamirpur,15,4,1,980
hamirpur,15,4,1,1098
hamirpur,15,4,1,1001
hamirpur,15,4,1,965
hamirpur,15,4,1,898
hamirpur,15,4,1,1096
hamirpur,15,4,1,1022
hamirpur,15,4,1,877
hamirpur,15,4,1,1044
hamirpur,15,4,1,977
hamirpur,15,4,1,1093
hamirpur,15,4,1,1125
hamirpur,15,4,1,1030
hamirpur,15,4,1,1069
hamirpur,15,4,1,866
hamirpur,15,4,1,1018
hamirpur,15,4,1,1076
hamirpur,15,4,1,999
hamirpur,15,4,1,1028
hamirpur,15,4,1,1119
hamirpur,15,4,1,909
hamirpur,15,4,1,879
hamirpur,15,4,1,1057
hamirpur,15,4,1,1096
hamirpur,15,4,1,1105
hamirpur,15,4,1,1042
hamirpur,15,4,1,1099
hamirpur,15,4,1,1060
hamirpur,15,5,1,1401
hamirpur,15,5,1,1725
hamirpur,15,5,1,1446
hamirpur,15,5,1,1473
hamirpur,15,5,1,1549
hamirpur,15,5,1,1510
hamirpur,15,5,1,1514
hamirpur,15,5,1,1441
hamirpur,15,5,1,1501
hamirpur,15,5,1,1369
hamirpur,15,5,1,1586
hamirpur,15,5,1,1728
hamirpur,15,5,1,1773
hamirpur,15,5,1,1753
hamirpur,15,5,1,1559
hamirpur,15,5,1,1710
hamirpur,15,5,1,1498
hamirpur,15,5,1,1386
hamirpur,15,5,1,1684
hamirpur,15,5,1,1671
hamirpur,15,5,1,1744
hamirpur,15,5,1,1655
hamirpur,15,5,1,1435
hamirpur,15,5,1,1769
hamirpur,15,5,1,1661
hamirpur,15,5,1,1747
hamirpur,15,5,1,1731
hamirpur,15,5,1,1502
hamirpur,15,5,1,1395
hamirpur,15,5,1,1444
hamirpur,15,5,1,1404
hamirpur,15,5,1,1476
hamirpur,15,5,1,1580
hamirpur,15,5,1,1795
hamirpur,15,5,1,1778
hamirpur,15,5,1,1704
hamirpur,15,5,1,1371
hamirpur,15,5,1,1523
hamirpur,15,5,1,1687
hamirpur,15,5,1,1421
hamirpur,15,5,1,1744
hamirpur,15,5,1,1798
hamirpur,15,5,1,1529
hamirpur,15,5,1,1698
hamirpur,15,5,1,1431
hamirpur,15,5,1,1691
hamirpur,15,5,1,1370
hamirpur,15,5,1,1432
hamirpur,15,5,1,1700
hamirpur,15,5,1,1701
hamirpur,15,6,1,1667
hamirpur,15,6,1,1589
hamirpur,15,6,1,1683
hamirpur,15,6,1,1731
hamirpur,15,6,1,1823
hamirpur,15,6,1,1786
hamirpur,15,6,1,1741
hamirpur,15,6,1,1693
hamirpur,15,6,1,1635
hamirpur,15,6,1,1417
hamirpur,15,6,1,1439
hamirpur,15,6,1,1753
hamirpur,15,6,1,1745
hamirpur,15,6,1,1654
hamirpur,15,6,1,1570
hamirpur,15,6,1,1372
hamirpur,15,6,1,1517
hamirpur,15,6,1,1561
hamirpur,15,6,1,1593
hamirpur,15,6,1,1806
hamirpur,15,6,1,1412
hamirpur,15,6,1,1609
hamirpur,15,6,1,1536
hamirpur,15,6,1,1835
hamirpur,15,6,1,1773
hamirpur,15,6,1,1570
hamirpur,15,6,1,1839
hamirpur,15,6,1,1606
hamirpur,15,6,1,1440
hamirpur,15,6,1,1626
hamirpur,15,6,1,1468
hamirpur,15,6,1,1665
hamirpur,15,6,1,1809
hamirpur,15,6,1,1737
hamirpur,15,6,1,1491
hamirpur,15,6,1,1502
hamirpur,15,6,1,1393
hamirpur,15,6,1,1497
hamirpur,15,6,1,1404
hamirpur,15,6,1,1599
hamirpur,15,6,1,1700
hamirpur,15,6,1,1720
hamirpur,15,6,1,1388
hamirpur,15,6,1,1523
hamirpur,15,6,1,1498
hamirpur,15,6,1,1410
hamirpur,15,6,1,1533
hamirpur,15,6,1,1503
hamirpur,15,6,1,1664
hamirpur,15,6,1,1783
hamirpur,15,7,1,739
hamirpur,15,7,1,805
hamirpur,15,7,1,670
hamirpur,15,7,1,838
hamirpur,15,7,1,671
hamirpur,15,7,1,680
hamirpur,15,7,1,661
hamirpur,15,7,1,707
hamirpur,15,7,1,761
hamirpur,15,7,1,859
hamirpur,15,7,1,816
hamirpur,15,7,1,723
hamirpur,15,7,1,767
hamirpur,15,7,1,777
hamirpur,15,7,1,822
hamirpur,15,7,1,803
hamirpur,15,7,1,765
hamirpur,15,7,1,788
hamirpur,15,7,1,805
hamirpur,15,7,1,667
hamirpur,15,7,1,682
hamirpur,15,7,1,792
hamirpur,15,7,1,828
hamirpur,15,7,1,729
hamirpur,15,7,1,857
hamirpur,15,7,1,686
hamirpur,15,7,1,731
hamirpur,15,7,1,722
hamirpur,15,7,1,846
hamirpur,15,7,1,701
hamirpur,15,7,1,743
hamirpur,15,7,1,679
hamirpur,15,7,1,754
hamirpur,15,7,1,830
hamirpur,15,7,1,705
hamirpur,15,7,1,819
hamirpur,15,7,1,842
hamirpur,15,7,1,653
hamirpur,15,7,1,807
hamirpur,15,7,1,694
hamirpur,15,7,1,676
hamirpur,15,7,1,772
hamirpur,15,7,1,796
hamirpur,15,7,1,726
hamirpur,15,7,1,646
hamirpur,15,7,1,841
hamirpur,15,7,1,801
hamirpur,15,7,1,698
hamirpur,15,7,1,749
hamirpur,15,7,1,643
hamirpur,15,8,1,713
hamirpur,15,8,1,755
hamirpur,15,8,1,753
hamirpur,15,8,1,684
hamirpur,15,8,1,812
hamirpur,15,8,1,704
hamirpur,15,8,1,768
hamirpur,15,8,1,698
hamirpur,15,8,1,733
hamirpur,15,8,1,684
hamirpur,15,8,1,779
hamirpur,15,8,1,733
hamirpur,15,8,1,641
hamirpur,15,8,1,643
hamirpur,15,8,1,743
hamirpur,15,8,1,678
hamirpur,15,8,1,769
hamirpur,15,8,1,729
hamirpur,15,8,1,784
hamirpur,15,8,1,851
hamirpur,15,8,1,756
hamirpur,15,8,1,814
hamirpur,15,8,1,806
hamirpur,15,8,1,844
hamirpur,15,8,1,685
hamirpur,15,8,1,823
hamirpur,15,8,1,841
hamirpur,15,8,1,725
hamirpur,15,8,1,708
hamirpur,15,8,1,851
hamirpur,15,8,1,778
hamirpur,15,8,1,723
hamirpur,15,8,1,815
hamirpur,15,8,1,706
hamirpur,15,8,1,677
hamirpur,15,8,1,759
hamirpur,15,8,1,764
hamirpur,15,8,1,823
hamirpur,15,8,1,740
hamirpur,15,8,1,820
hamirpur,15,8,1,707
hamirpur,15,8,1,766
hamirpur,15,8,1,684
hamirpur,15,8,1,724
hamirpur,15,8,1,830
hamirpur,15,8,1,686
hamirpur,15,8,1,819
hamirpur,15,8,1,701
hamirpur,15,8,1,645
hamirpur,15,8,1,662
hamirpur,15,9,1,1073
hamirpur,15,9,1,928
hamirpur,15,9,1,1046
hamirpur,15,9,1,1059
hamirpur,15,9,1,953
hamirpur,15,9,1,992
hamirpur,15,9,1,971
hamirpur,15,9,1,1134
hamirpur,15,9,1,945
hamirpur,15,9,1,904
hamirpur,15,9,1,959
hamirpur,15,9,1,1050
hamirpur,15,9,1,1059
hamirpur,15,9,1,1127
hamirpur,15,9,1,1114
hamirpur,15,9,1,936
hamirpur,15,9,1,986
hamirpur,15,9,1,1074
hamirpur,15,9,1,1124
hamirpur,15,9,1,951
hamirpur,15,9,1,983
hamirpur,15,9,1,1119
hamirpur,15,9,1,957
hamirpur,15,9,1,994
hamirpur,15,9,1,1121
hamirpur,15,9,1,1090
hamirpur,15,9,1,923
hamirpur,15,9,1,947
hamirpur,15,9,1,955
hamirpur,15,9,1,1123
hamirpur,15,9,1,1149
hamirpur,15,9,1,1082
hamirpur,15,9,1,995
hamirpur,15,9,1,853
hamirpur,15,9,1,1059
hamirpur,15,9,1,966
hamirpur,15,9,1,1039
hamirpur,15,9,1,1032
hamirpur,15,9,1,994
hamirpur,15,9,1,1133
hamirpur,15,9,1,856
hamirpur,15,9,1,1063
hamirpur,15,9,1,972
hamirpur,15,9,1,1064
hamirpur,15,9,1,1052
hamirpur,15,9,1,853
hamirpur,15,9,1,935
hamirpur,15,9,1,906
hamirpur,15,9,1,900
hamirpur,15,9,1,1068
hamirpur,15,10,1,921
hamirpur,15,10,1,992
hamirpur,15,10,1,924
hamirpur,15,10,1,1024
hamirpur,15,10,1,1066
hamirpur,15,10,1,949
hamirpur,15,10,1,1030
hamirpur,15,10,1,1097
hamirpur,15,10,1,878
hamirpur,15,10,1,1063
hamirpur,15,10,1,946
hamirpur,15,10,1,886
hamirpur,15,10,1,1013
hamirpur,15,10,1,917
hamirpur,15,10,1,1096
hamirpur,15,10,1,862
hamirpur,15,10,1,879
hamirpur,15,10,1,1006
hamirpur,15,10,1,1026
hamirpur,15,10,1,1068
hamirpur,15,10,1,927
hamirpur,15,10,1,1102
hamirpur,15,10,1,1135
hamirpur,15,10,1,999
hamirpur,15,10,1,1078
hamirpur,15,10,1,1007
hamirpur,15,10,1,870
hamirpur,15,10,1,947
hamirpur,15,10,1,876
hamirpur,15,10,1,1146
hamirpur,15,10,1,918
hamirpur,15,10,1,1040
hamirpur,15,10,1,935
hamirpur,15,10,1,1045
hamirpur,15,10,1,913
hamirpur,15,10,1,1085
hamirpur,15,10,1,883
hamirpur,15,10,1,1118
hamirpur,15,10,1,1102
hamirpur,15,10,1,1053
hamirpur,15,10,1,870
hamirpur,15,10,1,912
hamirpur,15,10,1,1107
hamirpur,15,10,1,886
hamirpur,15,10,1,896
hamirpur,15,10,1,1013
hamirpur,15,10,1,932
hamirpur,15,10,1,916
hamirpur,15,10,1,1022
hamirpur,15,10,1,961
hamirpur,15,11,1,892
hamirpur,15,11,1,1010
hamirpur,15,11,1,966
hamirpur,15,11,1,1070
hamirpur,15,11,1,880
hamirpur,15,11,1,1036
hamirpur,15,11,1,980
hamirpur,15,11,1,971
hamirpur,15,11,1,919
hamirpur,15,11,1,859
hamirpur,15,11,1,1104
hamirpur,15,11,1,947
hamirpur,15,11,1,1054
hamirpur,15,11,1,1134
hamirpur,15,11,1,1019
hamirpur,15,11,1,969
hamirpur,15,11,1,930
hamirpur,15,11,1,1130
hamirpur,15,11,1,1054
hamirpur,15,11,1,1049
hamirpur,15,11,1,977
hamirpur,15,11,1,1103
hamirpur,15,11,1,1064
hamirpur,15,11,1,934
hamirpur,15,11,1,1029
hamirpur,15,11,1,979
hamirpur,15,11,1,851
hamirpur,15,11,1,1092
hamirpur,15,11,1,886
hamirpur,15,11,1,1002
hamirpur,15,11,1,950
hamirpur,15,11,1,952
hamirpur,15,11,1,993
hamirpur,15,11,1,1149
hamirpur,15,11,1,972
hamirpur,15,11,1,904
hamirpur,15,11,1,1034
hamirpur,15,11,1,920
hamirpur,15,11,1,881
hamirpur,15,11,1,865
hamirpur,15,11,1,856
hamirpur,15,11,1,979
hamirpur,15,11,1,978
hamirpur,15,11,1,905
hamirpur,15,11,1,1085
hamirpur,15,11,1,888
hamirpur,15,11,1,1124
hamirpur,15,11,1,1026
hamirpur,15,11,1,858
hamirpur,15,11,1,1138
hamirpur,15,12,1,1319
hamirpur,15,12,1,1378
hamirpur,15,12,1,1309
hamirpur,15,12,1,1495
hamirpur,15,12,1,1393
hamirpur,15,12,1,1245
hamirpur,15,12,1,1233
hamirpur,15,12,1,1494
hamirpur,15,12,1,1289
hamirpur,15,12,1,1247
hamirpur,15,12,1,1399
hamirpur,15,12,1,1527
hamirpur,15,12,1,1307
hamirpur,15,12,1,1306
hamirpur,15,12,1,1540
hamirpur,15,12,1,1252
hamirpur,15,12,1,1449
hamirpur,15,12,1,1591
hamirpur,15,12,1,1543
hamirpur,15,12,1,1215
hamirpur,15,12,1,1324
hamirpur,15,12,1,1249
hamirpur,15,12,1,1588
hamirpur,15,12,1,1604
hamirpur,15,12,1,1288
hamirpur,15,12,1,1471
hamirpur,15,12,1,1543
hamirpur,15,12,1,1288
hamirpur,15,12,1,1268
hamirpur,15,12,1,1194
hamirpur,15,12,1,1363
hamirpur,15,12,1,1567
hamirpur,15,12,1,1569
hamirpur,15,12,1,1243
hamirpur,15,12,1,1275
hamirpur,15,12,1,1361
hamirpur,15,12,1,1517
hamirpur,15,12,1,1446
hamirpur,15,12,1,1405
hamirpur,15,12,1,1438
hamirpur,15,12,1,1230
hamirpur,15,12,1,1390
hamirpur,15,12,1,1606
hamirpur,15,12,1,1227
hamirpur,15,12,1,1408
hamirpur,15,12,1,1314
hamirpur,15,12,1,1416
hamirpur,15,12,1,1431
hamirpur,15,12,1,1432
hamirpur,15,12,1,1547
hamirpur,15,1,2,3384
hamirpur,15,1,2,3517
hamirpur,15,1,2,2986
hamirpur,15,1,2,3804
hamirpur,15,1,2,3247
hamirpur,15,1,2,3832
hamirpur,15,1,2,3253
hamirpur,15,1,2,2986
hamirpur,15,1,2,3137
hamirpur,15,1,2,4009
hamirpur,15,1,2,3310
hamirpur,15,1,2,3089
hamirpur,15,1,2,3099
hamirpur,15,1,2,3300
hamirpur,15,1,2,3014
hamirpur,15,1,2,3512
hamirpur,15,1,2,3199
hamirpur,15,1,2,3520
hamirpur,15,1,2,3122
hamirpur,15,1,2,3426
hamirpur,15,1,2,3602
hamirpur,15,1,2,3040
hamirpur,15,1,2,3393
hamirpur,15,1,2,3292
hamirpur,15,1,2,3227
hamirpur,15,1,2,3609
hamirpur,15,1,2,3592
hamirpur,15,1,2,3637
hamirpur,15,1,2,3141
hamirpur,15,1,2,3274
hamirpur,15,1,2,3195
hamirpur,15,1,2,3542
hamirpur,15,1,2,3459
hamirpur,15,1,2,3321
hamirpur,15,1,2,3800
hamirpur,15,1,2,3073
hamirpur,15,1,2,3998
hamirpur,15,1,2,3097
hamirpur,15,1,2,3786
hamirpur,15,1,2,3361
hamirpur,15,1,2,3883
hamirpur,15,1,2,3052
hamirpur,15,1,2,3368
hamirpur,15,1,2,3327
hamirpur,15,1,2,4017
hamirpur,15,1,2,4009
hamirpur,15,1,2,3174
hamirpur,15,1,2,3636
hamirpur,15,1,2,3537
hamirpur,15,1,2,3137
hamirpur,15,2,2,2250
hamirpur,15,2,2,2866
hamirpur,15,2,2,2464
hamirpur,15,2,2,2219
hamirpur,15,2,2,2286
hamirpur,15,2,2,2326
hamirpur,15,2,2,2508
hamirpur,15,2,2,2376
hamirpur,15,2,2,2466
hamirpur,15,2,2,2249
hamirpur,15,2,2,2370
hamirpur,15,2,2,2177
hamirpur,15,2,2,2792
hamirpur,15,2,2,2274
hamirpur,15,2,2,2692
hamirpur,15,2,2,2387
hamirpur,15,2,2,2480
hamirpur,15,2,2,2343
hamirpur,15,2,2,2647
hamirpur,15,2,2,2758
hamirpur,15,2,2,2339
hamirpur,15,2,2,2306
hamirpur,15,2,2,2636
hamirpur,15,2,2,2271
hamirpur,15,2,2,2604
hamirpur,15,2,2,2195
hamirpur,15,2,2,2590
hamirpur,15,2,2,2510
hamirpur,15,2,2,2210
hamirpur,15,2,2,2611
hamirpur,15,2,2,2459
hamirpur,15,2,2,2287
hamirpur,15,2,2,2390
hamirpur,15,2,2,2494
hamirpur,15,2,2,2193
hamirpur,15,2,2,2843
hamirpur,15,2,2,2624
hamirpur,15,2,2,2201
hamirpur,15,2,2,2742
hamirpur,15,2,2,2366
hamirpur,15,2,2,2572
hamirpur,15,2,2,2332
hamirpur,15,2,2,2675
hamirpur,15,2,2,2667
hamirpur,15,2,2,2539
hamirpur,15,2,2,2305
hamirpur,15,2,2,2315
hamirpur,15,2,2,2412
hamirpur,15,2,2,2233
hamirpur,15,2,2,2378
hamirpur,15,3,2,2638
hamirpur,15,3,2,2748
hamirpur,15,3,2,2374
hamirpur,15,3,2,2300
hamirpur,15,3,2,2749
hamirpur,15,3,2,2793
hamirpur,15,3,2,2432
hamirpur,15,3,2,2145
hamirpur,15,3,2,2646
hamirpur,15,3,2,2713
hamirpur,15,3,2,2138
hamirpur,15,3,2,2571
hamirpur,15,3,2,2566
hamirpur,15,3,2,2409
hamirpur,15,3,2,2687
hamirpur,15,3,2,2446
hamirpur,15,3,2,2632
hamirpur,15,3,2,2512
hamirpur,15,3,2,2311
hamirpur,15,3,2,2579
hamirpur,15,3,2,2677
hamirpur,15,3,2,2855
hamirpur,15,3,2,2410
hamirpur,15,3,2,2173
hamirpur,15,3,2,2865
hamirpur,15,3,2,2592
hamirpur,15,3,2,2834
hamirpur,15,3,2,2202
hamirpur,15,3,2,2381
hamirpur,15,3,2,2225
hamirpur,15,3,2,2751
hamirpur,15,3,2,2785
hamirpur,15,3,2,2500
hamirpur,15,3,2,2264
hamirpur,15,3,2,2220
hamirpur,15,3,2,2566
hamirpur,15,3,2,2504
hamirpur,15,3,2,2646
hamirpur,15,3,2,2353
hamirpur,15,3,2,2426
hamirpur,15,3,2,2141
hamirpur,15,3,2,2582
hamirpur,15,3,2,2442
hamirpur,15,3,2,2814
hamirpur,15,3,2,2606
hamirpur,15,3,2,2424
hamirpur,15,3,2,2322
hamirpur,15,3,2,2803
hamirpur,15,3,2,2137
hamirpur,15,3,2,2370
hamirpur,15,4,2,2832
hamirpur,15,4,2,2615
hamirpur,15,4,2,2524
hamirpur,15,4,2,2277
hamirpur,15,4,2,2750
hamirpur,15,4,2,2278
hamirpur,15,4,2,2311
hamirpur,15,4,2,2268
hamirpur,15,4,2,2243
hamirpur,15,4,2,2839
hamirpur,15,4,2,2576
hamirpur,15,4,2,2603
hamirpur,15,4,2,2840
hamirpur,15,4,2,2297
hamirpur,15,4,2,2129
hamirpur,15,4,2,2574
hamirpur,15,4,2,2505
hamirpur,15,4,2,2483
hamirpur,15,4,2,2171
hamirpur,15,4,2,2465
hamirpur,15,4,2,2340
hamirpur,15,4,2,2330
hamirpur,15,4,2,2291
hamirpur,15,4,2,2374
hamirpur,15,4,2,2389
hamirpur,15,4,2,2356
hamirpur,15,4,2,2859
hamirpur,15,4,2,2824
hamirpur,15,4,2,2555
hamirpur,15,4,2,2860
hamirpur,15,4,2,2868
hamirpur,15,4,2,2391
hamirpur,15,4,2,2458
hamirpur,15,4,2,2844
hamirpur,15,4,2,2581
hamirpur,15,4,2,2284
hamirpur,15,4,2,2642
hamirpur,15,4,2,2279
hamirpur,15,4,2,2379
hamirpur,15,4,2,2295
hamirpur,15,4,2,2308
hamirpur,15,4,2,2128
hamirpur,15,4,2,2785
hamirpur,15,4,2,2346
hamirpur,15,4,2,2189
hamirpur,15,4,2,2190
hamirpur,15,4,2,2542
hamirpur,15,4,2,2869
hamirpur,15,4,2,2233
hamirpur,15,4,2,2199
hamirpur,15,5,2,3925
hamirpur,15,5,2,4075
hamirpur,15,5,2,3753
hamirpur,15,5,2,3763
hamirpur,15,5,2,3909
hamirpur,15,5,2,3776
hamirpur,15,5,2,4498
hamirpur,15,5,2,3450
hamirpur,15,5,2,3681
hamirpur,15,5,2,4370
hamirpur,15,5,2,4400
hamirpur,15,5,2,3533
hamirpur,15,5,2,4568
hamirpur,15,5,2,4232
hamirpur,15,5,2,3727
hamirpur,15,5,2,3947
hamirpur,15,5,2,3756
hamirpur,15,5,2,3580
hamirpur,15,5,2,3749
hamirpur,15,5,2,4096
hamirpur,15,5,2,4391
hamirpur,15,5,2,3836
hamirpur,15,5,2,3817
hamirpur,15,5,2,3961
hamirpur,15,5,2,4173
hamirpur,15,5,2,4301
hamirpur,15,5,2,3792
hamirpur,15,5,2,4103
hamirpur,15,5,2,3867
hamirpur,15,5,2,4259
hamirpur,15,5,2,3597
hamirpur,15,5,2,3708
hamirpur,15,5,2,3911
hamirpur,15,5,2,4467
hamirpur,15,5,2,4087
hamirpur,15,5,2,4558
hamirpur,15,5,2,3523
hamirpur,15,5,2,3952
hamirpur,15,5,2,3902
hamirpur,15,5,2,4120
hamirpur,15,5,2,4374
hamirpur,15,5,2,4409
hamirpur,15,5,2,4204
hamirpur,15,5,2,4169
hamirpur,15,5,2,4538
hamirpur,15,5,2,3860
hamirpur,15,5,2,4399
hamirpur,15,5,2,4505
hamirpur,15,5,2,3989
hamirpur,15,5,2,4274
hamirpur,15,6,2,3852
hamirpur,15,6,2,3590
hamirpur,15,6,2,4103
hamirpur,15,6,2,3635
hamirpur,15,6,2,3949
hamirpur,15,6,2,4447
hamirpur,15,6,2,3503
hamirpur,15,6,2,3436
hamirpur,15,6,2,4127
hamirpur,15,6,2,3797
hamirpur,15,6,2,3901
hamirpur,15,6,2,3886
hamirpur,15,6,2,3503
hamirpur,15,6,2,3404
hamirpur,15,6,2,4478
hamirpur,15,6,2,3661
hamirpur,15,6,2,3911
hamirpur,15,6,2,4566
hamirpur,15,6,2,4392
hamirpur,15,6,2,3529
hamirpur,15,6,2,4010
hamirpur,15,6,2,4276
hamirpur,15,6,2,4238
hamirpur,15,6,2,4313
hamirpur,15,6,2,3948
hamirpur,15,6,2,3611
hamirpur,15,6,2,3957
hamirpur,15,6,2,4177
hamirpur,15,6,2,4130
hamirpur,15,6,2,3484
hamirpur,15,6,2,3477
hamirpur,15,6,2,4558
hamirpur,15,6,2,3582
hamirpur,15,6,2,3753
hamirpur,15,6,2,4321
hamirpur,15,6,2,3891
hamirpur,15,6,2,3617
hamirpur,15,6,2,3960
hamirpur,15,6,2,4082
hamirpur,15,6,2,3943
hamirpur,15,6,2,4502
hamirpur,15,6,2,3741
hamirpur,15,6,2,4193
hamirpur,15,6,2,3534
hamirpur,15,6,2,3870
hamirpur,15,6,2,4289
hamirpur,15,6,2,3669
hamirpur,15,6,2,4107
hamirpur,15,6,2,3584
hamirpur,15,6,2,3523
hamirpur,15,7,2,1888
hamirpur,15,7,2,1973
hamirpur,15,7,2,1657
hamirpur,15,7,2,2109
hamirpur,15,7,2,1720
hamirpur,15,7,2,1661
hamirpur,15,7,2,1707
hamirpur,15,7,2,1689
hamirpur,15,7,2,1644
hamirpur,15,7,2,2042
hamirpur,15,7,2,1872
hamirpur,15,7,2,1812
hamirpur,15,7,2,2128
hamirpur,15,7,2,1802
hamirpur,15,7,2,1687
hamirpur,15,7,2,1747
hamirpur,15,7,2,1728
hamirpur,15,7,2,1874
hamirpur,15,7,2,1757
hamirpur,15,7,2,1884
hamirpur,15,7,2,1970
hamirpur,15,7,2,2030
hamirpur,15,7,2,1993
hamirpur,15,7,2,1709
hamirpur,15,7,2,1658
hamirpur,15,7,2,1898
hamirpur,15,7,2,1705
hamirpur,15,7,2,1641
hamirpur,15,7,2,1890
hamirpur,15,7,2,1777
hamirpur,15,7,2,2019
hamirpur,15,7,2,1770
hamirpur,15,7,2,2144
hamirpur,15,7,2,2020
hamirpur,15,7,2,1626
hamirpur,15,7,2,1879
hamirpur,15,7,2,1910
hamirpur,15,7,2,1984
hamirpur,15,7,2,1873
hamirpur,15,7,2,1865
hamirpur,15,7,2,1800
hamirpur,15,7,2,1746
hamirpur,15,7,2,2125
hamirpur,15,7,2,1772
hamirpur,15,7,2,1629
hamirpur,15,7,2,1687
hamirpur,15,7,2,2075
hamirpur,15,7,2,1923
hamirpur,15,7,2,2031
hamirpur,15,7,2,2048
hamirpur,15,8,2,2056
hamirpur,15,8,2,1903
hamirpur,15,8,2,1693
hamirpur,15,8,2,1677
hamirpur,15,8,2,1916
hamirpur,15,8,2,1799
hamirpur,15,8,2,1907
hamirpur,15,8,2,1874
hamirpur,15,8,2,1932
hamirpur,15,8,2,1611
hamirpur,15,8,2,1612
hamirpur,15,8,2,1999
hamirpur,15,8,2,1702
hamirpur,15,8,2,1960
hamirpur,15,8,2,1901
hamirpur,15,8,2,2146
hamirpur,15,8,2,2063
hamirpur,15,8,2,1826
hamirpur,15,8,2,1940
hamirpur,15,8,2,1659
hamirpur,15,8,2,1811
hamirpur,15,8,2,2006
hamirpur,15,8,2,1944
hamirpur,15,8,2,1866
hamirpur,15,8,2,1693
hamirpur,15,8,2,2045
hamirpur,15,8,2,1747
hamirpur,15,8,2,2055
hamirpur,15,8,2,1937
hamirpur,15,8,2,1803
hamirpur,15,8,2,1616
hamirpur,15,8,2,1724
hamirpur,15,8,2,2093
hamirpur,15,8,2,2053
hamirpur,15,8,2,1917
hamirpur,15,8,2,1856
hamirpur,15,8,2,1957
hamirpur,15,8,2,1856
hamirpur,15,8,2,1956
hamirpur,15,8,2,1766
hamirpur,15,8,2,2065
hamirpur,15,8,2,1988
hamirpur,15,8,2,1779
hamirpur,15,8,2,2060
hamirpur,15,8,2,1867
hamirpur,15,8,2,1691
hamirpur,15,8,2,1637
hamirpur,15,8,2,1987
hamirpur,15,8,2,2080
hamirpur,15,8,2,2047
hamirpur,15,9,2,2616
hamirpur,15,9,2,2231
hamirpur,15,9,2,2195
hamirpur,15,9,2,2383
hamirpur,15,9,2,2766
hamirpur,15,9,2,2846
hamirpur,15,9,2,2306
hamirpur,15,9,2,2696
hamirpur,15,9,2,2555
hamirpur,15,9,2,2148
hamirpur,15,9,2,2532
hamirpur,15,9,2,2729
hamirpur,15,9,2,2332
hamirpur,15,9,2,2798
hamirpur,15,9,2,2302
hamirpur,15,9,2,2182
hamirpur,15,9,2,2244
hamirpur,15,9,2,2752
hamirpur,15,9,2,2437
hamirpur,15,9,2,2722
hamirpur,15,9,2,2523
hamirpur,15,9,2,2485
hamirpur,15,9,2,2730
hamirpur,15,9,2,2442
hamirpur,15,9,2,2726
hamirpur,15,9,2,2200
hamirpur,15,9,2,2602
hamirpur,15,9,2,2651
hamirpur,15,9,2,2799
hamirpur,15,9,2,2293
hamirpur,15,9,2,2578
hamirpur,15,9,2,2449
hamirpur,15,9,2,2412
hamirpur,15,9,2,2205
hamirpur,15,9,2,2225
hamirpur,15,9,2,2752
hamirpur,15,9,2,2687
hamirpur,15,9,2,2411
hamirpur,15,9,2,2746
hamirpur,15,9,2,2185
hamirpur,15,9,2,2593
hamirpur,15,9,2,2776
hamirpur,15,9,2,2754
hamirpur,15,9,2,2404
hamirpur,15,9,2,2683
hamirpur,15,9,2,2445
hamirpur,15,9,2,2755
hamirpur,15,9,2,2523
hamirpur,15,9,2,2698
hamirpur,15,9,2,2183
hamirpur,15,10,2,2567
hamirpur,15,10,2,2537
hamirpur,15,10,2,2582
hamirpur,15,10,2,2646
hamirpur,15,10,2,2813
hamirpur,15,10,2,2714
hamirpur,15,10,2,2289
hamirpur,15,10,2,2744
hamirpur,15,10,2,2216
hamirpur,15,10,2,2591
hamirpur,15,10,2,2787
hamirpur,15,10,2,2200
hamirpur,15,10,2,2762
hamirpur,15,10,2,2723
hamirpur,15,10,2,2502
hamirpur,15,10,2,2356
hamirpur,15,10,2,2429
hamirpur,15,10,2,2851
hamirpur,15,10,2,2276
hamirpur,15,10,2,2559
hamirpur,15,10,2,2187
hamirpur,15,10,2,2288
hamirpur,15,10,2,2697
hamirpur,15,10,2,2351
hamirpur,15,10,2,2864
hamirpur,15,10,2,2500
hamirpur,15,10,2,2512
hamirpur,15,10,2,2152
hamirpur,15,10,2,2842
hamirpur,15,10,2,2255
hamirpur,15,10,2,2528
hamirpur,15,10,2,2421
hamirpur,15,10,2,2436
hamirpur,15,10,2,2607
hamirpur,15,10,2,2621
hamirpur,15,10,2,2240
hamirpur,15,10,2,2499
hamirpur,15,10,2,2717
hamirpur,15,10,2,2457
hamirpur,15,10,2,2249
hamirpur,15,10,2,2359
hamirpur,15,10,2,2284
hamirpur,15,10,2,2219
hamirpur,15,10,2,2408
hamirpur,15,10,2,2530
hamirpur,15,10,2,2179
hamirpur,15,10,2,2577
hamirpur,15,10,2,2869
hamirpur,15,10,2,2848
hamirpur,15,10,2,2746
hamirpur,15,11,2,2324
hamirpur,15,11,2,2141
hamirpur,15,11,2,2750
hamirpur,15,11,2,2166
hamirpur,15,11,2,2279
hamirpur,15,11,2,2533
hamirpur,15,11,2,2258
hamirpur,15,11,2,2750
hamirpur,15,11,2,2707
hamirpur,15,11,2,2691
hamirpur,15,11,2,2737
hamirpur,15,11,2,2289
hamirpur,15,11,2,2671
hamirpur,15,11,2,2391
hamirpur,15,11,2,2625
hamirpur,15,11,2,2216
hamirpur,15,11,2,2654
hamirpur,15,11,2,2854
hamirpur,15,11,2,2157
hamirpur,15,11,2,2195
hamirpur,15,11,2,2217
hamirpur,15,11,2,2447
hamirpur,15,11,2,2343
hamirpur,15,11,2,2730
hamirpur,15,11,2,2480
hamirpur,15,11,2,2488
hamirpur,15,11,2,2662
hamirpur,15,11,2,2396
hamirpur,15,11,2,2389
hamirpur,15,11,2,2692
hamirpur,15,11,2,2710
hamirpur,15,11,2,2135
hamirpur,15,11,2,2232
hamirpur,15,11,2,2284
hamirpur,15,11,2,2388
hamirpur,15,11,2,2343
hamirpur,15,11,2,2626
hamirpur,15,11,2,2746
hamirpur,15,11,2,2269
hamirpur,15,11,2,2547
hamirpur,15,11,2,2400
hamirpur,15,11,2,2504
hamirpur,15,11,2,2590
hamirpur,15,11,2,2795
hamirpur,15,11,2,2269
hamirpur,15,11,2,2190
hamirpur,15,11,2,2595
hamirpur,15,11,2,2420
hamirpur,15,11,2,2247
hamirpur,15,11,2,2212
hamirpur,15,12,2,3561
hamirpur,15,12,2,3290
hamirpur,15,12,2,4022
hamirpur,15,12,2,3401
hamirpur,15,12,2,3197
hamirpur,15,12,2,3635
hamirpur,15,12,2,3231
hamirpur,15,12,2,3493
hamirpur,15,12,2,3481
hamirpur,15,12,2,3451
hamirpur,15,12,2,3810
hamirpur,15,12,2,3202
hamirpur,15,12,2,3924
hamirpur,15,12,2,3805
hamirpur,15,12,2,3324
hamirpur,15,12,2,3164
hamirpur,15,12,2,3268
hamirpur,15,12,2,3324
hamirpur,15,12,2,3559
hamirpur,15,12,2,3023
hamirpur,15,12,2,3935
hamirpur,15,12,2,3078
hamirpur,15,12,2,3268
hamirpur,15,12,2,3089
hamirpur,15,12,2,3244
hamirpur,15,12,2,3854
hamirpur,15,12,2,3620
hamirpur,15,12,2,3213
hamirpur,15,12,2,3890
hamirpur,15,12,2,3815
hamirpur,15,12,2,3766
hamirpur,15,12,2,3865
hamirpur,15,12,2,3625
hamirpur,15,12,2,3501
hamirpur,15,12,2,3367
hamirpur,15,12,2,3209
hamirpur,15,12,2,3560
hamirpur,15,12,2,3908
hamirpur,15,12,2,3598
hamirpur,15,12,2,3940
hamirpur,15,12,2,3349
hamirpur,15,12,2,3704
hamirpur,15,12,2,3656
hamirpur,15,12,2,3678
hamirpur,15,12,2,3652
hamirpur,15,12,2,3207
hamirpur,15,12,2,3125
hamirpur,15,12,2,4002
hamirpur,15,12,2,3022
hamirpur,15,12,2,3466
una,16,1,0,752
una,16,1,0,737
una,16,1,0,835
una,16,1,0,826
una,16,1,0,863
una,16,1,0,745
una,16,1,0,784
una,16,1,0,860
una,16,1,0,884
una,16,1,0,878
una,16,1,0,820
una,16,1,0,687
una,16,1,0,659
una,16,1,0,845
una,16,1,0,848
una,16,1,0,826
una,16,1,0,719
una,16,1,0,802
una,16,1,0,727
una,16,1,0,758
una,16,1,0,742
una,16,1,0,865
una,16,1,0,708
una,16,1,0,787
una,16,1,0,737
una,16,1,0,807
una,16,1,0,784
una,16,1,0,867
una,16,1,0,677
una,16,1,0,705
una,16,1,0,831
una,16,1,0,739
una,16,1,0,692
una,16,1,0,770
una,16,1,0,805
una,16,1,0,664
una,16,1,0,721
una,16,1,0,841
una,16,1,0,774
una,16,1,0,662
una,16,1,0,719
una,16,1,0,802
una,16,1,0,700
una,16,1,0,845
una,16,1,0,810
una,16,1,0,763
una,16,1,0,866
una,16,1,0,745
una,16,1,0,708
una,16,1,0,807
una,16,2,0,600
una,16,2,0,600
una,16,2,0,600
una,16,2,0,600
una,16,2,0,600
una,16,2,0,600
una,16,2,0,600
una,16,2,0,600
una,16,2,0,600
una,16,2,0,600
una,16,2,0,600
una,16,2,0,600
una,16,2,0,600
una,16,2,0,600
una,16,2,0,600
una,16,2,0,600
una,16,2,0,600
una,16,2,0,623
una,16,2,0,604
una,16,2,0,629
una,16,2,0,612
una,16,2,0,600
una,16,2,0,600
una,16,2,0,600
una,16,2,0,600
una,16,2,0,600
una,16,2,0,600
una,16,2,0,600
una,16,2,0,600
una,16,2,0,600
una,16,2,0,600
una,16,2,0,600
una,16,2,0,612
una,16,2,0,606
una,16,2,0,600
una,16,2,0,600
una,16,2,0,617
una,16,2,0,600
una,16,2,0,614
una,16,2,0,600
una,16,2,0,600
una,16,2,0,600
una,16,2,0,600
una,16,2,0,600
una,16,2,0,600
una,16,2,0,600
una,16,2,0,600
una,16,2,0,600
una,16,2,0,600
una,16,2,0,600
una,16,3,0,600
una,16,3,0,600
una,16,3,0,600
una,16,3,0,600
una,16,3,0,600
una,16,3,0,600
una,16,3,0,626
una,16,3,0,604
una,16,3,0,600
una,16,3,0,600
una,16,3,0,600
una,16,3,0,600
una,16,3,0,600
una,16,3,0,607
una,16,3,0,600
una,16,3,0,600
una,16,3,0,600
una,16,3,0,600
una,16,3,0,600
una,16,3,0,600
una,16,3,0,600
una,16,3,0,600
una,16,3,0,600
una,16,3,0,600
una,16,3,0,600
una,16,3,0,600
una,16,3,0,600
una,16,3,0,600
una,16,3,0,621
una,16,3,0,600
una,16,3,0,600
una,16,3,0,600
una,16,3,0,600
una,16,3,0,600
una,16,3,0,600
una,16,3,0,600
una,16,3,0,600
una,16,3,0,600
una,16,3,0,600
una,16,3,0,600
una,16,3,0,600
una,16,3,0,600
una,16,3,0,600
una,16,3,0,600
una,16,3,0,600
una,16,3,0,600
una,16,3,0,600
una,16,3,0,600
una,16,3,0,600
una,16,3,0,615
una,16,4,0,600
una,16,4,0,600
una,16,4,0,600
una,16,4,0,600
una,16,4,0,600
una,16,4,0,600
una,16,4,0,614
una,16,4,0,600
una,16,4,0,600
una,16,4,0,600
una,16,4,0,600
una,16,4,0,600
una,16,4,0,600
una,16,4,0,618
una,16,4,0,600
una,16,4,0,600
una,16,4,0,600
una,16,4,0,629
una,16,4,0,600
una,16,4,0,625
una,16,4,0,600
una,16,4,0,600
una,16,4,0,600
una,16,4,0,602
una,16,4,0,600
una,16,4,0,600
una,16,4,0,600
una,16,4,0,600
una,16,4,0,600
una,16,4,0,617
una,16,4,0,600
una,16,4,0,600
una,16,4,0,600
una,16,4,0,600
una,16,4,0,600
una,16,4,0,602
una,16,4,0,632
una,16,4,0,600
una,16,4,0,600
una,16,4,0,600
una,16,4,0,600
una,16,4,0,626
una,16,4,0,600
una,16,4,0,600
una,16,4,0,600
una,16,4,0,600
una,16,4,0,600
una,16,4,0,601
una,16,4,0,600
una,16,4,0,620
una,16,5,0,801
una,16,5,0,769
una,16,5,0,837
una,16,5,0,797
una,16,5,0,887
una,16,5,0,929
una,16,5,0,877
una,16,5,0,922
una,16,5,0,844
una,16,5,0,755
una,16,5,0,1005
una,16,5,0,964
una,16,5,0,767
una,16,5,0,866
una,16,5,0,915
una,16,5,0,798
una,16,5,0,900
una,16,5,0,888
una,16,5,0,802
una,16,5,0,785
una,16,5,0,948
una,16,5,0,833
una,16,5,0,812
una,16,5,0,942
una,16,5,0,942
una,16,5,0,820
una,16,5,0,978
una,16,5,0,929
una,16,5,0,839
una,16,5,0,860
una,16,5,0,939
una,16,5,0,803
una,16,5,0,871
una,16,5,0,920
una,16,5,0,890
una,16,5,0,908
una,16,5,0,892
una,16,5,0,800
una,16,5,0,856
una,16,5,0,888
una,16,5,0,953
una,16,5,0,920
una,16,5,0,860
una,16,5,0,1005
una,16,5,0,776
una,16,5,0,802
una,16,5,0,838
una,16,5,0,808
una,16,5,0,913
una,16,5,0,758
una,16,6,0,794
una,16,6,0,825
una,16,6,0,928
una,16,6,0,979
una,16,6,0,958
una,16,6,0,796
una,16,6,0,897
una,16,6,0,755
una,16,6,0,829
una,16,6,0,960
una,16,6,0,868
una,16,6,0,787
una,16,6,0,863
una,16,6,0,800
una,16,6,0,851
una,16,6,0,876
una,16,6,0,840
una,16,6,0,995
una,16,6,0,896
una,16,6,0,970
una,16,6,0,948
una,16,6,0,922
una,16,6,0,879
una,16,6,0,748
una,16,6,0,909
una,16,6,0,841
una,16,6,0,779
una,16,6,0,865
una,16,6,0,942
una,16,6,0,1001
una,16,6,0,846
una,16,6,0,891
una,16,6,0,972
una,16,6,0,836
una,16,6,0,785
una,16,6,0,822
una,16,6,0,985
una,16,6,0,790
una,16,6,0,834
una,16,6,0,870
una,16,6,0,971
una,16,6,0,995
una,16,6,0,860
una,16,6,0,994
una,16,6,0,790
una,16,6,0,789
una,16,6,0,998
una,16,6,0,882
una,16,6,0,797
una,16,6,0,876
una,16,7,0,600
una,16,7,0,600
una,16,7,0,600
una,16,7,0,600
una,16,7,0,600
una,16,7,0,600
una,16,7,0,600
una,16,7,0,600
una,16,7,0,600
una,16,7,0,600
una,16,7,0,600
una,16,7,0,600
una,16,7,0,600
una,16,7,0,600
una,16,7,0,600
una,16,7,0,600
una,16,7,0,600
una,16,7,0,600
una,16,7,0,600
una,16,7,0,600
una,16,7,0,600
una,16,7,0,600
una,16,7,0,600
una,16,7,0,600
una,16,7,0,600
una,16,7,0,600
una,16,7,0,600
una,16,7,0,600
una,16,7,0,600
una,16,7,0,600
una,16,7,0,600
una,16,7,0,600
una,16,7,0,600
una,16,7,0,600
una,16,7,0,600
una,16,7,0,600
una,16,7,0,600
una,16,7,0,600
una,16,7,0,600
una,16,7,0,600
una,16,7,0,600
una,16,7,0,600
una,16,7,0,600
una,16,7,0,600
una,16,7,0,600
una,16,7,0,600
una,16,7,0,600
una,16,7,0,600
una,16,7,0,600
una,16,7,0,600
una,16,8,0,600
una,16,8,0,600
una,16,8,0,600
una,16,8,0,600
una,16,8,0,600
una,16,8,0,600
una,16,8,0,600
una,16,8,0,600
una,16,8,0,600
una,16,8,0,600
una,16,8,0,600
una,16,8,0,600
una,16,8,0,600
una,16,8,0,600
una,16,8,0,600
una,16,8,0,600
una,16,8,0,600
una,16,8,0,600
una,16,8,0,600
una,16,8,0,600
una,16,8,0,600
una,16,8,0,600
una,16,8,0,600
una,16,8,0,600
una,16,8,0,600
una,16,8,0,600
una,16,8,0,600
una,16,8,0,600
una,16,8,0,600
una,16,8,0,600
una,16,8,0,600
una,16,8,0,600
una,16,8,0,600
una,16,8,0,600
una,16,8,0,600
una,16,8,0,600
una,16,8,0,600
una,16,8,0,600
una,16,8,0,600
una,16,8,0,600
una,16,8,0,600
una,16,8,0,600
una,16,8,0,600
una,16,8,0,600
una,16,8,0,600
una,16,8,0,600
una,16,8,0,600
una,16,8,0,600
una,16,8,0,600
una,16,8,0,600
una,16,9,0,600
una,16,9,0,600
una,16,9,0,600
una,16,9,0,600
una,16,9,0,600
una,16,9,0,600
una,16,9,0,600
una,16,9,0,600
una,16,9,0,600
una,16,9,0,600
una,16,9,0,600
una,16,9,0,625
una,16,9,0,614
una,16,9,0,631
una,16,9,0,600
una,16,9,0,600
una,16,9,0,600
una,16,9,0,600
una,16,9,0,600
una,16,9,0,600
una,16,9,0,600
una,16,9,0,600
una,16,9,0,600
una,16,9,0,600
una,16,9,0,600
una,16,9,0,600
una,16,9,0,600
una,16,9,0,600
una,16,9,0,600
una,16,9,0,600
una,16,9,0,600
una,16,9,0,600
una,16,9,0,600
una,16,9,0,625
una,16,9,0,600
una,16,9,0,600
una,16,9,0,600
una,16,9,0,600
una,16,9,0,600
una,16,9,0,600
una,16,9,0,600
una,16,9,0,600
una,16,9,0,600
una,16,9,0,600
una,16,9,0,600
una,16,9,0,614
una,16,9,0,600
una,16,9,0,600
una,16,9,0,600
una,16,9,0,600
una,16,10,0,600
una,16,10,0,617
una,16,10,0,600
una,16,10,0,600
una,16,10,0,624
una,16,10,0,626
una,16,10,0,600
una,16,10,0,600
una,16,10,0,600
una,16,10,0,600
una,16,10,0,610
una,16,10,0,600
una,16,10,0,600
una,16,10,0,600
una,16,10,0,600
una,16,10,0,600
una,16,10,0,600
una,16,10,0,600
una,16,10,0,600
una,16,10,0,600
una,16,10,0,600
una,16,10,0,600
una,16,10,0,600
una,16,10,0,600
una,16,10,0,600
una,16,10,0,600
una,16,10,0,600
una,16,10,0,600
una,16,10,0,600
una,16,10,0,600
una,16,10,0,600
una,16,10,0,600
una,16,10,0,609
una,16,10,0,600
una,16,10,0,600
una,16,10,0,600
una,16,10,0,602
una,16,10,0,600
una,16,10,0,600
una,16,10,0,600
una,16,10,0,600
una,16,10,0,600
una,16,10,0,601
una,16,10,0,631
una,16,10,0,600
una,16,10,0,600
una,16,10,0,600
una,16,10,0,600
una,16,10,0,600
una,16,10,0,600
una,16,11,0,600
una,16,11,0,600
una,16,11,0,600
una,16,11,0,600
una,16,11,0,600
una,16,11,0,600
una,16,11,0,600
una,16,11,0,600
una,16,11,0,608
una,16,11,0,600
una,16,11,0,600
una,16,11,0,600
una,16,11,0,600
una,16,11,0,600
una,16,11,0,600
una,16,11,0,600
una,16,11,0,600
una,16,11,0,600
una,16,11,0,600
una,16,11,0,600
una,16,11,0,600
una,16,11,0,600
una,16,11,0,600
una,16,11,0,630
una,16,11,0,600
una,16,11,0,600
una,16,11,0,600
una,16,11,0,600
una,16,11,0,612
una,16,11,0,600
una,16,11,0,600
una,16,11,0,600
una,16,11,0,600
una,16,11,0,600
una,16,11,0,600
una,16,11,0,600
una,16,11,0,600
una,16,11,0,600
una,16,11,0,608
una,16,11,0,600
una,16,11,0,600
una,16,11,0,617
una,16,11,0,600
una,16,11,0,600
una,16,11,0,600
una,16,11,0,600
una,16,11,0,600
una,16,11,0,600
una,16,11,0,600
una,16,11,0,600
una,16,12,0,813
una,16,12,0,829
una,16,12,0,702
una,16,12,0,798
una,16,12,0,788
una,16,12,0,872
una,16,12,0,708
una,16,12,0,668
una,16,12,0,805
una,16,12,0,825
una,16,12,0,719
una,16,12,0,786
una,16,12,0,668
una,16,12,0,876
una,16,12,0,679
una,16,12,0,670
una,16,12,0,664
una,16,12,0,753
una,16,12,0,676
una,16,12,0,826
una,16,12,0,862
una,16,12,0,714
una,16,12,0,799
una,16,12,0,664
una,16,12,0,743
una,16,12,0,722
una,16,12,0,707
una,16,12,0,803
una,16,12,0,684
una,16,12,0,853
una,16,12,0,808
una,16,12,0,818
una,16,12,0,870
una,16,12,0,872
una,16,12,0,781
una,16,12,0,768
una,16,12,0,731
una,16,12,0,819
una,16,12,0,778
una,16,12,0,869
una,16,12,0,709
una,16,12,0,726
una,16,12,0,727
una,16,12,0,840
una,16,12,0,677
una,16,12,0,759
una,16,12,0,753
una,16,12,0,671
una,16,12,0,749
una,16,12,0,773
una,16,1,1,1217
una,16,1,1,1404
una,16,1,1,1592
una,16,1,1,1601
una,16,1,1,1413
una,16,1,1,1406
una,16,1,1,1309
una,16,1,1,1608
una,16,1,1,1305
una,16,1,1,1380
una,16,1,1,1191
una,16,1,1,1336
una,16,1,1,1220
una,16,1,1,1502
una,16,1,1,1425
una,16,1,1,1430
una,16,1,1,1310
una,16,1,1,1532
una,16,1,1,1191
una,16,1,1,1330
una,16,1,1,1466
una,16,1,1,1571
una,16,1,1,1288
una,16,1,1,1417
una,16,1,1,1415
una,16,1,1,1557
una,16,1,1,1211
una,16,1,1,1368
una,16,1,1,1266
una,16,1,1,1199
una,16,1,1,1251
una,16,1,1,1600
una,16,1,1,1280
una,16,1,1,1582
una,16,1,1,1276
una,16,1,1,1581
una,16,1,1,1464
una,16,1,1,1237
una,16,1,1,1434
una,16,1,1,1323
una,16,1,1,1350
una,16,1,1,1374
una,16,1,1,1367
una,16,1,1,1468
una,16,1,1,1512
una,16,1,1,1328
una,16,1,1,1578
una,16,1,1,1584
una,16,1,1,1207
una,16,1,1,1196
una,16,2,1,977
una,16,2,1,1027
una,16,2,1,933
una,16,2,1,927
una,16,2,1,1053
una,16,2,1,1030
una,16,2,1,900
una,16,2,1,1115
una,16,2,1,1053
una,16,2,1,958
una,16,2,1,1055
una,16,2,1,883
una,16,2,1,990
una,16,2,1,900
una,16,2,1,862
una,16,2,1,951
una,16,2,1,895
una,16,2,1,1040
una,16,2,1,1052
una,16,2,1,894
una,16,2,1,857
una,16,2,1,1087
una,16,2,1,850
una,16,2,1,953
una,16,2,1,998
una,16,2,1,1095
una,16,2,1,1101
una,16,2,1,1067
una,16,2,1,924
una,16,2,1,1066
una,16,2,1,923
una,16,2,1,914
una,16,2,1,1014
una,16,2,1,1053
una,16,2,1,865
una,16,2,1,868
una,16,2,1,1085
una,16,2,1,1107
una,16,2,1,1031
una,16,2,1,978
una,16,2,1,1103
una,16,2,1,1068
una,16,2,1,1023
una,16,2,1,945
una,16,2,1,909
una,16,2,1,975
una,16,2,1,936
una,16,2,1,951
una,16,2,1,1004
una,16,2,1,900
una,16,3,1,1091
una,16,3,1,893
una,16,3,1,994
una,16,3,1,1073
una,16,3,1,995
una,16,3,1,958
una,16,3,1,992
una,16,3,1,1104
una,16,3,1,1147
una,16,3,1,1039
una,16,3,1,1088
una,16,3,1,854
una,16,3,1,1114
una,16,3,1,1136
una,16,3,1,1022
una,16,3,1,1076
una,16,3,1,1003
una,16,3,1,935
una,16,3,1,1105
una,16,3,1,1029
una,16,3,1,1023
una,16,3,1,1047
una,16,3,1,1106
una,16,3,1,1069
una,16,3,1,913
una,16,3,1,990
una,16,3,1,1144
una,16,3,1,1016
una,16,3,1,1131
una,16,3,1,1094
una,16,3,1,1049
una,16,3,1,954
una,16,3,1,941
una,16,3,1,1043
una,16,3,1,979
una,16,3,1,1089
una,16,3,1,1078
una,16,3,1,943
una,16,3,1,1060
una,16,3,1,998
una,16,3,1,946
una,16,3,1,973
una,16,3,1,1118
una,16,3,1,957
una,16,3,1,936
una,16,3,1,955
una,16,3,1,914
una,16,3,1,1013
una,16,3,1,894
una,16,3,1,1095
una,16,4,1,917
una,16,4,1,1029
una,16,4,1,887
una,16,4,1,1143
una,16,4,1,986
una,16,4,1,1096
una,16,4,1,1080
una,16,4,1,1064
una,16,4,1,1098
una,16,4,1,880
una,16,4,1,1053
una,16,4,1,929
una,16,4,1,1085
una,16,4,1,1137
una,16,4,1,1120
una,16,4,1,884
una,16,4,1,960
una,16,4,1,959
una,16,4,1,886
una,16,4,1,879
una,16,4,1,965
una,16,4,1,1147
una,16,4,1,1020
una,16,4,1,1036
una,16,4,1,991
una,16,4,1,1048
una,16,4,1,1136
una,16,4,1,1026
una,16,4,1,869
una,16,4,1,997
una,16,4,1,1147
una,16,4,1,966
una,16,4,1,1028
una,16,4,1,881
una,16,4,1,892
una,16,4,1,1112
una,16,4,1,940
una,16,4,1,941
una,16,4,1,966
una,16,4,1,1139
una,16,4,1,875
una,16,4,1,1095
una,16,4,1,952
una,16,4,1,1104
una,16,4,1,1147
una,16,4,1,954
una,16,4,1,888
una,16,4,1,893
una,16,4,1,1077
una,16,4,1,893
una,16,5,1,1485
una,16,5,1,1458
una,16,5,1,1530
una,16,5,1,1395
una,16,5,1,1771
una,16,5,1,1772
una,16,5,1,1558
una,16,5,1,1653
una,16,5,1,1668
una,16,5,1,1719
una,16,5,1,1609
una,16,5,1,1604
una,16,5,1,1663
una,16,5,1,1697
una,16,5,1,1526
una,16,5,1,1518
una,16,5,1,1489
una,16,5,1,1623
una,16,5,1,1532
una,16,5,1,1619
una,16,5,1,1554
una,16,5,1,1761
una,16,5,1,1395
una,16,5,1,1634
una,16,5,1,1636
una,16,5,1,1544
una,16,5,1,1562
una,16,5,1,1744
una,16,5,1,1494
una,16,5,1,1778
una,16,5,1,1790
una,16,5,1,1672
una,16,5,1,1730
una,16,5,1,1654
una,16,5,1,1612
una,16,5,1,1824
una,16,5,1,1495
una,16,5,1,1433
una,16,5,1,1497
una,16,5,1,1655
una,16,5,1,1448
una,16,5,1,1796
una,16,5,1,1557
una,16,5,1,1767
una,16,5,1,1479
una,16,5,1,1510
una,16,5,1,1388
una,16,5,1,1483
una,16,5,1,1595
una,16,5,1,1814
una,16,6,1,1546
una,16,6,1,1667
una,16,6,1,1565
una,16,6,1,1382
una,16,6,1,1601
una,16,6,1,1391
una,16,6,1,1784
una,16,6,1,1721
una,16,6,1,1541
una,16,6,1,1667
una,16,6,1,1413
una,16,6,1,1697
una,16,6,1,1754
una,16,6,1,1754
una,16,6,1,1496
una,16,6,1,1486
una,16,6,1,1610
una,16,6,1,1824
una,16,6,1,1801
una,16,6,1,1532
una,16,6,1,1734
una,16,6,1,1802
una,16,6,1,1485
una,16,6,1,1758
una,16,6,1,1488
una,16,6,1,1524
una,16,6,1,1455
una,16,6,1,1603
una,16,6,1,1764
una,16,6,1,1613
una,16,6,1,1419
una,16,6,1,1480
una,16,6,1,1630
una,16,6,1,1639
una,16,6,1,1636
una,16,6,1,1396
una,16,6,1,1721
una,16,6,1,1796
una,16,6,1,1605
una,16,6,1,1705
una,16,6,1,1798
una,16,6,1,1668
una,16,6,1,1683
una,16,6,1,1706
una,16,6,1,1485
una,16,6,1,1639
una,16,6,1,1764
una,16,6,1,1502
una,16,6,1,1790
una,16,6,1,1657
una,16,7,1,732
una,16,7,1,777
una,16,7,1,727
una,16,7,1,826
una,16,7,1,746
una,16,7,1,840
una,16,7,1,752
una,16,7,1,786
una,16,7,1,861
una,16,7,1,670
una,16,7,1,803
una,16,7,1,668
una,16,7,1,826
una,16,7,1,771
una,16,7,1,848
una,16,7,1,832
una,16,7,1,654
una,16,7,1,668
una,16,7,1,772
una,16,7,1,754
una,16,7,1,675
una,16,7,1,666
una,16,7,1,764
una,16,7,1,648
una,16,7,1,834
una,16,7,1,819
una,16,7,1,814
una,16,7,1,641
una,16,7,1,648
una,16,7,1,761
una,16,7,1,861
una,16,7,1,714
una,16,7,1,714
una,16,7,1,667
una,16,7,1,789
una,16,7,1,783
una,16,7,1,660
una,16,7,1,742
una,16,7,1,787
una,16,7,1,748
una,16,7,1,789
una,16,7,1,821
una,16,7,1,791
una,16,7,1,776
una,16,7,1,829
una,16,7,1,840
una,16,7,1,724
una,16,7,1,676
una,16,7,1,821
una,16,7,1,685
una,16,8,1,846
una,16,8,1,642
una,16,8,1,844
una,16,8,1,770
una,16,8,1,811
una,16,8,1,727
una,16,8,1,860
una,16,8,1,688
una,16,8,1,696
una,16,8,1,649
una,16,8,1,849
una,16,8,1,740
una,16,8,1,789
una,16,8,1,792
una,16,8,1,834
una,16,8,1,787
una,16,8,1,763
una,16,8,1,797
una,16,8,1,806
una,16,8,1,679
una,16,8,1,662
una,16,8,1,654
una,16,8,1,721
una,16,8,1,749
una,16,8,1,776
una,16,8,1,853
una,16,8,1,711
una,16,8,1,808
una,16,8,1,757
una,16,8,1,687
una,16,8,1,775
una,16,8,1,855
una,16,8,1,665
una,16,8,1,751
una,16,8,1,649
una,16,8,1,709
una,16,8,1,777
una,16,8,1,826
una,16,8,1,801
una,16,8,1,741
una,16,8,1,842
una,16,8,1,705
una,16,8,1,807
una,16,8,1,744
una,16,8,1,839
una,16,8,1,816
una,16,8,1,840
una,16,8,1,685
una,16,8,1,787
una,16,8,1,803
una,16,9,1,1072
una,16,9,1,1001
una,16,9,1,853
una,16,9,1,928
una,16,9,1,946
una,16,9,1,1105
una,16,9,1,1102
una,16,9,1,881
una,16,9,1,1134
una,16,9,1,904
una,16,9,1,974
una,16,9,1,914
una,16,9,1,1108
una,16,9,1,1074
una,16,9,1,956
una,16,9,1,1054
una,16,9,1,905
una,16,9,1,964
una,16,9,1,963
una,16,9,1,921
una,16,9,1,1112
una,16,9,1,1053
una,16,9,1,933
una,16,9,1,922
una,16,9,1,855
una,16,9,1,953
una,16,9,1,1008
una,16,9,1,933
una,16,9,1,1060
una,16,9,1,973
una,16,9,1,944
una,16,9,1,1131
una,16,9,1,928
una,16,9,1,969
una,16,9,1,964
una,16,9,1,922
una,16,9,1,915
una,16,9,1,940
una,16,9,1,1109
una,16,9,1,1080
una,16,9,1,1054
una,16,9,1,987
una,16,9,1,1002
una,16,9,1,930
una,16,9,1,872
una,16,9,1,949
una,16,9,1,998
una,16,9,1,867
una,16,9,1,876
una,16,9,1,928
una,16,10,1,960
una,16,10,1,967
una,16,10,1,885
una,16,10,1,917
una,16,10,1,928
una,16,10,1,870
una,16,10,1,947
una,16,10,1,871
una,16,10,1,1061
una,16,10,1,965
una,16,10,1,948
una,16,10,1,887
una,16,10,1,917
una,16,10,1,919
una,16,10,1,1145
una,16,10,1,1100
una,16,10,1,854
una,16,10,1,1035
una,16,10,1,926
una,16,10,1,881
una,16,10,1,1061
una,16,10,1,889
una,16,10,1,983
una,16,10,1,1039
una,16,10,1,1016
una,16,10,1,1143
una,16,10,1,1085
una,16,10,1,1082
una,16,10,1,956
una,16,10,1,852
una,16,10,1,1070
una,16,10,1,1149
una,16,10,1,971
una,16,10,1,1145
una,16,10,1,892
una,16,10,1,938
una,16,10,1,901
una,16,10,1,992
una,16,10,1,1089
una,16,10,1,952
una,16,10,1,1121
una,16,10,1,1013
una,16,10,1,989
una,16,10,1,1086
una,16,10,1,880
una,16,10,1,1082
una,16,10,1,922
una,16,10,1,934
una,16,10,1,1029
una,16,10,1,1120
una,16,11,1,1023
una,16,11,1,1044
una,16,11,1,1082
una,16,11,1,927
una,16,11,1,1098
una,16,11,1,975
una,16,11,1,902
una,16,11,1,955
una,16,11,1,923
una,16,11,1,918
una,16,11,1,934
una,16,11,1,904
una,16,11,1,1050
una,16,11,1,1023
una,16,11,1,1044
una,16,11,1,953
una,16,11,1,1080
una,16,11,1,888
una,16,11,1,1021
una,16,11,1,932
una,16,11,1,1008
una,16,11,1,947
una,16,11,1,1087
una,16,11,1,1117
una,16,11,1,1072
una,16,11,1,902
una,16,11,1,932
una,16,11,1,1125
una,16,11,1,981
una,16,11,1,1132
una,16,11,1,967
una,16,11,1,1135
una,16,11,1,1127
una,16,11,1,1048
una,16,11,1,852
una,16,11,1,970
una,16,11,1,1123
una,16,11,1,1115
una,16,11,1,906
una,16,11,1,969
una,16,11,1,1100
una,16,11,1,1023
una,16,11,1,1104
una,16,11,1,1097
una,16,11,1,1122
una,16,11,1,885
una,16,11,1,893
una,16,11,1,874
una,16,11,1,1130
una,16,11,1,992
una,16,12,1,1217
una,16,12,1,1325
una,16,12,1,1337
una,16,12,1,1530
una,16,12,1,1498
una,16,12,1,1479
una,16,12,1,1199
una,16,12,1,1572
una,16,12,1,1280
una,16,12,1,1454
una,16,12,1,1215
una,16,12,1,1224
una,16,12,1,1194
una,16,12,1,1427
una,16,12,1,1454
una,16,12,1,1211
una,16,12,1,1312
una,16,12,1,1547
una,16,12,1,1232
una,16,12,1,1280
una,16,12,1,1368
una,16,12,1,1543
una,16,12,1,1297
una,16,12,1,1608
una,16,12,1,1339
una,16,12,1,1352
una,16,12,1,1241
una,16,12,1,1475
una,16,12,1,1292
una,16,12,1,1454
una,16,12,1,1283
una,16,12,1,1352
una,16,12,1,1549
una,16,12,1,1500
una,16,12,1,1254
una,16,12,1,1445
una,16,12,1,1454
una,16,12,1,1228
una,16,12,1,1385
una,16,12,1,1299
una,16,12,1,1386
una,16,12,1,1516
una,16,12,1,1256
una,16,12,1,1241
una,16,12,1,1303
una,16,12,1,1589
una,16,12,1,1504
una,16,12,1,1198
una,16,12,1,1358
una,16,12,1,1298
una,16,1,2,3645
una,16,1,2,3457
una,16,1,2,3987
una,16,1,2,3204
una,16,1,2,3592
una,16,1,2,3710
una,16,1,2,3841
una,16,1,2,3402
una,16,1,2,3696
una,16,1,2,3293
una,16,1,2,3432
una,16,1,2,3915
una,16,1,2,3972
una,16,1,2,3729
una,16,1,2,3368
una,16,1,2,3836
una,16,1,2,3002
una,16,1,2,3082
una,16,1,2,3669
una,16,1,2,3280
una,16,1,2,3973
una,16,1,2,3432
una,16,1,2,3425
una,16,1,2,3686
una,16,1,2,3780
una,16,1,2,3474
una,16,1,2,3199
una,16,1,2,3786
una,16,1,2,3311
una,16,1,2,3158
una,16,1,2,3638
una,16,1,2,3069
una,16,1,2,3994
una,16,1,2,3639
una,16,1,2,4010
una,16,1,2,3330
una,16,1,2,3994
una,16,1,2,3127
una,16,1,2,3017
una,16,1,2,3009
una,16,1,2,3463
una,16,1,2,3062
una,16,1,2,3512
una,16,1,2,3318
una,16,1,2,3327
una,16,1,2,3642
una,16,1,2,3146
una,16,1,2,3779
una,16,1,2,3586
una,16,1,2,3935
una,16,2,2,2398
una,16,2,2,2862
una,16,2,2,2556
una,16,2,2,2855
una,16,2,2,2145
una,16,2,2,2670
una,16,2,2,2737
una,16,2,2,2164
una,16,2,2,2559
una,16,2,2,2726
una,16,2,2,2545
una,16,2,2,2172
una,16,2,2,2645
una,16,2,2,2170
una,16,2,2,2738
una,16,2,2,2157
una,16,2,2,2228
una,16,2,2,2331
una,16,2,2,2600
una,16,2,2,2857
una,16,2,2,2213
una,16,2,2,2232
una,16,2,2,2401
una,16,2,2,2752
una,16,2,2,2475
una,16,2,2,2366
una,16,2,2,2545
una,16,2,2,2320
una,16,2,2,2425
una,16,2,2,2374
una,16,2,2,2728
una,16,2,2,2818
una,16,2,2,2694
una,16,2,2,2454
una,16,2,2,2503
una,16,2,2,2218
una,16,2,2,2685
una,16,2,2,2572
una,16,2,2,2801
una,16,2,2,2275
una,16,2,2,2694
una,16,2,2,2638
una,16,2,2,2324
una,16,2,2,2625
una,16,2,2,2818
una,16,2,2,2813
una,16,2,2,2664
una,16,2,2,2161
una,16,2,2,2779
una,16,2,2,2618
una,16,3,2,2357
una,16,3,2,2265
una,16,3,2,2212
una,16,3,2,2162
una,16,3,2,2690
una,16,3,2,2301
una,16,3,2,2143
una,16,3,2,2422
una,16,3,2,2486
una,16,3,2,2251
una,16,3,2,2158
una,16,3,2,2266
una,16,3,2,2634
una,16,3,2,2186
una,16,3,2,2541
una,16,3,2,2234
una,16,3,2,2271
una,16,3,2,2419
una,16,3,2,2200
una,16,3,2,2254
una,16,3,2,2386
una,16,3,2,2372
una,16,3,2,2686
una,16,3,2,2181
una,16,3,2,2770
una,16,3,2,2737
una,16,3,2,2699
una,16,3,2,2357
una,16,3,2,2742
una,16,3,2,2262
una,16,3,2,2218
una,16,3,2,2158
una,16,3,2,2829
una,16,3,2,2356
una,16,3,2,2813
una,16,3,2,2329
una,16,3,2,2805
una,16,3,2,2802
una,16,3,2,2817
una,16,3,2,2497
una,16,3,2,2774
una,16,3,2,2838
una,16,3,2,2368
una,16,3,2,2439
una,16,3,2,2664
una,16,3,2,2350
una,16,3,2,2690
una,16,3,2,2180
una,16,3,2,2517
una,16,3,2,2216
una,16,4,2,2344
una,16,4,2,2318
una,16,4,2,2754
una,16,4,2,2270
una,16,4,2,2731
una,16,4,2,2720
una,16,4,2,2499
una,16,4,2,2300
una,16,4,2,2295
una,16,4,2,2473
una,16,4,2,2131
una,16,4,2,2523
una,16,4,2,2839
una,16,4,2,2241
una,16,4,2,2555
una,16,4,2,2846
una,16,4,2,2770
una,16,4,2,2762
una,16,4,2,2741
una,16,4,2,2356
una,16,4,2,2792
una,16,4,2,2831
una,16,4,2,2496
una,16,4,2,2390
una,16,4,2,2435
una,16,4,2,2375
una,16,4,2,2284
una,16,4,2,2588
una,16,4,2,2546
una,16,4,2,2471
una,16,4,2,2196
una,16,4,2,2722
una,16,4,2,2256
una,16,4,2,2210
una,16,4,2,2592
una,16,4,2,2423
una,16,4,2,2169
una,16,4,2,2391
una,16,4,2,2703
una,16,4,2,2586
una,16,4,2,2397
una,16,4,2,2268
una,16,4,2,2598
una,16,4,2,2790
una,16,4,2,2609
una,16,4,2,2734
una,16,4,2,2516
una,16,4,2,2663
una,16,4,2,2797
una,16,4,2,2704
una,16,5,2,4491
una,16,5,2,3917
una,16,5,2,4485
una,16,5,2,4145
una,16,5,2,4444
una,16,5,2,3447
una,16,5,2,4189
una,16,5,2,4417
una,16,5,2,3609
una,16,5,2,4194
una,16,5,2,4389
una,16,5,2,3745
una,16,5,2,3886
una,16,5,2,4083
una,16,5,2,4023
una,16,5,2,3447
una,16,5,2,3518
una,16,5,2,3520
una,16,5,2,3714
una,16,5,2,3695
una,16,5,2,4290
una,16,5,2,4087
una,16,5,2,4316
una,16,5,2,3483
una,16,5,2,3982
una,16,5,2,3788
una,16,5,2,4419
una,16,5,2,4249
una,16,5,2,4443
una,16,5,2,3455
una,16,5,2,4264
una,16,5,2,4048
una,16,5,2,4390
una,16,5,2,4008
una,16,5,2,4048
una,16,5,2,3462
una,16,5,2,4202
una,16,5,2,3727
una,16,5,2,3423
una,16,5,2,3479
una,16,5,2,4548
una,16,5,2,3815
una,16,5,2,4441
una,16,5,2,4551
una,16,5,2,4531
una,16,5,2,4458
una,16,5,2,4473
una,16,5,2,3746
una,16,5,2,3581
una,16,5,2,4167
una,16,6,2,3985
una,16,6,2,3518
una,16,6,2,4213
una,16,6,2,4075
una,16,6,2,4435
una,16,6,2,4131
una,16,6,2,4088
una,16,6,2,3928
una,16,6,2,3955
una,16,6,2,4545
una,16,6,2,3566
una,16,6,2,3935
una,16,6,2,4186
una,16,6,2,3919
una,16,6,2,3739
una,16,6,2,3744
una,16,6,2,3680
una,16,6,2,3812
una,16,6,2,4446
una,16,6,2,4006
una,16,6,2,3688
una,16,6,2,3861
una,16,6,2,3526
una,16,6,2,4484
una,16,6,2,3889
una,16,6,2,4576
una,16,6,2,3817
una,16,6,2,4403
una,16,6,2,3707
una,16,6,2,3491
una,16,6,2,3438
una,16,6,2,4127
una,16,6,2,3773
una,16,6,2,3932
una,16,6,2,4382
una,16,6,2,3697
una,16,6,2,3770
una,16,6,2,4414
una,16,6,2,3991
una,16,6,2,4393
una,16,6,2,3849
una,16,6,2,3878
una,16,6,2,3600
una,16,6,2,4499
una,16,6,2,4476
una,16,6,2,4581
una,16,6,2,3882
una,16,6,2,4382
una,16,6,2,3897
una,16,6,2,3945
una,16,7,2,2060
una,16,7,2,1693
una,16,7,2,1717
una,16,7,2,1770
una,16,7,2,2037
una,16,7,2,1803
una,16,7,2,1795
una,16,7,2,2155
una,16,7,2,1809
una,16,7,2,1733
una,16,7,2,1944
una,16,7,2,2044
una,16,7,2,1632
una,16,7,2,1941
una,16,7,2,1613
una,16,7,2,1889
una,16,7,2,1738
una,16,7,2,1766
una,16,7,2,1856
una,16,7,2,2115
una,16,7,2,1993
una,16,7,2,2120
una,16,7,2,1964
una,16,7,2,1597
una,16,7,2,1743
una,16,7,2,2103
una,16,7,2,1955
una,16,7,2,2145
una,16,7,2,1681
una,16,7,2,1760
una,16,7,2,1797
una,16,7,2,1777
una,16,7,2,1735
una,16,7,2,1843
una,16,7,2,1955
una,16,7,2,1768
una,16,7,2,1638
una,16,7,2,1992
una,16,7,2,1851
una,16,7,2,1906
una,16,7,2,1849
una,16,7,2,2094
una,16,7,2,1908
una,16,7,2,2113
una,16,7,2,1880
una,16,7,2,1758
una,16,7,2,1793
una,16,7,2,1887
una,16,7,2,1891
una,16,7,2,1980
una,16,8,2,1720
una,16,8,2,1964
una,16,8,2,2031
una,16,8,2,1974
una,16,8,2,1864
una,16,8,2,2151
una,16,8,2,1821
una,16,8,2,1653
una,16,8,2,2055
una,16,8,2,1713
una,16,8,2,1994
una,16,8,2,1694
una,16,8,2,1603
una,16,8,2,1683
una,16,8,2,1805
una,16,8,2,1653
una,16,8,2,1704
una,16,8,2,2023
una,16,8,2,2026
una,16,8,2,2053
una,16,8,2,2066
una,16,8,2,1830
una,16,8,2,2081
una,16,8,2,1889
una,16,8,2,1858
una,16,8,2,1997
una,16,8,2,1714
una,16,8,2,2037
una,16,8,2,1835
una,16,8,2,1665
una,16,8,2,1660
una,16,8,2,1686
una,16,8,2,2094
una,16,8,2,2151
una,16,8,2,1794
una,16,8,2,1758
una,16,8,2,1716
una,16,8,2,2057
una,16,8,2,1711
una,16,8,2,2113
una,16,8,2,1969
una,16,8,2,2098
una,16,8,2,1905
una,16,8,2,1982
una,16,8,2,1942
una,16,8,2,2061
una,16,8,2,2063
una,16,8,2,1925
una,16,8,2,1949
una,16,8,2,2112
una,16,9,2,2822
una,16,9,2,2623
una,16,9,2,2130
una,16,9,2,2203
una,16,9,2,2768
una,16,9,2,2188
una,16,9,2,2285
una,16,9,2,2297
una,16,9,2,2575
una,16,9,2,2557
una,16,9,2,2342
una,16,9,2,2280
una,16,9,2,2698
una,16,9,2,2826
una,16,9,2,2164
una,16,9,2,2224
una,16,9,2,2606
una,16,9,2,2728
una,16,9,2,2718
una,16,9,2,2664
una,16,9,2,2790
una,16,9,2,2288
una,16,9,2,2205
una,16,9,2,2586
una,16,9,2,2741
una,16,9,2,2561
una,16,9,2,2847
una,16,9,2,2721
una,16,9,2,2650
una,16,9,2,2170
una,16,9,2,2205
una,16,9,2,2713
una,16,9,2,2273
una,16,9,2,2146
una,16,9,2,2808
una,16,9,2,2793
una,16,9,2,2288
una,16,9,2,2710
una,16,9,2,2160
una,16,9,2,2338
una,16,9,2,2592
una,16,9,2,2697
una,16,9,2,2132
una,16,9,2,2369
una,16,9,2,2285
una,16,9,2,2874
una,16,9,2,2628
una,16,9,2,2429
una,16,9,2,2181
una,16,9,2,2574
una,16,10,2,2606
una,16,10,2,2737
una,16,10,2,2341
una,16,10,2,2861
una,16,10,2,2454
una,16,10,2,2346
una,16,10,2,2386
una,16,10,2,2514
una,16,10,2,2827
una,16,10,2,2676
una,16,10,2,2557
una,16,10,2,2247
una,16,10,2,2237
una,16,10,2,2501
una,16,10,2,2671
una,16,10,2,2688
una,16,10,2,2294
una,16,10,2,2200
una,16,10,2,2413
una,16,10,2,2813
una,16,10,2,2534
una,16,10,2,2365
una,16,10,2,2367
una,16,10,2,2224
una,16,10,2,2479
una,16,10,2,2718
una,16,10,2,2851
una,16,10,2,2501
una,16,10,2,2250
una,16,10,2,2637
una,16,10,2,2692
una,16,10,2,2178
una,16,10,2,2762
una,16,10,2,2746
una,16,10,2,2479
una,16,10,2,2545
una,16,10,2,2660
una,16,10,2,2632
una,16,10,2,2137
una,16,10,2,2216
una,16,10,2,2246
una,16,10,2,2691
una,16,10,2,2455
una,16,10,2,2534
una,16,10,2,2704
una,16,10,2,2380
una,16,10,2,2686
una,16,10,2,2456
una,16,10,2,2407
una,16,10,2,2374
una,16,11,2,2848
una,16,11,2,2703
una,16,11,2,2140
una,16,11,2,2843
una,16,11,2,2706
una,16,11,2,2236
una,16,11,2,2182
una,16,11,2,2356
una,16,11,2,2593
una,16,11,2,2587
una,16,11,2,2331
una,16,11,2,2459
una,16,11,2,2283
una,16,11,2,2162
una,16,11,2,2512
una,16,11,2,2385
una,16,11,2,2532
una,16,11,2,2834
una,16,11,2,2232
una,16,11,2,2126
una,16,11,2,2182
una,16,11,2,2472
una,16,11,2,2655
una,16,11,2,2560
una,16,11,2,2496
una,16,11,2,2390
una,16,11,2,2357
una,16,11,2,2407
una,16,11,2,2583
una,16,11,2,2250
una,16,11,2,2703
una,16,11,2,2556
una,16,11,2,2326
una,16,11,2,2500
una,16,11,2,2847
una,16,11,2,2140
una,16,11,2,2274
una,16,11,2,2461
una,16,11,2,2603
una,16,11,2,2284
una,16,11,2,2823
una,16,11,2,2606
una,16,11,2,2783
una,16,11,2,2371
una,16,11,2,2746
una,16,11,2,2408
una,16,11,2,2314
una,16,11,2,2808
una,16,11,2,2194
una,16,11,2,2832
una,16,12,2,3456
una,16,12,2,4017
una,16,12,2,3541
una,16,12,2,3770
una,16,12,2,2982
una,16,12,2,3496
una,16,12,2,3749
una,16,12,2,3796
una,16,12,2,3140
una,16,12,2,3414
una,16,12,2,3415
una,16,12,2,3083
una,16,12,2,3440
una,16,12,2,3822
una,16,12,2,3290
una,16,12,2,3429
una,16,12,2,3984
una,16,12,2,3008
una,16,12,2,3596
una,16,12,2,3755
una,16,12,2,3773
una,16,12,2,3726
una,16,12,2,3737
una,16,12,2,3036
una,16,12,2,3535
una,16,12,2,3797
una,16,12,2,3073
una,16,12,2,2987
una,16,12,2,3830
una,16,12,2,3722
una,16,12,2,3407
una,16,12,2,3962
una,16,12,2,3779
una,16,12,2,3991
una,16,12,2,3950
una,16,12,2,3480
una,16,12,2,3767
una,16,12,2,3677
una,16,12,2,3827
una,16,12,2,3802
una,16,12,2,3135
una,16,12,2,3220
una,16,12,2,3254
una,16,12,2,3834
una,16,12,2,3826
una,16,12,2,3495
una,16,12,2,3584
una,16,12,2,3843
una,16,12,2,3303
una,16,12,2,3027
kangra,17,1,0,1072
kangra,17,1,0,1211
kangra,17,1,0,1171
kangra,17,1,0,1034
kangra,17,1,0,937
kangra,17,1,0,1122
kangra,17,1,0,1186
kangra,17,1,0,1131
kangra,17,1,0,1053
kangra,17,1,0,956
kangra,17,1,0,1210
kangra,17,1,0,1005
kangra,17,1,0,988
kangra,17,1,0,1180
kangra,17,1,0,1233
kangra,17,1,0,1129
kangra,17,1,0,1118
kangra,17,1,0,1019
kangra,17,1,0,922
kangra,17,1,0,978
kangra,17,1,0,1105
kangra,17,1,0,965
kangra,17,1,0,1202
kangra,17,1,0,977
kangra,17,1,0,1085
kangra,17,1,0,1081
kangra,17,1,0,1111
kangra,17,1,0,1022
kangra,17,1,0,1198
kangra,17,1,0,1059
kangra,17,1,0,1142
kangra,17,1,0,1121
kangra,17,1,0,954
kangra,17,1,0,1117
kangra,17,1,0,1094
kangra,17,1,0,1206
kangra,17,1,0,1201
kangra,17,1,0,965
kangra,17,1,0,942
kangra,17,1,0,1011
kangra,17,1,0,1235
kangra,17,1,0,923
kangra,17,1,0,1133
kangra,17,1,0,1113
kangra,17,1,0,1125
kangra,17,1,0,986
kangra,17,1,0,989
kangra,17,1,0,1055
kangra,17,1,0,947
kangra,17,1,0,940
kangra,17,2,0,674
kangra,17,2,0,786
kangra,17,2,0,746
kangra,17,2,0,722
kangra,17,2,0,727
kangra,17,2,0,702
kangra,17,2,0,749
kangra,17,2,0,701
kangra,17,2,0,815
kangra,17,2,0,683
kangra,17,2,0,873
kangra,17,2,0,675
kangra,17,2,0,872
kangra,17,2,0,846
kangra,17,2,0,811
kangra,17,2,0,865
kangra,17,2,0,686
kangra,17,2,0,695
kangra,17,2,0,712
kangra,17,2,0,711
kangra,17,2,0,726
kangra,17,2,0,787
kangra,17,2,0,661
kangra,17,2,0,742
kangra,17,2,0,711
kangra,17,2,0,794
kangra,17,2,0,882
kangra,17,2,0,774
kangra,17,2,0,752
kangra,17,2,0,739
kangra,17,2,0,835
kangra,17,2,0,671
kangra,17,2,0,876
kangra,17,2,0,751
kangra,17,2,0,726
kangra,17,2,0,879
kangra,17,2,0,870
kangra,17,2,0,802
kangra,17,2,0,658
kangra,17,2,0,827
kangra,17,2,0,732
kangra,17,2,0,744
kangra,17,2,0,691
kangra,17,2,0,775
kangra,17,2,0,826
kangra,17,2,0,717
kangra,17,2,0,871
kangra,17,2,0,699
kangra,17,2,0,669
kangra,17,2,0,803
kangra,17,3,0,850
kangra,17,3,0,874
kangra,17,3,0,831
kangra,17,3,0,700
kangra,17,3,0,880
kangra,17,3,0,866
kangra,17,3,0,692
kangra,17,3,0,783
kangra,17,3,0,782
kangra,17,3,0,756
kangra,17,3,0,881
kangra,17,3,0,668
kangra,17,3,0,799
kangra,17,3,0,701
kangra,17,3,0,776
kangra,17,3,0,834
kangra,17,3,0,711
kangra,17,3,0,745
kangra,17,3,0,874
kangra,17,3,0,830
kangra,17,3,0,786
kangra,17,3,0,705
kangra,17,3,0,752
kangra,17,3,0,833
kangra,17,3,0,844
kangra,17,3,0,711
kangra,17,3,0,807
kangra,17,3,0,676
kangra,17,3,0,659
kangra,17,3,0,781
kangra,17,3,0,706
kangra,17,3,0,672
kangra,17,3,0,823
kangra,17,3,0,769
kangra,17,3,0,838
kangra,17,3,0,807
kangra,17,3,0,823
kangra,17,3,0,725
kangra,17,3,0,715
kangra,17,3,0,793
kangra,17,3,0,700
kangra,17,3,0,842
kangra,17,3,0,775
kangra,17,3,0,706
kangra,17,3,0,798
kangra,17,3,0,872
kangra,17,3,0,673
kangra,17,3,0,679
kangra,17,3,0,849
kangra,17,3,0,679
kangra,17,4,0,663
kangra,17,4,0,734
kangra,17,4,0,762
kangra,17,4,0,786
kangra,17,4,0,771
kangra,17,4,0,865
kangra,17,4,0,832
kangra,17,4,0,881
kangra,17,4,0,764
kangra,17,4,0,673
kangra,17,4,0,875
kangra,17,4,0,655
kangra,17,4,0,833
kangra,17,4,0,661
kangra,17,4,0,830
kangra,17,4,0,871
kangra,17,4,0,744
kangra,17,4,0,710
kangra,17,4,0,706
kangra,17,4,0,768
kangra,17,4,0,693
kangra,17,4,0,809
kangra,17,4,0,739
kangra,17,4,0,729
kangra,17,4,0,761
kangra,17,4,0,779
kangra,17,4,0,687
kangra,17,4,0,817
kangra,17,4,0,858
kangra,17,4,0,718
kangra,17,4,0,696
kangra,17,4,0,830
kangra,17,4,0,696
kangra,17,4,0,664
kangra,17,4,0,797
kangra,17,4,0,709
kangra,17,4,0,694
kangra,17,4,0,881
kangra,17,4,0,721
kangra,17,4,0,863
kangra,17,4,0,695
kangra,17,4,0,843
kangra,17,4,0,770
kangra,17,4,0,672
kangra,17,4,0,823
kangra,17,4,0,860
kangra,17,4,0,692
kangra,17,4,0,822
kangra,17,4,0,757
kangra,17,4,0,828
kangra,17,5,0,1311
kangra,17,5,0,1057
kangra,17,5,0,1113
kangra,17,5,0,1221
kangra,17,5,0,1392
kangra,17,5,0,1173
kangra,17,5,0,1279
kangra,17,5,0,1051
kangra,17,5,0,1310
kangra,17,5,0,1270
kangra,17,5,0,1311
kangra,17,5,0,1381
kangra,17,5,0,1101
kangra,17,5,0,1143
kangra,17,5,0,1415
kangra,17,5,0,1104
kangra,17,5,0,1313
kangra,17,5,0,1315
kangra,17,5,0,1299
kangra,17,5,0,1131
kangra,17,5,0,1126
kangra,17,5,0,1293
kangra,17,5,0,1116
kangra,17,5,0,1291
kangra,17,5,0,1229
kangra,17,5,0,1190
kangra,17,5,0,1158
kangra,17,5,0,1397
kangra,17,5,0,1234
kangra,17,5,0,1254
kangra,17,5,0,1398
kangra,17,5,0,1288
kangra,17,5,0,1401
kangra,17,5,0,1086
kangra,17,5,0,1360
kangra,17,5,0,1171
kangra,17,5,0,1346
kangra,17,5,0,1363
kangra,17,5,0,1147
kangra,17,5,0,1198
kangra,17,5,0,1315
kangra,17,5,0,1083
kangra,17,5,0,1326
kangra,17,5,0,1088
kangra,17,5,0,1385
kangra,17,5,0,1149
kangra,17,5,0,1259
kangra,17,5,0,1090
kangra,17,5,0,1146
kangra,17,5,0,1196
kangra,17,6,0,1227
kangra,17,6,0,1047
kangra,17,6,0,1375
kangra,17,6,0,1050
kangra,17,6,0,1333
kangra,17,6,0,1221
kangra,17,6,0,1240
kangra,17,6,0,1124
kangra,17,6,0,1271
kangra,17,6,0,1245
kangra,17,6,0,1107
kangra,17,6,0,1135
kangra,17,6,0,1071
kangra,17,6,0,1071
kangra,17,6,0,1052
kangra,17,6,0,1128
kangra,17,6,0,1298
kangra,17,6,0,1164
kangra,17,6,0,1173
kangra,17,6,0,1095
kangra,17,6,0,1259
kangra,17,6,0,1173
kangra,17,6,0,1297
kangra,17,6,0,1321
kangra,17,6,0,1263
kangra,17,6,0,1149
kangra,17,6,0,1235
kangra,17,6,0,1140
kangra,17,6,0,1380
kangra,17,6,0,1330
kangra,17,6,0,1229
kangra,17,6,0,1404
kangra,17,6,0,1249
kangra,17,6,0,1168
kangra,17,6,0,1082
kangra,17,6,0,1248
kangra,17,6,0,1365
kangra,17,6,0,1367
kangra,17,6,0,1270
kangra,17,6,0,1192
kangra,17,6,0,1287
kangra,17,6,0,1328
kangra,17,6,0,1199
kangra,17,6,0,1223
kangra,17,6,0,1298
kangra,17,6,0,1371
kangra,17,6,0,1339
kangra,17,6,0,1055
kangra,17,6,0,1093
kangra,17,6,0,1362
kangra,17,7,0,635
kangra,17,7,0,600
kangra,17,7,0,600
kangra,17,7,0,647
kangra,17,7,0,648
kangra,17,7,0,626
kangra,17,7,0,600
kangra,17,7,0,617
kangra,17,7,0,600
kangra,17,7,0,645
kangra,17,7,0,600
kangra,17,7,0,605
kangra,17,7,0,600
kangra,17,7,0,625
kangra,17,7,0,600
kangra,17,7,0,600
kangra,17,7,0,613
kangra,17,7,0,600
kangra,17,7,0,600
kangra,17,7,0,662
kangra,17,7,0,600
kangra,17,7,0,614
kangra,17,7,0,600
kangra,17,7,0,624
kangra,17,7,0,621
kangra,17,7,0,604
kangra,17,7,0,663
kangra,17,7,0,600
kangra,17,7,0,613
kangra,17,7,0,629
kangra,17,7,0,600
kangra,17,7,0,600
kangra,17,7,0,658
kangra,17,7,0,600
kangra,17,7,0,600
kangra,17,7,0,600
kangra,17,7,0,600
kangra,17,7,0,646
kangra,17,7,0,600
kangra,17,7,0,600
kangra,17,7,0,632
kangra,17,7,0,600
kangra,17,7,0,604
kangra,17,7,0,633
kangra,17,7,0,628
kangra,17,7,0,626
kangra,17,7,0,600
kangra,17,7,0,600
kangra,17,7,0,600
kangra,17,7,0,600
kangra,17,8,0,600
kangra,17,8,0,600
kangra,17,8,0,600
kangra,17,8,0,600
kangra,17,8,0,600
kangra,17,8,0,600
kangra,17,8,0,600
kangra,17,8,0,603
kangra,17,8,0,607
kangra,17,8,0,634
kangra,17,8,0,642
kangra,17,8,0,612
kangra,17,8,0,609
kangra,17,8,0,600
kangra,17,8,0,600
kangra,17,8,0,631
kangra,17,8,0,600
kangra,17,8,0,600
kangra,17,8,0,600
kangra,17,8,0,600
kangra,17,8,0,625
kangra,17,8,0,600
kangra,17,8,0,600
kangra,17,8,0,600
kangra,17,8,0,608
kangra,17,8,0,617
kangra,17,8,0,600
kangra,17,8,0,626
kangra,17,8,0,600
kangra,17,8,0,610
kangra,17,8,0,617
kangra,17,8,0,658
kangra,17,8,0,600
kangra,17,8,0,600
kangra,17,8,0,600
kangra,17,8,0,600
kangra,17,8,0,600
kangra,17,8,0,600
kangra,17,8,0,600
kangra,17,8,0,647
kangra,17,8,0,600
kangra,17,8,0,659
kangra,17,8,0,631
kangra,17,8,0,643
kangra,17,8,0,651
kangra,17,8,0,621
kangra,17,8,0,627
kangra,17,8,0,600
kangra,17,8,0,600
kangra,17,8,0,652
kangra,17,9,0,741
kangra,17,9,0,664
kangra,17,9,0,830
kangra,17,9,0,786
kangra,17,9,0,842
kangra,17,9,0,671
kangra,17,9,0,798
kangra,17,9,0,711
kangra,17,9,0,863
kangra,17,9,0,679
kangra,17,9,0,849
kangra,17,9,0,674
kangra,17,9,0,660
kangra,17,9,0,708
kangra,17,9,0,731
kangra,17,9,0,799
kangra,17,9,0,684
kangra,17,9,0,755
kangra,17,9,0,701
kangra,17,9,0,852
kangra,17,9,0,664
kangra,17,9,0,736
kangra,17,9,0,800
kangra,17,9,0,865
kangra,17,9,0,855
kangra,17,9,0,861
kangra,17,9,0,669
kangra,17,9,0,848
kangra,17,9,0,834
kangra,17,9,0,862
kangra,17,9,0,726
kangra,17,9,0,865
kangra,17,9,0,747
kangra,17,9,0,800
kangra,17,9,0,752
kangra,17,9,0,753
kangra,17,9,0,780
kangra,17,9,0,736
kangra,17,9,0,837
kangra,17,9,0,800
kangra,17,9,0,813
kangra,17,9,0,707
kangra,17,9,0,878
kangra,17,9,0,807
kangra,17,9,0,700
kangra,17,9,0,827
kangra,17,9,0,694
kangra,17,9,0,669
kangra,17,9,0,776
kangra,17,9,0,782
kangra,17,10,0,698
kangra,17,10,0,734
kangra,17,10,0,872
kangra,17,10,0,720
kangra,17,10,0,690
kangra,17,10,0,883
kangra,17,10,0,724
kangra,17,10,0,811
kangra,17,10,0,707
kangra,17,10,0,781
kangra,17,10,0,743
kangra,17,10,0,876
kangra,17,10,0,754
kangra,17,10,0,789
kangra,17,10,0,872
kangra,17,10,0,883
kangra,17,10,0,677
kangra,17,10,0,847
kangra,17,10,0,742
kangra,17,10,0,791
kangra,17,10,0,741
kangra,17,10,0,747
kangra,17,10,0,691
kangra,17,10,0,786
kangra,17,10,0,780
kangra,17,10,0,698
kangra,17,10,0,779
kangra,17,10,0,879
kangra,17,10,0,819
kangra,17,10,0,765
kangra,17,10,0,866
kangra,17,10,0,787
kangra,17,10,0,685
kangra,17,10,0,780
kangra,17,10,0,696
kangra,17,10,0,831
kangra,17,10,0,877
kangra,17,10,0,737
kangra,17,10,0,754
kangra,17,10,0,751
kangra,17,10,0,720
kangra,17,10,0,837
kangra,17,10,0,797
kangra,17,10,0,669
kangra,17,10,0,848
kangra,17,10,0,697
kangra,17,10,0,880
kangra,17,10,0,741
kangra,17,10,0,796
kangra,17,10,0,672
kangra,17,11,0,734
kangra,17,11,0,839
kangra,17,11,0,764
kangra,17,11,0,863
kangra,17,11,0,787
kangra,17,11,0,869
kangra,17,11,0,881
kangra,17,11,0,759
kangra,17,11,0,785
kangra,17,11,0,847
kangra,17,11,0,705
kangra,17,11,0,853
kangra,17,11,0,791
kangra,17,11,0,822
kangra,17,11,0,672
kangra,17,11,0,831
kangra,17,11,0,726
kangra,17,11,0,840
kangra,17,11,0,772
kangra,17,11,0,717
kangra,17,11,0,874
kangra,17,11,0,831
kangra,17,11,0,882
kangra,17,11,0,738
kangra,17,11,0,804
kangra,17,11,0,795
kangra,17,11,0,813
kangra,17,11,0,663
kangra,17,11,0,721
kangra,17,11,0,864
kangra,17,11,0,752
kangra,17,11,0,876
kangra,17,11,0,703
kangra,17,11,0,884
kangra,17,11,0,815
kangra,17,11,0,833
kangra,17,11,0,746
kangra,17,11,0,864
kangra,17,11,0,780
kangra,17,11,0,811
kangra,17,11,0,676
kangra,17,11,0,800
kangra,17,11,0,857
kangra,17,11,0,695
kangra,17,11,0,824
kangra,17,11,0,660
kangra,17,11,0,868
kangra,17,11,0,881
kangra,17,11,0,736
kangra,17,11,0,679
kangra,17,12,0,1129
kangra,17,12,0,925
kangra,17,12,0,1072
kangra,17,12,0,1004
kangra,17,12,0,1069
kangra,17,12,0,922
kangra,17,12,0,932
kangra,17,12,0,921
kangra,17,12,0,1116
kangra,17,12,0,1097
kangra,17,12,0,991
kangra,17,12,0,1125
kangra,17,12,0,1202
kangra,17,12,0,1005
kangra,17,12,0,1185
kangra,17,12,0,1130
kangra,17,12,0,927
kangra,17,12,0,1037
kangra,17,12,0,1080
kangra,17,12,0,1152
kangra,17,12,0,1009
kangra,17,12,0,1234
kangra,17,12,0,1137
kangra,17,12,0,1036
kangra,17,12,0,947
kangra,17,12,0,974
kangra,17,12,0,1073
kangra,17,12,0,1076
kangra,17,12,0,1164
kangra,17,12,0,1151
kangra,17,12,0,981
kangra,17,12,0,1108
kangra,17,12,0,922
kangra,17,12,0,1045
kangra,17,12,0,1163
kangra,17,12,0,1045
kangra,17,12,0,1186
kangra,17,12,0,1231
kangra,17,12,0,1112
kangra,17,12,0,963
kangra,17,12,0,1039
kangra,17,12,0,919
kangra,17,12,0,1111
kangra,17,12,0,1181
kangra,17,12,0,1120
kangra,17,12,0,1170
kangra,17,12,0,1174
kangra,17,12,0,1191
kangra,17,12,0,1002
kangra,17,12,0,1198
kangra,17,1,1,2050
kangra,17,1,1,1836
kangra,17,1,1,2246
kangra,17,1,1,2224
kangra,17,1,1,2003
kangra,17,1,1,2161
kangra,17,1,1,1819
kangra,17,1,1,1910
kangra,17,1,1,1774
kangra,17,1,1,1971
kangra,17,1,1,1957
kangra,17,1,1,1791
kangra,17,1,1,2061
kangra,17,1,1,1735
kangra,17,1,1,1702
kangra,17,1,1,1892
kangra,17,1,1,1906
kangra,17,1,1,1854
kangra,17,1,1,1817
kangra,17,1,1,1865
kangra,17,1,1,1762
kangra,17,1,1,1903
kangra,17,1,1,2197
kangra,17,1,1,1797
kangra,17,1,1,2068
kangra,17,1,1,1749
kangra,17,1,1,1874
kangra,17,1,1,1854
kangra,17,1,1,2216
kangra,17,1,1,1917
kangra,17,1,1,2071
kangra,17,1,1,2020
kangra,17,1,1,1748
kangra,17,1,1,2218
kangra,17,1,1,1869
kangra,17,1,1,1692
kangra,17,1,1,1842
kangra,17,1,1,1863
kangra,17,1,1,1720
kangra,17,1,1,2030
kangra,17,1,1,1869
kangra,17,1,1,2035
kangra,17,1,1,1669
kangra,17,1,1,2243
kangra,17,1,1,1766
kangra,17,1,1,2053
kangra,17,1,1,2086
kangra,17,1,1,1766
kangra,17,1,1,1731
kangra,17,1,1,1755
kangra,17,2,1,1293
kangra,17,2,1,1260
kangra,17,2,1,1473
kangra,17,2,1,1366
kangra,17,2,1,1415
kangra,17,2,1,1209
kangra,17,2,1,1551
kangra,17,2,1,1261
kangra,17,2,1,1341
kangra,17,2,1,1220
kangra,17,2,1,1247
kangra,17,2,1,1469
kangra,17,2,1,1480
kangra,17,2,1,1474
kangra,17,2,1,1421
kangra,17,2,1,1590
kangra,17,2,1,1403
kangra,17,2,1,1378
kangra,17,2,1,1293
kangra,17,2,1,1231
kangra,17,2,1,1420
kangra,17,2,1,1322
kangra,17,2,1,1410
kangra,17,2,1,1276
kangra,17,2,1,1542
kangra,17,2,1,1609
kangra,17,2,1,1325
kangra,17,2,1,1543
kangra,17,2,1,1556
kangra,17,2,1,1608
kangra,17,2,1,1333
kangra,17,2,1,1507
kangra,17,2,1,1286
kangra,17,2,1,1452
kangra,17,2,1,1486
kangra,17,2,1,1501
kangra,17,2,1,1277
kangra,17,2,1,1546
kangra,17,2,1,1366
kangra,17,2,1,1280
kangra,17,2,1,1417
kangra,17,2,1,1552
kangra,17,2,1,1596
kangra,17,2,1,1504
kangra,17,2,1,1192
kangra,17,2,1,1246
kangra,17,2,1,1222
kangra,17,2,1,1232
kangra,17,2,1,1350
kangra,17,2,1,1332
kangra,17,3,1,1237
kangra,17,3,1,1560
kangra,17,3,1,1448
kangra,17,3,1,1524
kangra,17,3,1,1346
kangra,17,3,1,1362
kangra,17,3,1,1323
kangra,17,3,1,1374
kangra,17,3,1,1446
kangra,17,3,1,1397
kangra,17,3,1,1541
kangra,17,3,1,1568
kangra,17,3,1,1387
kangra,17,3,1,1290
kangra,17,3,1,1586
kangra,17,3,1,1498
kangra,17,3,1,1458
kangra,17,3,1,1503
kangra,17,3,1,1221
kangra,17,3,1,1218
kangra,17,3,1,1254
kangra,17,3,1,1251
kangra,17,3,1,1366
kangra,17,3,1,1256
kangra,17,3,1,1548
kangra,17,3,1,1432
kangra,17,3,1,1344
kangra,17,3,1,1219
kangra,17,3,1,1438
kangra,17,3,1,1238
kangra,17,3,1,1502
kangra,17,3,1,1527
kangra,17,3,1,1418
kangra,17,3,1,1252
kangra,17,3,1,1520
kangra,17,3,1,1319
kangra,17,3,1,1283
kangra,17,3,1,1387
kangra,17,3,1,1577
kangra,17,3,1,1314
kangra,17,3,1,1570
kangra,17,3,1,1212
kangra,17,3,1,1225
kangra,17,3,1,1483
kangra,17,3,1,1270
kangra,17,3,1,1322
kangra,17,3,1,1247
kangra,17,3,1,1329
kangra,17,3,1,1307
kangra,17,3,1,1499
kangra,17,4,1,1484
kangra,17,4,1,1591
kangra,17,4,1,1494
kangra,17,4,1,1481
kangra,17,4,1,1481
kangra,17,4,1,1560
kangra,17,4,1,1314
kangra,17,4,1,1316
kangra,17,4,1,1501
kangra,17,4,1,1286
kangra,17,4,1,1573
kangra,17,4,1,1414
kangra,17,4,1,1316
kangra,17,4,1,1515
kangra,17,4,1,1321
kangra,17,4,1,1594
kangra,17,4,1,1602
kangra,17,4,1,1470
kangra,17,4,1,1237
kangra,17,4,1,1300
kangra,17,4,1,1406
kangra,17,4,1,1547
kangra,17,4,1,1267
kangra,17,4,1,1233
kangra,17,4,1,1221
kangra,17,4,1,1402
kangra,17,4,1,1561
kangra,17,4,1,1207
kangra,17,4,1,1279
kangra,17,4,1,1481
kangra,17,4,1,1536
kangra,17,4,1,1529
kangra,17,4,1,1519
kangra,17,4,1,1244
kangra,17,4,1,1356
kangra,17,4,1,1603
kangra,17,4,1,1605
kangra,17,4,1,1443
kangra,17,4,1,1487
kangra,17,4,1,1589
kangra,17,4,1,1378
kangra,17,4,1,1247
kangra,17,4,1,1470
kangra,17,4,1,1593
kangra,17,4,1,1482
kangra,17,4,1,1527
kangra,17,4,1,1367
kangra,17,4,1,1230
kangra,17,4,1,1260
kangra,17,4,1,1602
kangra,17,5,1,2235
kangra,17,5,1,1912
kangra,17,5,1,2546
kangra,17,5,1,2238
kangra,17,5,1,2465
kangra,17,5,1,2272
kangra,17,5,1,1972
kangra,17,5,1,2317
kangra,17,5,1,2574
kangra,17,5,1,1927
kangra,17,5,1,2469
kangra,17,5,1,2062
kangra,17,5,1,2168
kangra,17,5,1,2154
kangra,17,5,1,2507
kangra,17,5,1,2243
kangra,17,5,1,2204
kangra,17,5,1,2453
kangra,17,5,1,1936
kangra,17,5,1,1962
kangra,17,5,1,1918
kangra,17,5,1,2366
kangra,17,5,1,2257
kangra,17,5,1,2492
kangra,17,5,1,2239
kangra,17,5,1,2053
kangra,17,5,1,2445
kangra,17,5,1,2101
kangra,17,5,1,2532
kangra,17,5,1,2072
kangra,17,5,1,2016
kangra,17,5,1,2235
kangra,17,5,1,1937
kangra,17,5,1,1928
kangra,17,5,1,2237
kangra,17,5,1,2048
kangra,17,5,1,1910
kangra,17,5,1,2102
kangra,17,5,1,2224
kangra,17,5,1,2168
kangra,17,5,1,1995
kangra,17,5,1,2293
kangra,17,5,1,2381
kangra,17,5,1,2357
kangra,17,5,1,2168
kangra,17,5,1,1996
kangra,17,5,1,2239
kangra,17,5,1,2502
kangra,17,5,1,2218
kangra,17,5,1,2035
kangra,17,6,1,1966
kangra,17,6,1,2538
kangra,17,6,1,2403
kangra,17,6,1,2114
kangra,17,6,1,2102
kangra,17,6,1,2505
kangra,17,6,1,2023
kangra,17,6,1,2263
kangra,17,6,1,2383
kangra,17,6,1,2170
kangra,17,6,1,1930
kangra,17,6,1,2057
kangra,17,6,1,2510
kangra,17,6,1,2255
kangra,17,6,1,2451
kangra,17,6,1,2277
kangra,17,6,1,2538
kangra,17,6,1,2514
kangra,17,6,1,2228
kangra,17,6,1,2117
kangra,17,6,1,2308
kangra,17,6,1,2357
kangra,17,6,1,2238
kangra,17,6,1,2456
kangra,17,6,1,2027
kangra,17,6,1,2128
kangra,17,6,1,2365
kangra,17,6,1,2069
kangra,17,6,1,2199
kangra,17,6,1,2551
kangra,17,6,1,2324
kangra,17,6,1,2541
kangra,17,6,1,2389
kangra,17,6,1,2390
kangra,17,6,1,2301
kangra,17,6,1,1999
kangra,17,6,1,2253
kangra,17,6,1,2073
kangra,17,6,1,2575
kangra,17,6,1,2083
kangra,17,6,1,2059
kangra,17,6,1,2323
kangra,17,6,1,2247
kangra,17,6,1,1918
kangra,17,6,1,1991
kangra,17,6,1,2449
kangra,17,6,1,2229
kangra,17,6,1,2002
kangra,17,6,1,2216
kangra,17,6,1,2074
kangra,17,7,1,962
kangra,17,7,1,1194
kangra,17,7,1,1006
kangra,17,7,1,907
kangra,17,7,1,1198
kangra,17,7,1,1142
kangra,17,7,1,972
kangra,17,7,1,1021
kangra,17,7,1,1164
kangra,17,7,1,1005
kangra,17,7,1,1071
kangra,17,7,1,1060
kangra,17,7,1,1018
kangra,17,7,1,1093
kangra,17,7,1,1041
kangra,17,7,1,899
kangra,17,7,1,1149
kangra,17,7,1,928
kangra,17,7,1,1038
kangra,17,7,1,1075
kangra,17,7,1,1114
kangra,17,7,1,1021
kangra,17,7,1,1124
kangra,17,7,1,933
kangra,17,7,1,1098
kangra,17,7,1,1152
kangra,17,7,1,1172
kangra,17,7,1,1075
kangra,17,7,1,991
kangra,17,7,1,943
kangra,17,7,1,1001
kangra,17,7,1,1062
kangra,17,7,1,954
kangra,17,7,1,1192
kangra,17,7,1,1175
kangra,17,7,1,902
kangra,17,7,1,1069
kangra,17,7,1,1141
kangra,17,7,1,969
kangra,17,7,1,1057
kangra,17,7,1,1020
kangra,17,7,1,954
kangra,17,7,1,1086
kangra,17,7,1,1205
kangra,17,7,1,1007
kangra,17,7,1,1066
kangra,17,7,1,995
kangra,17,7,1,1168
kangra,17,7,1,1164
kangra,17,7,1,948
kangra,17,8,1,1175
kangra,17,8,1,940
kangra,17,8,1,922
kangra,17,8,1,1098
kangra,17,8,1,1014
kangra,17,8,1,1059
kangra,17,8,1,1098
kangra,17,8,1,909
kangra,17,8,1,984
kangra,17,8,1,1037
kangra,17,8,1,976
kangra,17,8,1,907
kangra,17,8,1,919
kangra,17,8,1,1145
kangra,17,8,1,1179
kangra,17,8,1,940
kangra,17,8,1,971
kangra,17,8,1,1097
kangra,17,8,1,1193
kangra,17,8,1,986
kangra,17,8,1,1161
kangra,17,8,1,1051
kangra,17,8,1,1193
kangra,17,8,1,935
kangra,17,8,1,1199
kangra,17,8,1,1031
kangra,17,8,1,1192
kangra,17,8,1,1036
kangra,17,8,1,1059
kangra,17,8,1,1146
kangra,17,8,1,1120
kangra,17,8,1,1087
kangra,17,8,1,1023
kangra,17,8,1,1142
kangra,17,8,1,1191
kangra,17,8,1,895
kangra,17,8,1,1077
kangra,17,8,1,1165
kangra,17,8,1,1098
kangra,17,8,1,1144
kangra,17,8,1,1174
kangra,17,8,1,1129
kangra,17,8,1,1118
kangra,17,8,1,1196
kangra,17,8,1,1164
kangra,17,8,1,1149
kangra,17,8,1,919
kangra,17,8,1,967
kangra,17,8,1,1067
kangra,17,8,1,1116
kangra,17,9,1,1317
kangra,17,9,1,1229
kangra,17,9,1,1320
kangra,17,9,1,1513
kangra,17,9,1,1558
kangra,17,9,1,1573
kangra,17,9,1,1349
kangra,17,9,1,1346
kangra,17,9,1,1360
kangra,17,9,1,1347
kangra,17,9,1,1469
kangra,17,9,1,1340
kangra,17,9,1,1198
kangra,17,9,1,1374
kangra,17,9,1,1284
kangra,17,9,1,1202
kangra,17,9,1,1387
kangra,17,9,1,1276
kangra,17,9,1,1380
kangra,17,9,1,1306
kangra,17,9,1,1443
kangra,17,9,1,1606
kangra,17,9,1,1419
kangra,17,9,1,1461
kangra,17,9,1,1576
kangra,17,9,1,1347
kangra,17,9,1,1259
kangra,17,9,1,1308
kangra,17,9,1,1359
kangra,17,9,1,1460
kangra,17,9,1,1191
kangra,17,9,1,1548
kangra,17,9,1,1221
kangra,17,9,1,1568
kangra,17,9,1,1588
kangra,17,9,1,1605
kangra,17,9,1,1529
kangra,17,9,1,1249
kangra,17,9,1,1486
kangra,17,9,1,1275
kangra,17,9,1,1566
kangra,17,9,1,1322
kangra,17,9,1,1327
kangra,17,9,1,1575
kangra,17,9,1,1195
kangra,17,9,1,1271
kangra,17,9,1,1367
kangra,17,9,1,1484
kangra,17,9,1,1461
kangra,17,9,1,1471
kangra,17,10,1,1559
kangra,17,10,1,1240
kangra,17,10,1,1409
kangra,17,10,1,1494
kangra,17,10,1,1457
kangra,17,10,1,1378
kangra,17,10,1,1197
kangra,17,10,1,1215
kangra,17,10,1,1239
kangra,17,10,1,1334
kangra,17,10,1,1239
kangra,17,10,1,1368
kangra,17,10,1,1265
kangra,17,10,1,1517
kangra,17,10,1,1556
kangra,17,10,1,1353
kangra,17,10,1,1404
kangra,17,10,1,1590
kangra,17,10,1,1414
kangra,17,10,1,1607
kangra,17,10,1,1249
kangra,17,10,1,1552
kangra,17,10,1,1398
kangra,17,10,1,1199
kangra,17,10,1,1598
kangra,17,10,1,1595
kangra,17,10,1,1350
kangra,17,10,1,1590
kangra,17,10,1,1249
kangra,17,10,1,1475
kangra,17,10,1,1270
kangra,17,10,1,1293
kangra,17,10,1,1517
kangra,17,10,1,1348
kangra,17,10,1,1192
kangra,17,10,1,1363
kangra,17,10,1,1285
kangra,17,10,1,1476
kangra,17,10,1,1271
kangra,17,10,1,1543
kangra,17,10,1,1302
kangra,17,10,1,1355
kangra,17,10,1,1315
kangra,17,10,1,1460
kangra,17,10,1,1232
kangra,17,10,1,1390
kangra,17,10,1,1330
kangra,17,10,1,1561
kangra,17,10,1,1220
kangra,17,10,1,1538
kangra,17,11,1,1260
kangra,17,11,1,1227
kangra,17,11,1,1274
kangra,17,11,1,1233
kangra,17,11,1,1408
kangra,17,11,1,1605
kangra,17,11,1,1204
kangra,17,11,1,1383
kangra,17,11,1,1352
kangra,17,11,1,1332
kangra,17,11,1,1329
kangra,17,11,1,1565
kangra,17,11,1,1197
kangra,17,11,1,1515
kangra,17,11,1,1296
kangra,17,11,1,1350
kangra,17,11,1,1366
kangra,17,11,1,1317
kangra,17,11,1,1229
kangra,17,11,1,1238
kangra,17,11,1,1315
kangra,17,11,1,1535
kangra,17,11,1,1246
kangra,17,11,1,1501
kangra,17,11,1,1311
kangra,17,11,1,1561
kangra,17,11,1,1369
kangra,17,11,1,1262
kangra,17,11,1,1604
kangra,17,11,1,1264
kangra,17,11,1,1428
kangra,17,11,1,1429
kangra,17,11,1,1346
kangra,17,11,1,1589
kangra,17,11,1,1544
kangra,17,11,1,1538
kangra,17,11,1,1599
kangra,17,11,1,1381
kangra,17,11,1,1230
kangra,17,11,1,1511
kangra,17,11,1,1349
kangra,17,11,1,1269
kangra,17,11,1,1392
kangra,17,11,1,1578
kangra,17,11,1,1261
kangra,17,11,1,1546
kangra,17,11,1,1365
kangra,17,11,1,1247
kangra,17,11,1,1546
kangra,17,11,1,1597
kangra,17,12,1,1837
kangra,17,12,1,1844
kangra,17,12,1,1895
kangra,17,12,1,2144
kangra,17,12,1,1672
kangra,17,12,1,1797
kangra,17,12,1,2081
kangra,17,12,1,1904
kangra,17,12,1,1860
kangra,17,12,1,2178
kangra,17,12,1,2205
kangra,17,12,1,2223
kangra,17,12,1,1826
kangra,17,12,1,2202
kangra,17,12,1,2099
kangra,17,12,1,1756
kangra,17,12,1,2024
kangra,17,12,1,1681
kangra,17,12,1,2082
kangra,17,12,1,2097
kangra,17,12,1,2130
kangra,17,12,1,1767
kangra,17,12,1,2035
kangra,17,12,1,1771
kangra,17,12,1,2222
kangra,17,12,1,2062
kangra,17,12,1,1722
kangra,17,12,1,1775
kangra,17,12,1,2056
kangra,17,12,1,1946
kangra,17,12,1,2098
kangra,17,12,1,1831
kangra,17,12,1,2052
kangra,17,12,1,1770
kangra,17,12,1,1985
kangra,17,12,1,2229
kangra,17,12,1,2035
kangra,17,12,1,1695
kangra,17,12,1,2247
kangra,17,12,1,1758
kangra,17,12,1,2088
kangra,17,12,1,1979
kangra,17,12,1,1839
kangra,17,12,1,1770
kangra,17,12,1,1770
kangra,17,12,1,2170
kangra,17,12,1,2179
kangra,17,12,1,1939
kangra,17,12,1,1726
kangra,17,12,1,2185
kangra,17,1,2,4880
kangra,17,1,2,4809
kangra,17,1,2,4763
kangra,17,1,2,4701
kangra,17,1,2,4938
kangra,17,1,2,5053
kangra,17,1,2,4850
kangra,17,1,2,5483
kangra,17,1,2,4631
kangra,17,1,2,5015
kangra,17,1,2,4605
kangra,17,1,2,5272
kangra,17,1,2,4315
kangra,17,1,2,4442
kangra,17,1,2,5342
kangra,17,1,2,4434
kangra,17,1,2,5084
kangra,17,1,2,5591
kangra,17,1,2,4933
kangra,17,1,2,4440
kangra,17,1,2,4636
kangra,17,1,2,5375
kangra,17,1,2,4681
kangra,17,1,2,5228
kangra,17,1,2,5307
kangra,17,1,2,4901
kangra,17,1,2,5316
kangra,17,1,2,4630
kangra,17,1,2,4923
kangra,17,1,2,5174
kangra,17,1,2,4412
kangra,17,1,2,4567
kangra,17,1,2,5123
kangra,17,1,2,5128
kangra,17,1,2,4890
kangra,17,1,2,5334
kangra,17,1,2,4873
kangra,17,1,2,5460
kangra,17,1,2,5246
kangra,17,1,2,4627
kangra,17,1,2,4746
kangra,17,1,2,5146
kangra,17,1,2,5479
kangra,17,1,2,4427
kangra,17,1,2,4921
kangra,17,1,2,4339
kangra,17,1,2,4575
kangra,17,1,2,5173
kangra,17,1,2,4279
kangra,17,1,2,5138
kangra,17,2,2,3920
kangra,17,2,2,3992
kangra,17,2,2,3202
kangra,17,2,2,3761
kangra,17,2,2,3947
kangra,17,2,2,3070
kangra,17,2,2,3409
kangra,17,2,2,3940
kangra,17,2,2,3187
kangra,17,2,2,3955
kangra,17,2,2,3528
kangra,17,2,2,3079
kangra,17,2,2,3447
kangra,17,2,2,3317
kangra,17,2,2,3271
kangra,17,2,2,3543
kangra,17,2,2,3482
kangra,17,2,2,3481
kangra,17,2,2,3067
kangra,17,2,2,3817
kangra,17,2,2,3480
kangra,17,2,2,3836
kangra,17,2,2,3840
kangra,17,2,2,3307
kangra,17,2,2,2979
kangra,17,2,2,3931
kangra,17,2,2,3773
kangra,17,2,2,3087
kangra,17,2,2,3711
kangra,17,2,2,2996
kangra,17,2,2,3004
kangra,17,2,2,3527
kangra,17,2,2,3075
kangra,17,2,2,3987
kangra,17,2,2,3913
kangra,17,2,2,3657
kangra,17,2,2,3041
kangra,17,2,2,3316
kangra,17,2,2,3365
kangra,17,2,2,3479
kangra,17,2,2,3152
kangra,17,2,2,3581
kangra,17,2,2,3432
kangra,17,2,2,3969
kangra,17,2,2,3958
kangra,17,2,2,3568
kangra,17,2,2,3651
kangra,17,2,2,3119
kangra,17,2,2,3209
kangra,17,2,2,3920
kangra,17,3,2,3709
kangra,17,3,2,3173
kangra,17,3,2,3573
kangra,17,3,2,3956
kangra,17,3,2,3337
kangra,17,3,2,3170
kangra,17,3,2,3964
kangra,17,3,2,3459
kangra,17,3,2,3413
kangra,17,3,2,3255
kangra,17,3,2,3911
kangra,17,3,2,3862
kangra,17,3,2,3398
kangra,17,3,2,3007
kangra,17,3,2,3443
kangra,17,3,2,3164
kangra,17,3,2,3124
kangra,17,3,2,3387
kangra,17,3,2,3079
kangra,17,3,2,3980
kangra,17,3,2,3024
kangra,17,3,2,3396
kangra,17,3,2,3145
kangra,17,3,2,3698
kangra,17,3,2,3057
kangra,17,3,2,3549
kangra,17,3,2,3786
kangra,17,3,2,3972
kangra,17,3,2,3708
kangra,17,3,2,3079
kangra,17,3,2,3067
kangra,17,3,2,3743
kangra,17,3,2,3201
kangra,17,3,2,3444
kangra,17,3,2,4000
kangra,17,3,2,3835
kangra,17,3,2,3863
kangra,17,3,2,3878
kangra,17,3,2,3625
kangra,17,3,2,3756
kangra,17,3,2,3351
kangra,17,3,2,4023
kangra,17,3,2,3268
kangra,17,3,2,3594
kangra,17,3,2,3271
kangra,17,3,2,3092
kangra,17,3,2,3570
kangra,17,3,2,3346
kangra,17,3,2,3587
kangra,17,3,2,3561
kangra,17,4,2,3544
kangra,17,4,2,3104
kangra,17,4,2,3437
kangra,17,4,2,3827
kangra,17,4,2,3305
kangra,17,4,2,3441
kangra,17,4,2,3493
kangra,17,4,2,3880
kangra,17,4,2,3663
kangra,17,4,2,3080
kangra,17,4,2,3883
kangra,17,4,2,3848
kangra,17,4,2,3766
kangra,17,4,2,3464
kangra,17,4,2,3770
kangra,17,4,2,3477
kangra,17,4,2,3748
kangra,17,4,2,3899
kangra,17,4,2,3910
kangra,17,4,2,3452
kangra,17,4,2,3877
kangra,17,4,2,3081
kangra,17,4,2,3081
kangra,17,4,2,3550
kangra,17,4,2,3659
kangra,17,4,2,3135
kangra,17,4,2,3470
kangra,17,4,2,3074
kangra,17,4,2,3607
kangra,17,4,2,3872
kangra,17,4,2,3749
kangra,17,4,2,3372
kangra,17,4,2,4018
kangra,17,4,2,3671
kangra,17,4,2,3831
kangra,17,4,2,3678
kangra,17,4,2,4013
kangra,17,4,2,3837
kangra,17,4,2,3520
kangra,17,4,2,3360
kangra,17,4,2,3691
kangra,17,4,2,3594
kangra,17,4,2,3635
kangra,17,4,2,3335
kangra,17,4,2,3425
kangra,17,4,2,3561
kangra,17,4,2,3856
kangra,17,4,2,3776
kangra,17,4,2,3099
kangra,17,4,2,3232
kangra,17,5,2,4804
kangra,17,5,2,4773
kangra,17,5,2,5136
kangra,17,5,2,6102
kangra,17,5,2,6279
kangra,17,5,2,5418
kangra,17,5,2,5706
kangra,17,5,2,5946
kangra,17,5,2,6360
kangra,17,5,2,6293
kangra,17,5,2,4856
kangra,17,5,2,5176
kangra,17,5,2,4842
kangra,17,5,2,5795
kangra,17,5,2,5953
kangra,17,5,2,5277
kangra,17,5,2,6194
kangra,17,5,2,5520
kangra,17,5,2,6437
kangra,17,5,2,4760
kangra,17,5,2,4943
kangra,17,5,2,5267
kangra,17,5,2,4802
kangra,17,5,2,6074
kangra,17,5,2,4848
kangra,17,5,2,6018
kangra,17,5,2,4848
kangra,17,5,2,5184
kangra,17,5,2,6173
kangra,17,5,2,6357
kangra,17,5,2,5456
kangra,17,5,2,6389
kangra,17,5,2,5813
kangra,17,5,2,5458
kangra,17,5,2,6108
kangra,17,5,2,5256
kangra,17,5,2,5206
kangra,17,5,2,5863
kangra,17,5,2,5416
kangra,17,5,2,4988
kangra,17,5,2,4872
kangra,17,5,2,6083
kangra,17,5,2,5895
kangra,17,5,2,5451
kangra,17,5,2,6265
kangra,17,5,2,5450
kangra,17,5,2,5953
kangra,17,5,2,6287
kangra,17,5,2,6172
kangra,17,5,2,5618
kangra,17,6,2,5903
kangra,17,6,2,5454
kangra,17,6,2,5847
kangra,17,6,2,5192
kangra,17,6,2,5490
kangra,17,6,2,5112
kangra,17,6,2,4824
kangra,17,6,2,5748
kangra,17,6,2,6212
kangra,17,6,2,4802
kangra,17,6,2,5089
kangra,17,6,2,5533
kangra,17,6,2,5878
kangra,17,6,2,5047
kangra,17,6,2,4855
kangra,17,6,2,5632
kangra,17,6,2,6135
kangra,17,6,2,4819
kangra,17,6,2,5346
kangra,17,6,2,5874
kangra,17,6,2,4979
kangra,17,6,2,5156
kangra,17,6,2,5659
kangra,17,6,2,6361
kangra,17,6,2,5242
kangra,17,6,2,5579
kangra,17,6,2,5431
kangra,17,6,2,6267
kangra,17,6,2,4880
kangra,17,6,2,5711
kangra,17,6,2,6181
kangra,17,6,2,6420
kangra,17,6,2,5933
kangra,17,6,2,5398
kangra,17,6,2,5451
kangra,17,6,2,5350
kangra,17,6,2,5774
kangra,17,6,2,6002
kangra,17,6,2,6136
kangra,17,6,2,5459
kangra,17,6,2,5964
kangra,17,6,2,6299
kangra,17,6,2,6306
kangra,17,6,2,5942
kangra,17,6,2,5829
kangra,17,6,2,5652
kangra,17,6,2,5067
kangra,17,6,2,4967
kangra,17,6,2,5575
kangra,17,6,2,5027
kangra,17,7,2,2685
kangra,17,7,2,2739
kangra,17,7,2,2645
kangra,17,7,2,2259
kangra,17,7,2,2276
kangra,17,7,2,2320
kangra,17,7,2,2352
kangra,17,7,2,3010
kangra,17,7,2,2502
kangra,17,7,2,2461
kangra,17,7,2,2272
kangra,17,7,2,2731
kangra,17,7,2,2744
kangra,17,7,2,2369
kangra,17,7,2,2955
kangra,17,7,2,2861
kangra,17,7,2,2412
kangra,17,7,2,2613
kangra,17,7,2,2592
kangra,17,7,2,2505
kangra,17,7,2,2875
kangra,17,7,2,2317
kangra,17,7,2,2558
kangra,17,7,2,2568
kangra,17,7,2,2600
kangra,17,7,2,2909
kangra,17,7,2,2403
kangra,17,7,2,2312
kangra,17,7,2,2717
kangra,17,7,2,2368
kangra,17,7,2,2290
kangra,17,7,2,2567
kangra,17,7,2,2404
kangra,17,7,2,2515
kangra,17,7,2,2435
kangra,17,7,2,2304
kangra,17,7,2,2672
kangra,17,7,2,2252
kangra,17,7,2,2992
kangra,17,7,2,2500
kangra,17,7,2,2778
kangra,17,7,2,2869
kangra,17,7,2,2451
kangra,17,7,2,2820
kangra,17,7,2,2886
kangra,17,7,2,2421
kangra,17,7,2,3012
kangra,17,7,2,2247
kangra,17,7,2,2402
kangra,17,7,2,2845
kangra,17,8,2,2384
kangra,17,8,2,2781
kangra,17,8,2,2904
kangra,17,8,2,2986
kangra,17,8,2,2604
kangra,17,8,2,2995
kangra,17,8,2,2555
kangra,17,8,2,2403
kangra,17,8,2,2635
kangra,17,8,2,2742
kangra,17,8,2,2591
kangra,17,8,2,2677
kangra,17,8,2,2559
kangra,17,8,2,2644
kangra,17,8,2,2981
kangra,17,8,2,2624
kangra,17,8,2,2430
kangra,17,8,2,2828
kangra,17,8,2,2497
kangra,17,8,2,2874
kangra,17,8,2,2276
kangra,17,8,2,2492
kangra,17,8,2,2305
kangra,17,8,2,2298
kangra,17,8,2,2749
kangra,17,8,2,2534
kangra,17,8,2,2917
kangra,17,8,2,2637
kangra,17,8,2,2463
kangra,17,8,2,2798
kangra,17,8,2,2722
kangra,17,8,2,2860
kangra,17,8,2,2738
kangra,17,8,2,2362
kangra,17,8,2,2759
kangra,17,8,2,2539
kangra,17,8,2,2595
kangra,17,8,2,2956
kangra,17,8,2,2514
kangra,17,8,2,2713
kangra,17,8,2,2517
kangra,17,8,2,2305
kangra,17,8,2,2588
kangra,17,8,2,2701
kangra,17,8,2,2552
kangra,17,8,2,2538
kangra,17,8,2,2877
kangra,17,8,2,2254
kangra,17,8,2,2464
kangra,17,8,2,2870
kangra,17,9,2,3941
kangra,17,9,2,3407
kangra,17,9,2,3908
kangra,17,9,2,3183
kangra,17,9,2,3207
kangra,17,9,2,3863
kangra,17,9,2,3923
kangra,17,9,2,3208
kangra,17,9,2,3037
kangra,17,9,2,3069
kangra,17,9,2,3249
kangra,17,9,2,3774
kangra,17,9,2,3510
kangra,17,9,2,3453
kangra,17,9,2,3588
kangra,17,9,2,3909
kangra,17,9,2,3069
kangra,17,9,2,3704
kangra,17,9,2,3948
kangra,17,9,2,3199
kangra,17,9,2,3854
kangra,17,9,2,3707
kangra,17,9,2,2990
kangra,17,9,2,3218
kangra,17,9,2,3611
kangra,17,9,2,3502
kangra,17,9,2,3529
kangra,17,9,2,3218
kangra,17,9,2,3683
kangra,17,9,2,3254
kangra,17,9,2,3383
kangra,17,9,2,3362
kangra,17,9,2,3680
kangra,17,9,2,3069
kangra,17,9,2,3190
kangra,17,9,2,3185
kangra,17,9,2,3088
kangra,17,9,2,3192
kangra,17,9,2,3612
kangra,17,9,2,3743
kangra,17,9,2,3668
kangra,17,9,2,3473
kangra,17,9,2,3030
kangra,17,9,2,3981
kangra,17,9,2,3151
kangra,17,9,2,3676
kangra,17,9,2,3933
kangra,17,9,2,3707
kangra,17,9,2,3203
kangra,17,9,2,3306
kangra,17,10,2,3006
kangra,17,10,2,3618
kangra,17,10,2,3618
kangra,17,10,2,3736
kangra,17,10,2,2986
kangra,17,10,2,3833
kangra,17,10,2,3750
kangra,17,10,2,3122
kangra,17,10,2,3340
kangra,17,10,2,3645
kangra,17,10,2,3495
kangra,17,10,2,3095
kangra,17,10,2,3066
kangra,17,10,2,3795
kangra,17,10,2,3138
kangra,17,10,2,3155
kangra,17,10,2,3847
kangra,17,10,2,3617
kangra,17,10,2,3609
kangra,17,10,2,3478
kangra,17,10,2,3572
kangra,17,10,2,3606
kangra,17,10,2,3991
kangra,17,10,2,3209
kangra,17,10,2,3200
kangra,17,10,2,3035
kangra,17,10,2,3666
kangra,17,10,2,3551
kangra,17,10,2,3091
kangra,17,10,2,3357
kangra,17,10,2,3162
kangra,17,10,2,3323
kangra,17,10,2,3973
kangra,17,10,2,3692
kangra,17,10,2,2982
kangra,17,10,2,3240
kangra,17,10,2,2985
kangra,17,10,2,3725
kangra,17,10,2,3467
kangra,17,10,2,4018
kangra,17,10,2,3745
kangra,17,10,2,3518
kangra,17,10,2,3819
kangra,17,10,2,3715
kangra,17,10,2,3230
kangra,17,10,2,3531
kangra,17,10,2,3558
kangra,17,10,2,3448
kangra,17,10,2,3163
kangra,17,10,2,3209
kangra,17,11,2,3270
kangra,17,11,2,2985
kangra,17,11,2,3937
kangra,17,11,2,3695
kangra,17,11,2,3699
kangra,17,11,2,3575
kangra,17,11,2,3698
kangra,17,11,2,4005
kangra,17,11,2,3379
kangra,17,11,2,3723
kangra,17,11,2,3352
kangra,17,11,2,3872
kangra,17,11,2,3875
kangra,17,11,2,3922
kangra,17,11,2,2980
kangra,17,11,2,3288
kangra,17,11,2,3115
kangra,17,11,2,3451
kangra,17,11,2,3495
kangra,17,11,2,3243
kangra,17,11,2,3734
kangra,17,11,2,3258
kangra,17,11,2,3871
kangra,17,11,2,3161
kangra,17,11,2,3360
kangra,17,11,2,3628
kangra,17,11,2,3610
kangra,17,11,2,3056
kangra,17,11,2,3863
kangra,17,11,2,3602
kangra,17,11,2,3888
kangra,17,11,2,3886
kangra,17,11,2,3548
kangra,17,11,2,3931
kangra,17,11,2,3865
kangra,17,11,2,3981
kangra,17,11,2,3868
kangra,17,11,2,3837
kangra,17,11,2,3467
kangra,17,11,2,3197
kangra,17,11,2,3931
kangra,17,11,2,3733
kangra,17,11,2,3270
kangra,17,11,2,3333
kangra,17,11,2,3695
kangra,17,11,2,3476
kangra,17,11,2,3060
kangra,17,11,2,3123
kangra,17,11,2,3757
kangra,17,11,2,3319
kangra,17,12,2,4911
kangra,17,12,2,5291
kangra,17,12,2,5269
kangra,17,12,2,4410
kangra,17,12,2,4309
kangra,17,12,2,5033
kangra,17,12,2,5255
kangra,17,12,2,4384
kangra,17,12,2,4711
kangra,17,12,2,5444
kangra,17,12,2,5553
kangra,17,12,2,4832
kangra,17,12,2,4281
kangra,17,12,2,4543
kangra,17,12,2,4507
kangra,17,12,2,4516
kangra,17,12,2,4891
kangra,17,12,2,5022
kangra,17,12,2,4345
kangra,17,12,2,5472
kangra,17,12,2,5076
kangra,17,12,2,5042
kangra,17,12,2,5616
kangra,17,12,2,5088
kangra,17,12,2,5530
kangra,17,12,2,4585
kangra,17,12,2,4517
kangra,17,12,2,4924
kangra,17,12,2,4912
kangra,17,12,2,4497
kangra,17,12,2,5193
kangra,17,12,2,4208
kangra,17,12,2,5180
kangra,17,12,2,4837
kangra,17,12,2,5177
kangra,17,12,2,4866
kangra,17,12,2,5601
kangra,17,12,2,4656
kangra,17,12,2,5609
kangra,17,12,2,4260
kangra,17,12,2,5170
kangra,17,12,2,4832
kangra,17,12,2,5373
kangra,17,12,2,5325
kangra,17,12,2,5341
kangra,17,12,2,4304
kangra,17,12,2,5373
kangra,17,12,2,4479
kangra,17,12,2,4202
kangra,17,12,2,4485
