origin_clean,dest_clean,distance_km,max_altitude_m,month,time_of_day,weather_condition,fleet_type,fleet_code,duration_hours,fare_inr
chandigarh,shimla,112,1500,1,6,0,HRTC Ordinary,0,3.5,162
chandigarh,shimla,112,1500,1,10,0,HRTC Ordinary,0,3.5,162
chandigarh,shimla,112,1500,1,14,0,HRTC Ordinary,0,3.5,162
chandigarh,shimla,112,1500,1,19,0,HRTC Ordinary,0,4.0,162
chandigarh,shimla,112,1500,2,6,0,HRTC Ordinary,0,3.5,162
chandigarh,shimla,112,1500,2,10,0,HRTC Ordinary,0,3.5,162
chandigarh,shimla,112,1500,2,14,0,HRTC Ordinary,0,3.5,162
chandigarh,shimla,112,1500,2,19,0,HRTC Ordinary,0,4.0,162
chandigarh,shimla,112,1500,3,6,0,HRTC Ordinary,0,3.5,162
chandigarh,shimla,112,1500,3,10,0,HRTC Ordinary,0,3.5,162
chandigarh,shimla,112,1500,3,14,0,HRTC Ordinary,0,3.5,162
chandigarh,shimla,112,1500,3,19,0,HRTC Ordinary,0,4.0,162
chandigarh,shimla,112,1500,4,6,0,HRTC Ordinary,0,3.5,162
chandigarh,shimla,112,1500,4,10,0,HRTC Ordinary,0,3.5,162
chandigarh,shimla,112,1500,4,14,0,HRTC Ordinary,0,3.5,162
chandigarh,shimla,112,1500,4,19,0,HRTC Ordinary,0,4.0,162
chandigarh,shimla,112,1500,5,6,0,HRTC Ordinary,0,3.5,162
chandigarh,shimla,112,1500,5,10,0,HRTC Ordinary,0,3.5,162
chandigarh,shimla,112,1500,5,14,0,HRTC Ordinary,0,3.5,162
chandigarh,shimla,112,1500,5,19,0,HRTC Ordinary,0,4.0,162
chandigarh,shimla,112,1500,6,6,0,HRTC Ordinary,0,3.5,162
chandigarh,shimla,112,1500,6,10,0,HRTC Ordinary,0,3.5,162
chandigarh,shimla,112,1500,6,14,0,HRTC Ordinary,0,3.5,162
chandigarh,shimla,112,1500,6,19,0,HRTC Ordinary,0,4.0,162
chandigarh,shimla,112,1500,7,6,0,HRTC Ordinary,0,3.5,162
chandigarh,shimla,112,1500,7,10,2,HRTC Ordinary,0,7.0,162
chandigarh,shimla,112,1500,7,14,1,HRTC Ordinary,0,4.5,162
chandigarh,shimla,112,1500,7,19,1,HRTC Ordinary,0,5.0,162
chandigarh,shimla,112,1500,8,6,0,HRTC Ordinary,0,3.5,162
chandigarh,shimla,112,1500,8,10,0,HRTC Ordinary,0,3.5,162
chandigarh,shimla,112,1500,8,14,0,HRTC Ordinary,0,3.5,162
chandigarh,shimla,112,1500,8,19,2,HRTC Ordinary,0,7.5,162
chandigarh,shimla,112,1500,9,6,0,HRTC Ordinary,0,3.5,162
chandigarh,shimla,112,1500,9,10,0,HRTC Ordinary,0,3.5,162
chandigarh,shimla,112,1500,9,14,0,HRTC Ordinary,0,3.5,162
chandigarh,shimla,112,1500,9,19,0,HRTC Ordinary,0,4.0,162
chandigarh,shimla,112,1500,10,6,0,HRTC Ordinary,0,3.5,162
chandigarh,shimla,112,1500,10,10,0,HRTC Ordinary,0,3.5,162
chandigarh,shimla,112,1500,10,14,0,HRTC Ordinary,0,3.5,162
chandigarh,shimla,112,1500,10,19,0,HRTC Ordinary,0,4.0,162
chandigarh,shimla,112,1500,11,6,0,HRTC Ordinary,0,3.5,162
chandigarh,shimla,112,1500,11,10,0,HRTC Ordinary,0,3.5,162
chandigarh,shimla,112,1500,11,14,0,HRTC Ordinary,0,3.5,162
chandigarh,shimla,112,1500,11,19,0,HRTC Ordinary,0,4.0,162
chandigarh,shimla,112,1500,12,6,0,HRTC Ordinary,0,3.5,162
chandigarh,shimla,112,1500,12,10,0,HRTC Ordinary,0,3.5,162
chandigarh,shimla,112,1500,12,14,0,HRTC Ordinary,0,3.5,162
chandigarh,shimla,112,1500,12,19,0,HRTC Ordinary,0,4.0,162
chandigarh,shimla,112,1500,1,6,0,HRTC Himgaura AC,1,3.5,235
chandigarh,shimla,112,1500,1,10,0,HRTC Himgaura AC,1,3.5,235
chandigarh,shimla,112,1500,1,14,0,HRTC Himgaura AC,1,3.5,235
chandigarh,shimla,112,1500,1,19,0,HRTC Himgaura AC,1,4.0,235
chandigarh,shimla,112,1500,2,6,0,HRTC Himgaura AC,1,3.5,235
chandigarh,shimla,112,1500,2,10,0,HRTC Himgaura AC,1,3.5,235
chandigarh,shimla,112,1500,2,14,0,HRTC Himgaura AC,1,3.5,235
chandigarh,shimla,112,1500,2,19,0,HRTC Himgaura AC,1,4.0,235
chandigarh,shimla,112,1500,3,6,0,HRTC Himgaura AC,1,3.5,235
chandigarh,shimla,112,1500,3,10,0,HRTC Himgaura AC,1,3.5,235
chandigarh,shimla,112,1500,3,14,0,HRTC Himgaura AC,1,3.5,235
chandigarh,shimla,112,1500,3,19,0,HRTC Himgaura AC,1,4.0,235
chandigarh,shimla,112,1500,4,6,0,HRTC Himgaura AC,1,3.5,235
chandigarh,shimla,112,1500,4,10,0,HRTC Himgaura AC,1,3.5,235
chandigarh,shimla,112,1500,4,14,0,HRTC Himgaura AC,1,3.5,235
chandigarh,shimla,112,1500,4,19,0,HRTC Himgaura AC,1,4.0,235
chandigarh,shimla,112,1500,5,6,0,HRTC Himgaura AC,1,3.5,235
chandigarh,shimla,112,1500,5,10,0,HRTC Himgaura AC,1,3.5,235
chandigarh,shimla,112,1500,5,14,0,HRTC Himgaura AC,1,3.5,235
chandigarh,shimla,112,1500,5,19,0,HRTC Himgaura AC,1,4.0,235
chandigarh,shimla,112,1500,6,6,0,HRTC Himgaura AC,1,3.5,235
chandigarh,shimla,112,1500,6,10,0,HRTC Himgaura AC,1,3.5,235
chandigarh,shimla,112,1500,6,14,0,HRTC Himgaura AC,1,3.5,235
chandigarh,shimla,112,1500,6,19,0,HRTC Himgaura AC,1,4.0,235
chandigarh,shimla,112,1500,7,6,1,HRTC Himgaura AC,1,4.5,235
chandigarh,shimla,112,1500,7,10,1,HRTC Himgaura AC,1,4.5,235
chandigarh,shimla,112,1500,7,14,0,HRTC Himgaura AC,1,3.5,235
chandigarh,shimla,112,1500,7,19,2,HRTC Himgaura AC,1,7.5,235
chandigarh,shimla,112,1500,8,6,2,HRTC Himgaura AC,1,7.0,235
chandigarh,shimla,112,1500,8,10,0,HRTC Himgaura AC,1,3.5,235
chandigarh,shimla,112,1500,8,14,0,HRTC Himgaura AC,1,3.5,235
chandigarh,shimla,112,1500,8,19,0,HRTC Himgaura AC,1,4.0,235
chandigarh,shimla,112,1500,9,6,0,HRTC Himgaura AC,1,3.5,235
chandigarh,shimla,112,1500,9,10,0,HRTC Himgaura AC,1,3.5,235
chandigarh,shimla,112,1500,9,14,0,HRTC Himgaura AC,1,3.5,235
chandigarh,shimla,112,1500,9,19,0,HRTC Himgaura AC,1,4.0,235
chandigarh,shimla,112,1500,10,6,0,HRTC Himgaura AC,1,3.5,235
chandigarh,shimla,112,1500,10,10,0,HRTC Himgaura AC,1,3.5,235
chandigarh,shimla,112,1500,10,14,0,HRTC Himgaura AC,1,3.5,235
chandigarh,shimla,112,1500,10,19,0,HRTC Himgaura AC,1,4.0,235
chandigarh,shimla,112,1500,11,6,0,HRTC Himgaura AC,1,3.5,235
chandigarh,shimla,112,1500,11,10,0,HRTC Himgaura AC,1,3.5,235
chandigarh,shimla,112,1500,11,14,0,HRTC Himgaura AC,1,3.5,235
chandigarh,shimla,112,1500,11,19,0,HRTC Himgaura AC,1,4.0,235
chandigarh,shimla,112,1500,12,6,0,HRTC Himgaura AC,1,3.5,235
chandigarh,shimla,112,1500,12,10,0,HRTC Himgaura AC,1,3.5,235
chandigarh,shimla,112,1500,12,14,0,HRTC Himgaura AC,1,3.5,235
chandigarh,shimla,112,1500,12,19,0,HRTC Himgaura AC,1,4.0,235
chandigarh,shimla,112,1500,1,6,0,HRTC Himsuta Volvo,2,3.0,358
chandigarh,shimla,112,1500,1,10,0,HRTC Himsuta Volvo,2,3.0,358
chandigarh,shimla,112,1500,1,14,0,HRTC Himsuta Volvo,2,3.0,358
chandigarh,shimla,112,1500,1,19,0,HRTC Himsuta Volvo,2,3.5,358
chandigarh,shimla,112,1500,2,6,0,HRTC Himsuta Volvo,2,3.0,358
chandigarh,shimla,112,1500,2,10,0,HRTC Himsuta Volvo,2,3.0,358
chandigarh,shimla,112,1500,2,14,0,HRTC Himsuta Volvo,2,3.0,358
chandigarh,shimla,112,1500,2,19,0,HRTC Himsuta Volvo,2,3.5,358
chandigarh,shimla,112,1500,3,6,0,HRTC Himsuta Volvo,2,3.0,358
chandigarh,shimla,112,1500,3,10,0,HRTC Himsuta Volvo,2,3.0,358
chandigarh,shimla,112,1500,3,14,0,HRTC Himsuta Volvo,2,3.0,358
chandigarh,shimla,112,1500,3,19,0,HRTC Himsuta Volvo,2,3.5,358
chandigarh,shimla,112,1500,4,6,0,HRTC Himsuta Volvo,2,3.0,358
chandigarh,shimla,112,1500,4,10,0,HRTC Himsuta Volvo,2,3.0,358
chandigarh,shimla,112,1500,4,14,0,HRTC Himsuta Volvo,2,3.0,358
chandigarh,shimla,112,1500,4,19,0,HRTC Himsuta Volvo,2,3.5,358
chandigarh,shimla,112,1500,5,6,0,HRTC Himsuta Volvo,2,3.0,358
chandigarh,shimla,112,1500,5,10,0,HRTC Himsuta Volvo,2,3.0,358
chandigarh,shimla,112,1500,5,14,0,HRTC Himsuta Volvo,2,3.0,358
chandigarh,shimla,112,1500,5,19,0,HRTC Himsuta Volvo,2,3.5,358
chandigarh,shimla,112,1500,6,6,0,HRTC Himsuta Volvo,2,3.0,358
chandigarh,shimla,112,1500,6,10,0,HRTC Himsuta Volvo,2,3.0,358
chandigarh,shimla,112,1500,6,14,0,HRTC Himsuta Volvo,2,3.0,358
chandigarh,shimla,112,1500,6,19,0,HRTC Himsuta Volvo,2,3.5,358
chandigarh,shimla,112,1500,7,6,0,HRTC Himsuta Volvo,2,3.0,358
chandigarh,shimla,112,1500,7,10,1,HRTC Himsuta Volvo,2,4.0,358
chandigarh,shimla,112,1500,7,14,1,HRTC Himsuta Volvo,2,4.0,358
chandigarh,shimla,112,1500,7,19,0,HRTC Himsuta Volvo,2,3.5,358
chandigarh,shimla,112,1500,8,6,1,HRTC Himsuta Volvo,2,4.0,358
chandigarh,shimla,112,1500,8,10,0,HRTC Himsuta Volvo,2,3.0,358
chandigarh,shimla,112,1500,8,14,0,HRTC Himsuta Volvo,2,3.0,358
chandigarh,shimla,112,1500,8,19,0,HRTC Himsuta Volvo,2,3.5,358
chandigarh,shimla,112,1500,9,6,0,HRTC Himsuta Volvo,2,3.0,358
chandigarh,shimla,112,1500,9,10,0,HRTC Himsuta Volvo,2,3.0,358
chandigarh,shimla,112,1500,9,14,0,HRTC Himsuta Volvo,2,3.0,358
chandigarh,shimla,112,1500,9,19,0,HRTC Himsuta Volvo,2,3.5,358
chandigarh,shimla,112,1500,10,6,0,HRTC Himsuta Volvo,2,3.0,358
chandigarh,shimla,112,1500,10,10,0,HRTC Himsuta Volvo,2,3.0,358
chandigarh,shimla,112,1500,10,14,0,HRTC Himsuta Volvo,2,3.0,358
chandigarh,shimla,112,1500,10,19,0,HRTC Himsuta Volvo,2,3.5,358
chandigarh,shimla,112,1500,11,6,0,HRTC Himsuta Volvo,2,3.0,358
chandigarh,shimla,112,1500,11,10,0,HRTC Himsuta Volvo,2,3.0,358
chandigarh,shimla,112,1500,11,14,0,HRTC Himsuta Volvo,2,3.0,358
chandigarh,shimla,112,1500,11,19,0,HRTC Himsuta Volvo,2,3.5,358
chandigarh,shimla,112,1500,12,6,0,HRTC Himsuta Volvo,2,3.0,358
chandigarh,shimla,112,1500,12,10,0,HRTC Himsuta Volvo,2,3.0,358
chandigarh,shimla,112,1500,12,14,0,HRTC Himsuta Volvo,2,3.0,358
chandigarh,shimla,112,1500,12,19,0,HRTC Himsuta Volvo,2,3.5,358
shimla,chandigarh,112,1500,1,6,0,HRTC Ordinary,0,3.5,162
shimla,chandigarh,112,1500,1,10,0,HRTC Ordinary,0,3.5,162
shimla,chandigarh,112,1500,1,14,0,HRTC Ordinary,0,3.5,162
shimla,chandigarh,112,1500,1,19,0,HRTC Ordinary,0,4.0,162
shimla,chandigarh,112,1500,2,6,0,HRTC Ordinary,0,3.5,162
shimla,chandigarh,112,1500,2,10,0,HRTC Ordinary,0,3.5,162
shimla,chandigarh,112,1500,2,14,0,HRTC Ordinary,0,3.5,162
shimla,chandigarh,112,1500,2,19,0,HRTC Ordinary,0,4.0,162
shimla,chandigarh,112,1500,3,6,0,HRTC Ordinary,0,3.5,162
shimla,chandigarh,112,1500,3,10,0,HRTC Ordinary,0,3.5,162
shimla,chandigarh,112,1500,3,14,0,HRTC Ordinary,0,3.5,162
shimla,chandigarh,112,1500,3,19,0,HRTC Ordinary,0,4.0,162
shimla,chandigarh,112,1500,4,6,0,HRTC Ordinary,0,3.5,162
shimla,chandigarh,112,1500,4,10,0,HRTC Ordinary,0,3.5,162
shimla,chandigarh,112,1500,4,14,0,HRTC Ordinary,0,3.5,162
shimla,chandigarh,112,1500,4,19,0,HRTC Ordinary,0,4.0,162
shimla,chandigarh,112,1500,5,6,0,HRTC Ordinary,0,3.5,162
shimla,chandigarh,112,1500,5,10,0,HRTC Ordinary,0,3.5,162
shimla,chandigarh,112,1500,5,14,0,HRTC Ordinary,0,3.5,162
shimla,chandigarh,112,1500,5,19,0,HRTC Ordinary,0,4.0,162
shimla,chandigarh,112,1500,6,6,0,HRTC Ordinary,0,3.5,162
shimla,chandigarh,112,1500,6,10,0,HRTC Ordinary,0,3.5,162
shimla,chandigarh,112,1500,6,14,0,HRTC Ordinary,0,3.5,162
shimla,chandigarh,112,1500,6,19,0,HRTC Ordinary,0,4.0,162
shimla,chandigarh,112,1500,7,6,1,HRTC Ordinary,0,4.5,162
shimla,chandigarh,112,1500,7,10,1,HRTC Ordinary,0,4.5,162
shimla,chandigarh,112,1500,7,14,0,HRTC Ordinary,0,3.5,162
shimla,chandigarh,112,1500,7,19,1,HRTC Ordinary,0,5.0,162
shimla,chandigarh,112,1500,8,6,1,HRTC Ordinary,0,4.5,162
shimla,chandigarh,112,1500,8,10,0,HRTC Ordinary,0,3.5,162
shimla,chandigarh,112,1500,8,14,1,HRTC Ordinary,0,4.5,162
shimla,chandigarh,112,1500,8,19,0,HRTC Ordinary,0,4.0,162
shimla,chandigarh,112,1500,9,6,0,HRTC Ordinary,0,3.5,162
shimla,chandigarh,112,1500,9,10,0,HRTC Ordinary,0,3.5,162
shimla,chandigarh,112,1500,9,14,0,HRTC Ordinary,0,3.5,162
shimla,chandigarh,112,1500,9,19,0,HRTC Ordinary,0,4.0,162
shimla,chandigarh,112,1500,10,6,0,HRTC Ordinary,0,3.5,162
shimla,chandigarh,112,1500,10,10,0,HRTC Ordinary,0,3.5,162
shimla,chandigarh,112,1500,10,14,0,HRTC Ordinary,0,3.5,162
shimla,chandigarh,112,1500,10,19,0,HRTC Ordinary,0,4.0,162
shimla,chandigarh,112,1500,11,6,0,HRTC Ordinary,0,3.5,162
shimla,chandigarh,112,1500,11,10,0,HRTC Ordinary,0,3.5,162
shimla,chandigarh,112,1500,11,14,0,HRTC Ordinary,0,3.5,162
shimla,chandigarh,112,1500,11,19,0,HRTC Ordinary,0,4.0,162
shimla,chandigarh,112,1500,12,6,0,HRTC Ordinary,0,3.5,162
shimla,chandigarh,112,1500,12,10,0,HRTC Ordinary,0,3.5,162
shimla,chandigarh,112,1500,12,14,0,HRTC Ordinary,0,3.5,162
shimla,chandigarh,112,1500,12,19,0,HRTC Ordinary,0,4.0,162
shimla,chandigarh,112,1500,1,6,0,HRTC Himgaura AC,1,3.5,235
shimla,chandigarh,112,1500,1,10,0,HRTC Himgaura AC,1,3.5,235
shimla,chandigarh,112,1500,1,14,0,HRTC Himgaura AC,1,3.5,235
shimla,chandigarh,112,1500,1,19,0,HRTC Himgaura AC,1,4.0,235
shimla,chandigarh,112,1500,2,6,0,HRTC Himgaura AC,1,3.5,235
shimla,chandigarh,112,1500,2,10,0,HRTC Himgaura AC,1,3.5,235
shimla,chandigarh,112,1500,2,14,0,HRTC Himgaura AC,1,3.5,235
shimla,chandigarh,112,1500,2,19,0,HRTC Himgaura AC,1,4.0,235
shimla,chandigarh,112,1500,3,6,0,HRTC Himgaura AC,1,3.5,235
shimla,chandigarh,112,1500,3,10,0,HRTC Himgaura AC,1,3.5,235
shimla,chandigarh,112,1500,3,14,0,HRTC Himgaura AC,1,3.5,235
shimla,chandigarh,112,1500,3,19,0,HRTC Himgaura AC,1,4.0,235
shimla,chandigarh,112,1500,4,6,0,HRTC Himgaura AC,1,3.5,235
shimla,chandigarh,112,1500,4,10,0,HRTC Himgaura AC,1,3.5,235
shimla,chandigarh,112,1500,4,14,0,HRTC Himgaura AC,1,3.5,235
shimla,chandigarh,112,1500,4,19,0,HRTC Himgaura AC,1,4.0,235
shimla,chandigarh,112,1500,5,6,0,HRTC Himgaura AC,1,3.5,235
shimla,chandigarh,112,1500,5,10,0,HRTC Himgaura AC,1,3.5,235
shimla,chandigarh,112,1500,5,14,0,HRTC Himgaura AC,1,3.5,235
shimla,chandigarh,112,1500,5,19,0,HRTC Himgaura AC,1,4.0,235
shimla,chandigarh,112,1500,6,6,0,HRTC Himgaura AC,1,3.5,235
shimla,chandigarh,112,1500,6,10,0,HRTC Himgaura AC,1,3.5,235
shimla,chandigarh,112,1500,6,14,0,HRTC Himgaura AC,1,3.5,235
shimla,chandigarh,112,1500,6,19,0,HRTC Himgaura AC,1,4.0,235
shimla,chandigarh,112,1500,7,6,0,HRTC Himgaura AC,1,3.5,235
shimla,chandigarh,112,1500,7,10,2,HRTC Himgaura AC,1,7.0,235
shimla,chandigarh,112,1500,7,14,2,HRTC Himgaura AC,1,7.0,235
shimla,chandigarh,112,1500,7,19,2,HRTC Himgaura AC,1,7.5,235
shimla,chandigarh,112,1500,8,6,0,HRTC Himgaura AC,1,3.5,235
shimla,chandigarh,112,1500,8,10,0,HRTC Himgaura AC,1,3.5,235
shimla,chandigarh,112,1500,8,14,1,HRTC Himgaura AC,1,4.5,235
shimla,chandigarh,112,1500,8,19,1,HRTC Himgaura AC,1,5.0,235
shimla,chandigarh,112,1500,9,6,0,HRTC Himgaura AC,1,3.5,235
shimla,chandigarh,112,1500,9,10,0,HRTC Himgaura AC,1,3.5,235
shimla,chandigarh,112,1500,9,14,0,HRTC Himgaura AC,1,3.5,235
shimla,chandigarh,112,1500,9,19,0,HRTC Himgaura AC,1,4.0,235
shimla,chandigarh,112,1500,10,6,0,HRTC Himgaura AC,1,3.5,235
shimla,chandigarh,112,1500,10,10,0,HRTC Himgaura AC,1,3.5,235
shimla,chandigarh,112,1500,10,14,0,HRTC Himgaura AC,1,3.5,235
shimla,chandigarh,112,1500,10,19,0,HRTC Himgaura AC,1,4.0,235
shimla,chandigarh,112,1500,11,6,0,HRTC Himgaura AC,1,3.5,235
shimla,chandigarh,112,1500,11,10,0,HRTC Himgaura AC,1,3.5,235
shimla,chandigarh,112,1500,11,14,0,HRTC Himgaura AC,1,3.5,235
shimla,chandigarh,112,1500,11,19,0,HRTC Himgaura AC,1,4.0,235
shimla,chandigarh,112,1500,12,6,0,HRTC Himgaura AC,1,3.5,235
shimla,chandigarh,112,1500,12,10,0,HRTC Himgaura AC,1,3.5,235
shimla,chandigarh,112,1500,12,14,0,HRTC Himgaura AC,1,3.5,235
shimla,chandigarh,112,1500,12,19,0,HRTC Himgaura AC,1,4.0,235
shimla,chandigarh,112,1500,1,6,0,HRTC Himsuta Volvo,2,3.0,358
shimla,chandigarh,112,1500,1,10,0,HRTC Himsuta Volvo,2,3.0,358
shimla,chandigarh,112,1500,1,14,0,HRTC Himsuta Volvo,2,3.0,358
shimla,chandigarh,112,1500,1,19,0,HRTC Himsuta Volvo,2,3.5,358
shimla,chandigarh,112,1500,2,6,0,HRTC Himsuta Volvo,2,3.0,358
shimla,chandigarh,112,1500,2,10,0,HRTC Himsuta Volvo,2,3.0,358
shimla,chandigarh,112,1500,2,14,0,HRTC Himsuta Volvo,2,3.0,358
shimla,chandigarh,112,1500,2,19,0,HRTC Himsuta Volvo,2,3.5,358
shimla,chandigarh,112,1500,3,6,0,HRTC Himsuta Volvo,2,3.0,358
shimla,chandigarh,112,1500,3,10,0,HRTC Himsuta Volvo,2,3.0,358
shimla,chandigarh,112,1500,3,14,0,HRTC Himsuta Volvo,2,3.0,358
shimla,chandigarh,112,1500,3,19,0,HRTC Himsuta Volvo,2,3.5,358
shimla,chandigarh,112,1500,4,6,0,HRTC Himsuta Volvo,2,3.0,358
shimla,chandigarh,112,1500,4,10,0,HRTC Himsuta Volvo,2,3.0,358
shimla,chandigarh,112,1500,4,14,0,HRTC Himsuta Volvo,2,3.0,358
shimla,chandigarh,112,1500,4,19,0,HRTC Himsuta Volvo,2,3.5,358
shimla,chandigarh,112,1500,5,6,0,HRTC Himsuta Volvo,2,3.0,358
shimla,chandigarh,112,1500,5,10,0,HRTC Himsuta Volvo,2,3.0,358
shimla,chandigarh,112,1500,5,14,0,HRTC Himsuta Volvo,2,3.0,358
shimla,chandigarh,112,1500,5,19,0,HRTC Himsuta Volvo,2,3.5,358
shimla,chandigarh,112,1500,6,6,0,HRTC Himsuta Volvo,2,3.0,358
shimla,chandigarh,112,1500,6,10,0,HRTC Himsuta Volvo,2,3.0,358
shimla,chandigarh,112,1500,6,14,0,HRTC Himsuta Volvo,2,3.0,358
shimla,chandigarh,112,1500,6,19,0,HRTC Himsuta Volvo,2,3.5,358
shimla,chandigarh,112,1500,7,6,0,HRTC Himsuta Volvo,2,3.0,358
shimla,chandigarh,112,1500,7,10,1,HRTC Himsuta Volvo,2,4.0,358
shimla,chandigarh,112,1500,7,14,0,HRTC Himsuta Volvo,2,3.0,358
shimla,chandigarh,112,1500,7,19,2,HRTC Himsuta Volvo,2,7.0,358
shimla,chandigarh,112,1500,8,6,0,HRTC Himsuta Volvo,2,3.0,358
shimla,chandigarh,112,1500,8,10,1,HRTC Himsuta Volvo,2,4.0,358
shimla,chandigarh,112,1500,8,14,0,HRTC Himsuta Volvo,2,3.0,358
shimla,chandigarh,112,1500,8,19,1,HRTC Himsuta Volvo,2,4.5,358
shimla,chandigarh,112,1500,9,6,0,HRTC Himsuta Volvo,2,3.0,358
shimla,chandigarh,112,1500,9,10,0,HRTC Himsuta Volvo,2,3.0,358
shimla,chandigarh,112,1500,9,14,0,HRTC Himsuta Volvo,2,3.0,358
shimla,chandigarh,112,1500,9,19,0,HRTC Himsuta Volvo,2,3.5,358
shimla,chandigarh,112,1500,10,6,0,HRTC Himsuta Volvo,2,3.0,358
shimla,chandigarh,112,1500,10,10,0,HRTC Himsuta Volvo,2,3.0,358
shimla,chandigarh,112,1500,10,14,0,HRTC Himsuta Volvo,2,3.0,358
shimla,chandigarh,112,1500,10,19,0,HRTC Himsuta Volvo,2,3.5,358
shimla,chandigarh,112,1500,11,6,0,HRTC Himsuta Volvo,2,3.0,358
shimla,chandigarh,112,1500,11,10,0,HRTC Himsuta Volvo,2,3.0,358
shimla,chandigarh,112,1500,11,14,0,HRTC Himsuta Volvo,2,3.0,358
shimla,chandigarh,112,1500,11,19,0,HRTC Himsuta Volvo,2,3.5,358
shimla,chandigarh,112,1500,12,6,0,HRTC Himsuta Volvo,2,3.0,358
shimla,chandigarh,112,1500,12,10,0,HRTC Himsuta Volvo,2,3.0,358
shimla,chandigarh,112,1500,12,14,0,HRTC Himsuta Volvo,2,3.0,358
shimla,chandigarh,112,1500,12,19,0,HRTC Himsuta Volvo,2,3.5,358
chandigarh,manali,310,1500,1,6,0,HRTC Ordinary,0,8.5,449
chandigarh,manali,310,1500,1,10,0,HRTC Ordinary,0,8.5,449
chandigarh,manali,310,1500,1,14,0,HRTC Ordinary,0,8.5,449
chandigarh,manali,310,1500,1,19,0,HRTC Ordinary,0,9.0,449
chandigarh,manali,310,1500,2,6,0,HRTC Ordinary,0,8.5,449
chandigarh,manali,310,1500,2,10,0,HRTC Ordinary,0,8.5,449
chandigarh,manali,310,1500,2,14,0,HRTC Ordinary,0,8.5,449
chandigarh,manali,310,1500,2,19,0,HRTC Ordinary,0,9.0,449
chandigarh,manali,310,1500,3,6,0,HRTC Ordinary,0,8.5,449
chandigarh,manali,310,1500,3,10,0,HRTC Ordinary,0,8.5,449
chandigarh,manali,310,1500,3,14,0,HRTC Ordinary,0,8.5,449
chandigarh,manali,310,1500,3,19,0,HRTC Ordinary,0,9.0,449
chandigarh,manali,310,1500,4,6,0,HRTC Ordinary,0,8.5,449
chandigarh,manali,310,1500,4,10,0,HRTC Ordinary,0,8.5,449
chandigarh,manali,310,1500,4,14,0,HRTC Ordinary,0,8.5,449
chandigarh,manali,310,1500,4,19,0,HRTC Ordinary,0,9.0,449
chandigarh,manali,310,1500,5,6,0,HRTC Ordinary,0,8.5,449
chandigarh,manali,310,1500,5,10,0,HRTC Ordinary,0,8.5,449
chandigarh,manali,310,1500,5,14,0,HRTC Ordinary,0,8.5,449
chandigarh,manali,310,1500,5,19,0,HRTC Ordinary,0,9.0,449
chandigarh,manali,310,1500,6,6,0,HRTC Ordinary,0,8.5,449
chandigarh,manali,310,1500,6,10,0,HRTC Ordinary,0,8.5,449
chandigarh,manali,310,1500,6,14,0,HRTC Ordinary,0,8.5,449
chandigarh,manali,310,1500,6,19,0,HRTC Ordinary,0,9.0,449
chandigarh,manali,310,1500,7,6,1,HRTC Ordinary,0,9.5,449
chandigarh,manali,310,1500,7,10,0,HRTC Ordinary,0,8.5,449
chandigarh,manali,310,1500,7,14,2,HRTC Ordinary,0,12.0,449
chandigarh,manali,310,1500,7,19,1,HRTC Ordinary,0,10.0,449
chandigarh,manali,310,1500,8,6,2,HRTC Ordinary,0,12.0,449
chandigarh,manali,310,1500,8,10,2,HRTC Ordinary,0,12.0,449
chandigarh,manali,310,1500,8,14,1,HRTC Ordinary,0,9.5,449
chandigarh,manali,310,1500,8,19,2,HRTC Ordinary,0,12.5,449
chandigarh,manali,310,1500,9,6,0,HRTC Ordinary,0,8.5,449
chandigarh,manali,310,1500,9,10,0,HRTC Ordinary,0,8.5,449
chandigarh,manali,310,1500,9,14,0,HRTC Ordinary,0,8.5,449
chandigarh,manali,310,1500,9,19,0,HRTC Ordinary,0,9.0,449
chandigarh,manali,310,1500,10,6,0,HRTC Ordinary,0,8.5,449
chandigarh,manali,310,1500,10,10,0,HRTC Ordinary,0,8.5,449
chandigarh,manali,310,1500,10,14,0,HRTC Ordinary,0,8.5,449
chandigarh,manali,310,1500,10,19,0,HRTC Ordinary,0,9.0,449
chandigarh,manali,310,1500,11,6,0,HRTC Ordinary,0,8.5,449
chandigarh,manali,310,1500,11,10,0,HRTC Ordinary,0,8.5,449
chandigarh,manali,310,1500,11,14,0,HRTC Ordinary,0,8.5,449
chandigarh,manali,310,1500,11,19,0,HRTC Ordinary,0,9.0,449
chandigarh,manali,310,1500,12,6,0,HRTC Ordinary,0,8.5,449
chandigarh,manali,310,1500,12,10,0,HRTC Ordinary,0,8.5,449
chandigarh,manali,310,1500,12,14,0,HRTC Ordinary,0,8.5,449
chandigarh,manali,310,1500,12,19,0,HRTC Ordinary,0,9.0,449
chandigarh,manali,310,1500,1,6,0,HRTC Himgaura AC,1,8.5,651
chandigarh,manali,310,1500,1,10,0,HRTC Himgaura AC,1,8.5,651
chandigarh,manali,310,1500,1,14,0,HRTC Himgaura AC,1,8.5,651
chandigarh,manali,310,1500,1,19,0,HRTC Himgaura AC,1,9.0,651
chandigarh,manali,310,1500,2,6,0,HRTC Himgaura AC,1,8.5,651
chandigarh,manali,310,1500,2,10,0,HRTC Himgaura AC,1,8.5,651
chandigarh,manali,310,1500,2,14,0,HRTC Himgaura AC,1,8.5,651
chandigarh,manali,310,1500,2,19,0,HRTC Himgaura AC,1,9.0,651
chandigarh,manali,310,1500,3,6,0,HRTC Himgaura AC,1,8.5,651
chandigarh,manali,310,1500,3,10,0,HRTC Himgaura AC,1,8.5,651
chandigarh,manali,310,1500,3,14,0,HRTC Himgaura AC,1,8.5,651
chandigarh,manali,310,1500,3,19,0,HRTC Himgaura AC,1,9.0,651
chandigarh,manali,310,1500,4,6,0,HRTC Himgaura AC,1,8.5,651
chandigarh,manali,310,1500,4,10,0,HRTC Himgaura AC,1,8.5,651
chandigarh,manali,310,1500,4,14,0,HRTC Himgaura AC,1,8.5,651
chandigarh,manali,310,1500,4,19,0,HRTC Himgaura AC,1,9.0,651
chandigarh,manali,310,1500,5,6,0,HRTC Himgaura AC,1,8.5,651
chandigarh,manali,310,1500,5,10,0,HRTC Himgaura AC,1,8.5,651
chandigarh,manali,310,1500,5,14,0,HRTC Himgaura AC,1,8.5,651
chandigarh,manali,310,1500,5,19,0,HRTC Himgaura AC,1,9.0,651
chandigarh,manali,310,1500,6,6,0,HRTC Himgaura AC,1,8.5,651
chandigarh,manali,310,1500,6,10,0,HRTC Himgaura AC,1,8.5,651
chandigarh,manali,310,1500,6,14,0,HRTC Himgaura AC,1,8.5,651
chandigarh,manali,310,1500,6,19,0,HRTC Himgaura AC,1,9.0,651
chandigarh,manali,310,1500,7,6,0,HRTC Himgaura AC,1,8.5,651
chandigarh,manali,310,1500,7,10,0,HRTC Himgaura AC,1,8.5,651
chandigarh,manali,310,1500,7,14,0,HRTC Himgaura AC,1,8.5,651
chandigarh,manali,310,1500,7,19,0,HRTC Himgaura AC,1,9.0,651
chandigarh,manali,310,1500,8,6,0,HRTC Himgaura AC,1,8.5,651
chandigarh,manali,310,1500,8,10,0,HRTC Himgaura AC,1,8.5,651
chandigarh,manali,310,1500,8,14,2,HRTC Himgaura AC,1,12.0,651
chandigarh,manali,310,1500,8,19,0,HRTC Himgaura AC,1,9.0,651
chandigarh,manali,310,1500,9,6,0,HRTC Himgaura AC,1,8.5,651
chandigarh,manali,310,1500,9,10,0,HRTC Himgaura AC,1,8.5,651
chandigarh,manali,310,1500,9,14,0,HRTC Himgaura AC,1,8.5,651
chandigarh,manali,310,1500,9,19,0,HRTC Himgaura AC,1,9.0,651
chandigarh,manali,310,1500,10,6,0,HRTC Himgaura AC,1,8.5,651
chandigarh,manali,310,1500,10,10,0,HRTC Himgaura AC,1,8.5,651
chandigarh,manali,310,1500,10,14,0,HRTC Himgaura AC,1,8.5,651
chandigarh,manali,310,1500,10,19,0,HRTC Himgaura AC,1,9.0,651
chandigarh,manali,310,1500,11,6,0,HRTC Himgaura AC,1,8.5,651
chandigarh,manali,310,1500,11,10,0,HRTC Himgaura AC,1,8.5,651
chandigarh,manali,310,1500,11,14,0,HRTC Himgaura AC,1,8.5,651
chandigarh,manali,310,1500,11,19,0,HRTC Himgaura AC,1,9.0,651
chandigarh,manali,310,1500,12,6,0,HRTC Himgaura AC,1,8.5,651
chandigarh,manali,310,1500,12,10,0,HRTC Himgaura AC,1,8.5,651
chandigarh,manali,310,1500,12,14,0,HRTC Himgaura AC,1,8.5,651
chandigarh,manali,310,1500,12,19,0,HRTC Himgaura AC,1,9.0,651
chandigarh,manali,310,1500,1,6,0,HRTC Himsuta Volvo,2,8.0,992
chandigarh,manali,310,1500,1,10,0,HRTC Himsuta Volvo,2,8.0,992
chandigarh,manali,310,1500,1,14,0,HRTC Himsuta Volvo,2,8.0,992
chandigarh,manali,310,1500,1,19,0,HRTC Himsuta Volvo,2,8.5,992
chandigarh,manali,310,1500,2,6,0,HRTC Himsuta Volvo,2,8.0,992
chandigarh,manali,310,1500,2,10,0,HRTC Himsuta Volvo,2,8.0,992
chandigarh,manali,310,1500,2,14,0,HRTC Himsuta Volvo,2,8.0,992
chandigarh,manali,310,1500,2,19,0,HRTC Himsuta Volvo,2,8.5,992
chandigarh,manali,310,1500,3,6,0,HRTC Himsuta Volvo,2,8.0,992
chandigarh,manali,310,1500,3,10,0,HRTC Himsuta Volvo,2,8.0,992
chandigarh,manali,310,1500,3,14,0,HRTC Himsuta Volvo,2,8.0,992
chandigarh,manali,310,1500,3,19,0,HRTC Himsuta Volvo,2,8.5,992
chandigarh,manali,310,1500,4,6,0,HRTC Himsuta Volvo,2,8.0,992
chandigarh,manali,310,1500,4,10,0,HRTC Himsuta Volvo,2,8.0,992
chandigarh,manali,310,1500,4,14,0,HRTC Himsuta Volvo,2,8.0,992
chandigarh,manali,310,1500,4,19,0,HRTC Himsuta Volvo,2,8.5,992
chandigarh,manali,310,1500,5,6,0,HRTC Himsuta Volvo,2,8.0,992
chandigarh,manali,310,1500,5,10,0,HRTC Himsuta Volvo,2,8.0,992
chandigarh,manali,310,1500,5,14,0,HRTC Himsuta Volvo,2,8.0,992
chandigarh,manali,310,1500,5,19,0,HRTC Himsuta Volvo,2,8.5,992
chandigarh,manali,310,1500,6,6,0,HRTC Himsuta Volvo,2,8.0,992
chandigarh,manali,310,1500,6,10,0,HRTC Himsuta Volvo,2,8.0,992
chandigarh,manali,310,1500,6,14,0,HRTC Himsuta Volvo,2,8.0,992
chandigarh,manali,310,1500,6,19,0,HRTC Himsuta Volvo,2,8.5,992
chandigarh,manali,310,1500,7,6,0,HRTC Himsuta Volvo,2,8.0,992
chandigarh,manali,310,1500,7,10,1,HRTC Himsuta Volvo,2,9.0,992
chandigarh,manali,310,1500,7,14,0,HRTC Himsuta Volvo,2,8.0,992
chandigarh,manali,310,1500,7,19,2,HRTC Himsuta Volvo,2,12.0,992
chandigarh,manali,310,1500,8,6,0,HRTC Himsuta Volvo,2,8.0,992
chandigarh,manali,310,1500,8,10,2,HRTC Himsuta Volvo,2,11.5,992
chandigarh,manali,310,1500,8,14,1,HRTC Himsuta Volvo,2,9.0,992
chandigarh,manali,310,1500,8,19,0,HRTC Himsuta Volvo,2,8.5,992
chandigarh,manali,310,1500,9,6,0,HRTC Himsuta Volvo,2,8.0,992
chandigarh,manali,310,1500,9,10,0,HRTC Himsuta Volvo,2,8.0,992
chandigarh,manali,310,1500,9,14,0,HRTC Himsuta Volvo,2,8.0,992
chandigarh,manali,310,1500,9,19,0,HRTC Himsuta Volvo,2,8.5,992
chandigarh,manali,310,1500,10,6,0,HRTC Himsuta Volvo,2,8.0,992
chandigarh,manali,310,1500,10,10,0,HRTC Himsuta Volvo,2,8.0,992
chandigarh,manali,310,1500,10,14,0,HRTC Himsuta Volvo,2,8.0,992
chandigarh,manali,310,1500,10,19,0,HRTC Himsuta Volvo,2,8.5,992
chandigarh,manali,310,1500,11,6,0,HRTC Himsuta Volvo,2,8.0,992
chandigarh,manali,310,1500,11,10,0,HRTC Himsuta Volvo,2,8.0,992
chandigarh,manali,310,1500,11,14,0,HRTC Himsuta Volvo,2,8.0,992
chandigarh,manali,310,1500,11,19,0,HRTC Himsuta Volvo,2,8.5,992
chandigarh,manali,310,1500,12,6,0,HRTC Himsuta Volvo,2,8.0,992
chandigarh,manali,310,1500,12,10,0,HRTC Himsuta Volvo,2,8.0,992
chandigarh,manali,310,1500,12,14,0,HRTC Himsuta Volvo,2,8.0,992
chandigarh,manali,310,1500,12,19,0,HRTC Himsuta Volvo,2,8.5,992
manali,chandigarh,310,1500,1,6,0,HRTC Ordinary,0,8.5,449
manali,chandigarh,310,1500,1,10,0,HRTC Ordinary,0,8.5,449
manali,chandigarh,310,1500,1,14,0,HRTC Ordinary,0,8.5,449
manali,chandigarh,310,1500,1,19,0,HRTC Ordinary,0,9.0,449
manali,chandigarh,310,1500,2,6,0,HRTC Ordinary,0,8.5,449
manali,chandigarh,310,1500,2,10,0,HRTC Ordinary,0,8.5,449
manali,chandigarh,310,1500,2,14,0,HRTC Ordinary,0,8.5,449
manali,chandigarh,310,1500,2,19,0,HRTC Ordinary,0,9.0,449
manali,chandigarh,310,1500,3,6,0,HRTC Ordinary,0,8.5,449
manali,chandigarh,310,1500,3,10,0,HRTC Ordinary,0,8.5,449
manali,chandigarh,310,1500,3,14,0,HRTC Ordinary,0,8.5,449
manali,chandigarh,310,1500,3,19,0,HRTC Ordinary,0,9.0,449
manali,chandigarh,310,1500,4,6,0,HRTC Ordinary,0,8.5,449
manali,chandigarh,310,1500,4,10,0,HRTC Ordinary,0,8.5,449
manali,chandigarh,310,1500,4,14,0,HRTC Ordinary,0,8.5,449
manali,chandigarh,310,1500,4,19,0,HRTC Ordinary,0,9.0,449
manali,chandigarh,310,1500,5,6,0,HRTC Ordinary,0,8.5,449
manali,chandigarh,310,1500,5,10,0,HRTC Ordinary,0,8.5,449
manali,chandigarh,310,1500,5,14,0,HRTC Ordinary,0,8.5,449
manali,chandigarh,310,1500,5,19,0,HRTC Ordinary,0,9.0,449
manali,chandigarh,310,1500,6,6,0,HRTC Ordinary,0,8.5,449
manali,chandigarh,310,1500,6,10,0,HRTC Ordinary,0,8.5,449
manali,chandigarh,310,1500,6,14,0,HRTC Ordinary,0,8.5,449
manali,chandigarh,310,1500,6,19,0,HRTC Ordinary,0,9.0,449
manali,chandigarh,310,1500,7,6,0,HRTC Ordinary,0,8.5,449
manali,chandigarh,310,1500,7,10,2,HRTC Ordinary,0,12.0,449
manali,chandigarh,310,1500,7,14,1,HRTC Ordinary,0,9.5,449
manali,chandigarh,310,1500,7,19,1,HRTC Ordinary,0,10.0,449
manali,chandigarh,310,1500,8,6,1,HRTC Ordinary,0,9.5,449
manali,chandigarh,310,1500,8,10,0,HRTC Ordinary,0,8.5,449
manali,chandigarh,310,1500,8,14,0,HRTC Ordinary,0,8.5,449
manali,chandigarh,310,1500,8,19,0,HRTC Ordinary,0,9.0,449
manali,chandigarh,310,1500,9,6,0,HRTC Ordinary,0,8.5,449
manali,chandigarh,310,1500,9,10,0,HRTC Ordinary,0,8.5,449
manali,chandigarh,310,1500,9,14,0,HRTC Ordinary,0,8.5,449
manali,chandigarh,310,1500,9,19,0,HRTC Ordinary,0,9.0,449
manali,chandigarh,310,1500,10,6,0,HRTC Ordinary,0,8.5,449
manali,chandigarh,310,1500,10,10,0,HRTC Ordinary,0,8.5,449
manali,chandigarh,310,1500,10,14,0,HRTC Ordinary,0,8.5,449
manali,chandigarh,310,1500,10,19,0,HRTC Ordinary,0,9.0,449
manali,chandigarh,310,1500,11,6,0,HRTC Ordinary,0,8.5,449
manali,chandigarh,310,1500,11,10,0,HRTC Ordinary,0,8.5,449
manali,chandigarh,310,1500,11,14,0,HRTC Ordinary,0,8.5,449
manali,chandigarh,310,1500,11,19,0,HRTC Ordinary,0,9.0,449
manali,chandigarh,310,1500,12,6,0,HRTC Ordinary,0,8.5,449
manali,chandigarh,310,1500,12,10,0,HRTC Ordinary,0,8.5,449
manali,chandigarh,310,1500,12,14,0,HRTC Ordinary,0,8.5,449
manali,chandigarh,310,1500,12,19,0,HRTC Ordinary,0,9.0,449
manali,chandigarh,310,1500,1,6,0,HRTC Himgaura AC,1,8.5,651
manali,chandigarh,310,1500,1,10,0,HRTC Himgaura AC,1,8.5,651
manali,chandigarh,310,1500,1,14,0,HRTC Himgaura AC,1,8.5,651
manali,chandigarh,310,1500,1,19,0,HRTC Himgaura AC,1,9.0,651
manali,chandigarh,310,1500,2,6,0,HRTC Himgaura AC,1,8.5,651
manali,chandigarh,310,1500,2,10,0,HRTC Himgaura AC,1,8.5,651
manali,chandigarh,310,1500,2,14,0,HRTC Himgaura AC,1,8.5,651
manali,chandigarh,310,1500,2,19,0,HRTC Himgaura AC,1,9.0,651
manali,chandigarh,310,1500,3,6,0,HRTC Himgaura AC,1,8.5,651
manali,chandigarh,310,1500,3,10,0,HRTC Himgaura AC,1,8.5,651
manali,chandigarh,310,1500,3,14,0,HRTC Himgaura AC,1,8.5,651
manali,chandigarh,310,1500,3,19,0,HRTC Himgaura AC,1,9.0,651
manali,chandigarh,310,1500,4,6,0,HRTC Himgaura AC,1,8.5,651
manali,chandigarh,310,1500,4,10,0,HRTC Himgaura AC,1,8.5,651
manali,chandigarh,310,1500,4,14,0,HRTC Himgaura AC,1,8.5,651
manali,chandigarh,310,1500,4,19,0,HRTC Himgaura AC,1,9.0,651
manali,chandigarh,310,1500,5,6,0,HRTC Himgaura AC,1,8.5,651
manali,chandigarh,310,1500,5,10,0,HRTC Himgaura AC,1,8.5,651
manali,chandigarh,310,1500,5,14,0,HRTC Himgaura AC,1,8.5,651
manali,chandigarh,310,1500,5,19,0,HRTC Himgaura AC,1,9.0,651
manali,chandigarh,310,1500,6,6,0,HRTC Himgaura AC,1,8.5,651
manali,chandigarh,310,1500,6,10,0,HRTC Himgaura AC,1,8.5,651
manali,chandigarh,310,1500,6,14,0,HRTC Himgaura AC,1,8.5,651
manali,chandigarh,310,1500,6,19,0,HRTC Himgaura AC,1,9.0,651
manali,chandigarh,310,1500,7,6,2,HRTC Himgaura AC,1,12.0,651
manali,chandigarh,310,1500,7,10,1,HRTC Himgaura AC,1,9.5,651
manali,chandigarh,310,1500,7,14,0,HRTC Himgaura AC,1,8.5,651
manali,chandigarh,310,1500,7,19,0,HRTC Himgaura AC,1,9.0,651
manali,chandigarh,310,1500,8,6,0,HRTC Himgaura AC,1,8.5,651
manali,chandigarh,310,1500,8,10,0,HRTC Himgaura AC,1,8.5,651
manali,chandigarh,310,1500,8,14,1,HRTC Himgaura AC,1,9.5,651
manali,chandigarh,310,1500,8,19,1,HRTC Himgaura AC,1,10.0,651
manali,chandigarh,310,1500,9,6,0,HRTC Himgaura AC,1,8.5,651
manali,chandigarh,310,1500,9,10,0,HRTC Himgaura AC,1,8.5,651
manali,chandigarh,310,1500,9,14,0,HRTC Himgaura AC,1,8.5,651
manali,chandigarh,310,1500,9,19,0,HRTC Himgaura AC,1,9.0,651
manali,chandigarh,310,1500,10,6,0,HRTC Himgaura AC,1,8.5,651
manali,chandigarh,310,1500,10,10,0,HRTC Himgaura AC,1,8.5,651
manali,chandigarh,310,1500,10,14,0,HRTC Himgaura AC,1,8.5,651
manali,chandigarh,310,1500,10,19,0,HRTC Himgaura AC,1,9.0,651
manali,chandigarh,310,1500,11,6,0,HRTC Himgaura AC,1,8.5,651
manali,chandigarh,310,1500,11,10,0,HRTC Himgaura AC,1,8.5,651
manali,chandigarh,310,1500,11,14,0,HRTC Himgaura AC,1,8.5,651
manali,chandigarh,310,1500,11,19,0,HRTC Himgaura AC,1,9.0,651
manali,chandigarh,310,1500,12,6,0,HRTC Himgaura AC,1,8.5,651
manali,chandigarh,310,1500,12,10,0,HRTC Himgaura AC,1,8.5,651
manali,chandigarh,310,1500,12,14,0,HRTC Himgaura AC,1,8.5,651
manali,chandigarh,310,1500,12,19,0,HRTC Himgaura AC,1,9.0,651
manali,chandigarh,310,1500,1,6,0,HRTC Himsuta Volvo,2,8.0,992
manali,chandigarh,310,1500,1,10,0,HRTC Himsuta Volvo,2,8.0,992
manali,chandigarh,310,1500,1,14,0,HRTC Himsuta Volvo,2,8.0,992
manali,chandigarh,310,1500,1,19,0,HRTC Himsuta Volvo,2,8.5,992
manali,chandigarh,310,1500,2,6,0,HRTC Himsuta Volvo,2,8.0,992
manali,chandigarh,310,1500,2,10,0,HRTC Himsuta Volvo,2,8.0,992
manali,chandigarh,310,1500,2,14,0,HRTC Himsuta Volvo,2,8.0,992
manali,chandigarh,310,1500,2,19,0,HRTC Himsuta Volvo,2,8.5,992
manali,chandigarh,310,1500,3,6,0,HRTC Himsuta Volvo,2,8.0,992
manali,chandigarh,310,1500,3,10,0,HRTC Himsuta Volvo,2,8.0,992
manali,chandigarh,310,1500,3,14,0,HRTC Himsuta Volvo,2,8.0,992
manali,chandigarh,310,1500,3,19,0,HRTC Himsuta Volvo,2,8.5,992
manali,chandigarh,310,1500,4,6,0,HRTC Himsuta Volvo,2,8.0,992
manali,chandigarh,310,1500,4,10,0,HRTC Himsuta Volvo,2,8.0,992
manali,chandigarh,310,1500,4,14,0,HRTC Himsuta Volvo,2,8.0,992
manali,chandigarh,310,1500,4,19,0,HRTC Himsuta Volvo,2,8.5,992
manali,chandigarh,310,1500,5,6,0,HRTC Himsuta Volvo,2,8.0,992
manali,chandigarh,310,1500,5,10,0,HRTC Himsuta Volvo,2,8.0,992
manali,chandigarh,310,1500,5,14,0,HRTC Himsuta Volvo,2,8.0,992
manali,chandigarh,310,1500,5,19,0,HRTC Himsuta Volvo,2,8.5,992
manali,chandigarh,310,1500,6,6,0,HRTC Himsuta Volvo,2,8.0,992
manali,chandigarh,310,1500,6,10,0,HRTC Himsuta Volvo,2,8.0,992
manali,chandigarh,310,1500,6,14,0,HRTC Himsuta Volvo,2,8.0,992
manali,chandigarh,310,1500,6,19,0,HRTC Himsuta Volvo,2,8.5,992
manali,chandigarh,310,1500,7,6,2,HRTC Himsuta Volvo,2,11.5,992
manali,chandigarh,310,1500,7,10,1,HRTC Himsuta Volvo,2,9.0,992
manali,chandigarh,310,1500,7,14,0,HRTC Himsuta Volvo,2,8.0,992
manali,chandigarh,310,1500,7,19,1,HRTC Himsuta Volvo,2,9.5,992
manali,chandigarh,310,1500,8,6,1,HRTC Himsuta Volvo,2,9.0,992
manali,chandigarh,310,1500,8,10,1,HRTC Himsuta Volvo,2,9.0,992
manali,chandigarh,310,1500,8,14,1,HRTC Himsuta Volvo,2,9.0,992
manali,chandigarh,310,1500,8,19,1,HRTC Himsuta Volvo,2,9.5,992
manali,chandigarh,310,1500,9,6,0,HRTC Himsuta Volvo,2,8.0,992
manali,chandigarh,310,1500,9,10,0,HRTC Himsuta Volvo,2,8.0,992
manali,chandigarh,310,1500,9,14,0,HRTC Himsuta Volvo,2,8.0,992
manali,chandigarh,310,1500,9,19,0,HRTC Himsuta Volvo,2,8.5,992
manali,chandigarh,310,1500,10,6,0,HRTC Himsuta Volvo,2,8.0,992
manali,chandigarh,310,1500,10,10,0,HRTC Himsuta Volvo,2,8.0,992
manali,chandigarh,310,1500,10,14,0,HRTC Himsuta Volvo,2,8.0,992
manali,chandigarh,310,1500,10,19,0,HRTC Himsuta Volvo,2,8.5,992
manali,chandigarh,310,1500,11,6,0,HRTC Himsuta Volvo,2,8.0,992
manali,chandigarh,310,1500,11,10,0,HRTC Himsuta Volvo,2,8.0,992
manali,chandigarh,310,1500,11,14,0,HRTC Himsuta Volvo,2,8.0,992
manali,chandigarh,310,1500,11,19,0,HRTC Himsuta Volvo,2,8.5,992
manali,chandigarh,310,1500,12,6,0,HRTC Himsuta Volvo,2,8.0,992
manali,chandigarh,310,1500,12,10,0,HRTC Himsuta Volvo,2,8.0,992
manali,chandigarh,310,1500,12,14,0,HRTC Himsuta Volvo,2,8.0,992
manali,chandigarh,310,1500,12,19,0,HRTC Himsuta Volvo,2,8.5,992
chandigarh,dharamshala,240,1500,1,6,0,HRTC Ordinary,0,6.0,348
chandigarh,dharamshala,240,1500,1,10,0,HRTC Ordinary,0,6.0,348
chandigarh,dharamshala,240,1500,1,14,0,HRTC Ordinary,0,6.0,348
chandigarh,dharamshala,240,1500,1,19,0,HRTC Ordinary,0,6.5,348
chandigarh,dharamshala,240,1500,2,6,0,HRTC Ordinary,0,6.0,348
chandigarh,dharamshala,240,1500,2,10,0,HRTC Ordinary,0,6.0,348
chandigarh,dharamshala,240,1500,2,14,0,HRTC Ordinary,0,6.0,348
chandigarh,dharamshala,240,1500,2,19,0,HRTC Ordinary,0,6.5,348
chandigarh,dharamshala,240,1500,3,6,0,HRTC Ordinary,0,6.0,348
chandigarh,dharamshala,240,1500,3,10,0,HRTC Ordinary,0,6.0,348
chandigarh,dharamshala,240,1500,3,14,0,HRTC Ordinary,0,6.0,348
chandigarh,dharamshala,240,1500,3,19,0,HRTC Ordinary,0,6.5,348
chandigarh,dharamshala,240,1500,4,6,0,HRTC Ordinary,0,6.0,348
chandigarh,dharamshala,240,1500,4,10,0,HRTC Ordinary,0,6.0,348
chandigarh,dharamshala,240,1500,4,14,0,HRTC Ordinary,0,6.0,348
chandigarh,dharamshala,240,1500,4,19,0,HRTC Ordinary,0,6.5,348
chandigarh,dharamshala,240,1500,5,6,0,HRTC Ordinary,0,6.0,348
chandigarh,dharamshala,240,1500,5,10,0,HRTC Ordinary,0,6.0,348
chandigarh,dharamshala,240,1500,5,14,0,HRTC Ordinary,0,6.0,348
chandigarh,dharamshala,240,1500,5,19,0,HRTC Ordinary,0,6.5,348
chandigarh,dharamshala,240,1500,6,6,0,HRTC Ordinary,0,6.0,348
chandigarh,dharamshala,240,1500,6,10,0,HRTC Ordinary,0,6.0,348
chandigarh,dharamshala,240,1500,6,14,0,HRTC Ordinary,0,6.0,348
chandigarh,dharamshala,240,1500,6,19,0,HRTC Ordinary,0,6.5,348
chandigarh,dharamshala,240,1500,7,6,1,HRTC Ordinary,0,7.0,348
chandigarh,dharamshala,240,1500,7,10,1,HRTC Ordinary,0,7.0,348
chandigarh,dharamshala,240,1500,7,14,0,HRTC Ordinary,0,6.0,348
chandigarh,dharamshala,240,1500,7,19,0,HRTC Ordinary,0,6.5,348
chandigarh,dharamshala,240,1500,8,6,0,HRTC Ordinary,0,6.0,348
chandigarh,dharamshala,240,1500,8,10,1,HRTC Ordinary,0,7.0,348
chandigarh,dharamshala,240,1500,8,14,0,HRTC Ordinary,0,6.0,348
chandigarh,dharamshala,240,1500,8,19,1,HRTC Ordinary,0,7.5,348
chandigarh,dharamshala,240,1500,9,6,0,HRTC Ordinary,0,6.0,348
chandigarh,dharamshala,240,1500,9,10,0,HRTC Ordinary,0,6.0,348
chandigarh,dharamshala,240,1500,9,14,0,HRTC Ordinary,0,6.0,348
chandigarh,dharamshala,240,1500,9,19,0,HRTC Ordinary,0,6.5,348
chandigarh,dharamshala,240,1500,10,6,0,HRTC Ordinary,0,6.0,348
chandigarh,dharamshala,240,1500,10,10,0,HRTC Ordinary,0,6.0,348
chandigarh,dharamshala,240,1500,10,14,0,HRTC Ordinary,0,6.0,348
chandigarh,dharamshala,240,1500,10,19,0,HRTC Ordinary,0,6.5,348
chandigarh,dharamshala,240,1500,11,6,0,HRTC Ordinary,0,6.0,348
chandigarh,dharamshala,240,1500,11,10,0,HRTC Ordinary,0,6.0,348
chandigarh,dharamshala,240,1500,11,14,0,HRTC Ordinary,0,6.0,348
chandigarh,dharamshala,240,1500,11,19,0,HRTC Ordinary,0,6.5,348
chandigarh,dharamshala,240,1500,12,6,0,HRTC Ordinary,0,6.0,348
chandigarh,dharamshala,240,1500,12,10,0,HRTC Ordinary,0,6.0,348
chandigarh,dharamshala,240,1500,12,14,0,HRTC Ordinary,0,6.0,348
chandigarh,dharamshala,240,1500,12,19,0,HRTC Ordinary,0,6.5,348
chandigarh,dharamshala,240,1500,1,6,0,HRTC Himgaura AC,1,6.0,504
chandigarh,dharamshala,240,1500,1,10,0,HRTC Himgaura AC,1,6.0,504
chandigarh,dharamshala,240,1500,1,14,0,HRTC Himgaura AC,1,6.0,504
chandigarh,dharamshala,240,1500,1,19,0,HRTC Himgaura AC,1,6.5,504
chandigarh,dharamshala,240,1500,2,6,0,HRTC Himgaura AC,1,6.0,504
chandigarh,dharamshala,240,1500,2,10,0,HRTC Himgaura AC,1,6.0,504
chandigarh,dharamshala,240,1500,2,14,0,HRTC Himgaura AC,1,6.0,504
chandigarh,dharamshala,240,1500,2,19,0,HRTC Himgaura AC,1,6.5,504
chandigarh,dharamshala,240,1500,3,6,0,HRTC Himgaura AC,1,6.0,504
chandigarh,dharamshala,240,1500,3,10,0,HRTC Himgaura AC,1,6.0,504
chandigarh,dharamshala,240,1500,3,14,0,HRTC Himgaura AC,1,6.0,504
chandigarh,dharamshala,240,1500,3,19,0,HRTC Himgaura AC,1,6.5,504
chandigarh,dharamshala,240,1500,4,6,0,HRTC Himgaura AC,1,6.0,504
chandigarh,dharamshala,240,1500,4,10,0,HRTC Himgaura AC,1,6.0,504
chandigarh,dharamshala,240,1500,4,14,0,HRTC Himgaura AC,1,6.0,504
chandigarh,dharamshala,240,1500,4,19,0,HRTC Himgaura AC,1,6.5,504
chandigarh,dharamshala,240,1500,5,6,0,HRTC Himgaura AC,1,6.0,504
chandigarh,dharamshala,240,1500,5,10,0,HRTC Himgaura AC,1,6.0,504
chandigarh,dharamshala,240,1500,5,14,0,HRTC Himgaura AC,1,6.0,504
chandigarh,dharamshala,240,1500,5,19,0,HRTC Himgaura AC,1,6.5,504
chandigarh,dharamshala,240,1500,6,6,0,HRTC Himgaura AC,1,6.0,504
chandigarh,dharamshala,240,1500,6,10,0,HRTC Himgaura AC,1,6.0,504
chandigarh,dharamshala,240,1500,6,14,0,HRTC Himgaura AC,1,6.0,504
chandigarh,dharamshala,240,1500,6,19,0,HRTC Himgaura AC,1,6.5,504
chandigarh,dharamshala,240,1500,7,6,2,HRTC Himgaura AC,1,9.5,504
chandigarh,dharamshala,240,1500,7,10,0,HRTC Himgaura AC,1,6.0,504
chandigarh,dharamshala,240,1500,7,14,1,HRTC Himgaura AC,1,7.0,504
chandigarh,dharamshala,240,1500,7,19,1,HRTC Himgaura AC,1,7.5,504
chandigarh,dharamshala,240,1500,8,6,0,HRTC Himgaura AC,1,6.0,504
chandigarh,dharamshala,240,1500,8,10,0,HRTC Himgaura AC,1,6.0,504
chandigarh,dharamshala,240,1500,8,14,0,HRTC Himgaura AC,1,6.0,504
chandigarh,dharamshala,240,1500,8,19,0,HRTC Himgaura AC,1,6.5,504
chandigarh,dharamshala,240,1500,9,6,0,HRTC Himgaura AC,1,6.0,504
chandigarh,dharamshala,240,1500,9,10,0,HRTC Himgaura AC,1,6.0,504
chandigarh,dharamshala,240,1500,9,14,0,HRTC Himgaura AC,1,6.0,504
chandigarh,dharamshala,240,1500,9,19,0,HRTC Himgaura AC,1,6.5,504
chandigarh,dharamshala,240,1500,10,6,0,HRTC Himgaura AC,1,6.0,504
chandigarh,dharamshala,240,1500,10,10,0,HRTC Himgaura AC,1,6.0,504
chandigarh,dharamshala,240,1500,10,14,0,HRTC Himgaura AC,1,6.0,504
chandigarh,dharamshala,240,1500,10,19,0,HRTC Himgaura AC,1,6.5,504
chandigarh,dharamshala,240,1500,11,6,0,HRTC Himgaura AC,1,6.0,504
chandigarh,dharamshala,240,1500,11,10,0,HRTC Himgaura AC,1,6.0,504
chandigarh,dharamshala,240,1500,11,14,0,HRTC Himgaura AC,1,6.0,504
chandigarh,dharamshala,240,1500,11,19,0,HRTC Himgaura AC,1,6.5,504
chandigarh,dharamshala,240,1500,12,6,0,HRTC Himgaura AC,1,6.0,504
chandigarh,dharamshala,240,1500,12,10,0,HRTC Himgaura AC,1,6.0,504
chandigarh,dharamshala,240,1500,12,14,0,HRTC Himgaura AC,1,6.0,504
chandigarh,dharamshala,240,1500,12,19,0,HRTC Himgaura AC,1,6.5,504
chandigarh,dharamshala,240,1500,1,6,0,HRTC Himsuta Volvo,2,5.5,768
chandigarh,dharamshala,240,1500,1,10,0,HRTC Himsuta Volvo,2,5.5,768
chandigarh,dharamshala,240,1500,1,14,0,HRTC Himsuta Volvo,2,5.5,768
chandigarh,dharamshala,240,1500,1,19,0,HRTC Himsuta Volvo,2,6.0,768
chandigarh,dharamshala,240,1500,2,6,0,HRTC Himsuta Volvo,2,5.5,768
chandigarh,dharamshala,240,1500,2,10,0,HRTC Himsuta Volvo,2,5.5,768
chandigarh,dharamshala,240,1500,2,14,0,HRTC Himsuta Volvo,2,5.5,768
chandigarh,dharamshala,240,1500,2,19,0,HRTC Himsuta Volvo,2,6.0,768
chandigarh,dharamshala,240,1500,3,6,0,HRTC Himsuta Volvo,2,5.5,768
chandigarh,dharamshala,240,1500,3,10,0,HRTC Himsuta Volvo,2,5.5,768
chandigarh,dharamshala,240,1500,3,14,0,HRTC Himsuta Volvo,2,5.5,768
chandigarh,dharamshala,240,1500,3,19,0,HRTC Himsuta Volvo,2,6.0,768
chandigarh,dharamshala,240,1500,4,6,0,HRTC Himsuta Volvo,2,5.5,768
chandigarh,dharamshala,240,1500,4,10,0,HRTC Himsuta Volvo,2,5.5,768
chandigarh,dharamshala,240,1500,4,14,0,HRTC Himsuta Volvo,2,5.5,768
chandigarh,dharamshala,240,1500,4,19,0,HRTC Himsuta Volvo,2,6.0,768
chandigarh,dharamshala,240,1500,5,6,0,HRTC Himsuta Volvo,2,5.5,768
chandigarh,dharamshala,240,1500,5,10,0,HRTC Himsuta Volvo,2,5.5,768
chandigarh,dharamshala,240,1500,5,14,0,HRTC Himsuta Volvo,2,5.5,768
chandigarh,dharamshala,240,1500,5,19,0,HRTC Himsuta Volvo,2,6.0,768
chandigarh,dharamshala,240,1500,6,6,0,HRTC Himsuta Volvo,2,5.5,768
chandigarh,dharamshala,240,1500,6,10,0,HRTC Himsuta Volvo,2,5.5,768
chandigarh,dharamshala,240,1500,6,14,0,HRTC Himsuta Volvo,2,5.5,768
chandigarh,dharamshala,240,1500,6,19,0,HRTC Himsuta Volvo,2,6.0,768
chandigarh,dharamshala,240,1500,7,6,2,HRTC Himsuta Volvo,2,9.0,768
chandigarh,dharamshala,240,1500,7,10,2,HRTC Himsuta Volvo,2,9.0,768
chandigarh,dharamshala,240,1500,7,14,1,HRTC Himsuta Volvo,2,6.5,768
chandigarh,dharamshala,240,1500,7,19,2,HRTC Himsuta Volvo,2,9.5,768
chandigarh,dharamshala,240,1500,8,6,2,HRTC Himsuta Volvo,2,9.0,768
chandigarh,dharamshala,240,1500,8,10,0,HRTC Himsuta Volvo,2,5.5,768
chandigarh,dharamshala,240,1500,8,14,2,HRTC Himsuta Volvo,2,9.0,768
chandigarh,dharamshala,240,1500,8,19,1,HRTC Himsuta Volvo,2,7.0,768
chandigarh,dharamshala,240,1500,9,6,0,HRTC Himsuta Volvo,2,5.5,768
chandigarh,dharamshala,240,1500,9,10,0,HRTC Himsuta Volvo,2,5.5,768
chandigarh,dharamshala,240,1500,9,14,0,HRTC Himsuta Volvo,2,5.5,768
chandigarh,dharamshala,240,1500,9,19,0,HRTC Himsuta Volvo,2,6.0,768
chandigarh,dharamshala,240,1500,10,6,0,HRTC Himsuta Volvo,2,5.5,768
chandigarh,dharamshala,240,1500,10,10,0,HRTC Himsuta Volvo,2,5.5,768
chandigarh,dharamshala,240,1500,10,14,0,HRTC Himsuta Volvo,2,5.5,768
chandigarh,dharamshala,240,1500,10,19,0,HRTC Himsuta Volvo,2,6.0,768
chandigarh,dharamshala,240,1500,11,6,0,HRTC Himsuta Volvo,2,5.5,768
chandigarh,dharamshala,240,1500,11,10,0,HRTC Himsuta Volvo,2,5.5,768
chandigarh,dharamshala,240,1500,11,14,0,HRTC Himsuta Volvo,2,5.5,768
chandigarh,dharamshala,240,1500,11,19,0,HRTC Himsuta Volvo,2,6.0,768
chandigarh,dharamshala,240,1500,12,6,0,HRTC Himsuta Volvo,2,5.5,768
chandigarh,dharamshala,240,1500,12,10,0,HRTC Himsuta Volvo,2,5.5,768
chandigarh,dharamshala,240,1500,12,14,0,HRTC Himsuta Volvo,2,5.5,768
chandigarh,dharamshala,240,1500,12,19,0,HRTC Himsuta Volvo,2,6.0,768
dharamshala,chandigarh,240,1500,1,6,0,HRTC Ordinary,0,6.0,348
dharamshala,chandigarh,240,1500,1,10,0,HRTC Ordinary,0,6.0,348
dharamshala,chandigarh,240,1500,1,14,0,HRTC Ordinary,0,6.0,348
dharamshala,chandigarh,240,1500,1,19,0,HRTC Ordinary,0,6.5,348
dharamshala,chandigarh,240,1500,2,6,0,HRTC Ordinary,0,6.0,348
dharamshala,chandigarh,240,1500,2,10,0,HRTC Ordinary,0,6.0,348
dharamshala,chandigarh,240,1500,2,14,0,HRTC Ordinary,0,6.0,348
dharamshala,chandigarh,240,1500,2,19,0,HRTC Ordinary,0,6.5,348
dharamshala,chandigarh,240,1500,3,6,0,HRTC Ordinary,0,6.0,348
dharamshala,chandigarh,240,1500,3,10,0,HRTC Ordinary,0,6.0,348
dharamshala,chandigarh,240,1500,3,14,0,HRTC Ordinary,0,6.0,348
dharamshala,chandigarh,240,1500,3,19,0,HRTC Ordinary,0,6.5,348
dharamshala,chandigarh,240,1500,4,6,0,HRTC Ordinary,0,6.0,348
dharamshala,chandigarh,240,1500,4,10,0,HRTC Ordinary,0,6.0,348
dharamshala,chandigarh,240,1500,4,14,0,HRTC Ordinary,0,6.0,348
dharamshala,chandigarh,240,1500,4,19,0,HRTC Ordinary,0,6.5,348
dharamshala,chandigarh,240,1500,5,6,0,HRTC Ordinary,0,6.0,348
dharamshala,chandigarh,240,1500,5,10,0,HRTC Ordinary,0,6.0,348
dharamshala,chandigarh,240,1500,5,14,0,HRTC Ordinary,0,6.0,348
dharamshala,chandigarh,240,1500,5,19,0,HRTC Ordinary,0,6.5,348
dharamshala,chandigarh,240,1500,6,6,0,HRTC Ordinary,0,6.0,348
dharamshala,chandigarh,240,1500,6,10,0,HRTC Ordinary,0,6.0,348
dharamshala,chandigarh,240,1500,6,14,0,HRTC Ordinary,0,6.0,348
dharamshala,chandigarh,240,1500,6,19,0,HRTC Ordinary,0,6.5,348
dharamshala,chandigarh,240,1500,7,6,2,HRTC Ordinary,0,9.5,348
dharamshala,chandigarh,240,1500,7,10,2,HRTC Ordinary,0,9.5,348
dharamshala,chandigarh,240,1500,7,14,0,HRTC Ordinary,0,6.0,348
dharamshala,chandigarh,240,1500,7,19,0,HRTC Ordinary,0,6.5,348
dharamshala,chandigarh,240,1500,8,6,0,HRTC Ordinary,0,6.0,348
dharamshala,chandigarh,240,1500,8,10,1,HRTC Ordinary,0,7.0,348
dharamshala,chandigarh,240,1500,8,14,2,HRTC Ordinary,0,9.5,348
dharamshala,chandigarh,240,1500,8,19,2,HRTC Ordinary,0,10.0,348
dharamshala,chandigarh,240,1500,9,6,0,HRTC Ordinary,0,6.0,348
dharamshala,chandigarh,240,1500,9,10,0,HRTC Ordinary,0,6.0,348
dharamshala,chandigarh,240,1500,9,14,0,HRTC Ordinary,0,6.0,348
dharamshala,chandigarh,240,1500,9,19,0,HRTC Ordinary,0,6.5,348
dharamshala,chandigarh,240,1500,10,6,0,HRTC Ordinary,0,6.0,348
dharamshala,chandigarh,240,1500,10,10,0,HRTC Ordinary,0,6.0,348
dharamshala,chandigarh,240,1500,10,14,0,HRTC Ordinary,0,6.0,348
dharamshala,chandigarh,240,1500,10,19,0,HRTC Ordinary,0,6.5,348
dharamshala,chandigarh,240,1500,11,6,0,HRTC Ordinary,0,6.0,348
dharamshala,chandigarh,240,1500,11,10,0,HRTC Ordinary,0,6.0,348
dharamshala,chandigarh,240,1500,11,14,0,HRTC Ordinary,0,6.0,348
dharamshala,chandigarh,240,1500,11,19,0,HRTC Ordinary,0,6.5,348
dharamshala,chandigarh,240,1500,12,6,0,HRTC Ordinary,0,6.0,348
dharamshala,chandigarh,240,1500,12,10,0,HRTC Ordinary,0,6.0,348
dharamshala,chandigarh,240,1500,12,14,0,HRTC Ordinary,0,6.0,348
dharamshala,chandigarh,240,1500,12,19,0,HRTC Ordinary,0,6.5,348
dharamshala,chandigarh,240,1500,1,6,0,HRTC Himgaura AC,1,6.0,504
dharamshala,chandigarh,240,1500,1,10,0,HRTC Himgaura AC,1,6.0,504
dharamshala,chandigarh,240,1500,1,14,0,HRTC Himgaura AC,1,6.0,504
dharamshala,chandigarh,240,1500,1,19,0,HRTC Himgaura AC,1,6.5,504
dharamshala,chandigarh,240,1500,2,6,0,HRTC Himgaura AC,1,6.0,504
dharamshala,chandigarh,240,1500,2,10,0,HRTC Himgaura AC,1,6.0,504
dharamshala,chandigarh,240,1500,2,14,0,HRTC Himgaura AC,1,6.0,504
dharamshala,chandigarh,240,1500,2,19,0,HRTC Himgaura AC,1,6.5,504
dharamshala,chandigarh,240,1500,3,6,0,HRTC Himgaura AC,1,6.0,504
dharamshala,chandigarh,240,1500,3,10,0,HRTC Himgaura AC,1,6.0,504
dharamshala,chandigarh,240,1500,3,14,0,HRTC Himgaura AC,1,6.0,504
dharamshala,chandigarh,240,1500,3,19,0,HRTC Himgaura AC,1,6.5,504
dharamshala,chandigarh,240,1500,4,6,0,HRTC Himgaura AC,1,6.0,504
dharamshala,chandigarh,240,1500,4,10,0,HRTC Himgaura AC,1,6.0,504
dharamshala,chandigarh,240,1500,4,14,0,HRTC Himgaura AC,1,6.0,504
dharamshala,chandigarh,240,1500,4,19,0,HRTC Himgaura AC,1,6.5,504
dharamshala,chandigarh,240,1500,5,6,0,HRTC Himgaura AC,1,6.0,504
dharamshala,chandigarh,240,1500,5,10,0,HRTC Himgaura AC,1,6.0,504
dharamshala,chandigarh,240,1500,5,14,0,HRTC Himgaura AC,1,6.0,504
dharamshala,chandigarh,240,1500,5,19,0,HRTC Himgaura AC,1,6.5,504
dharamshala,chandigarh,240,1500,6,6,0,HRTC Himgaura AC,1,6.0,504
dharamshala,chandigarh,240,1500,6,10,0,HRTC Himgaura AC,1,6.0,504
dharamshala,chandigarh,240,1500,6,14,0,HRTC Himgaura AC,1,6.0,504
dharamshala,chandigarh,240,1500,6,19,0,HRTC Himgaura AC,1,6.5,504
dharamshala,chandigarh,240,1500,7,6,0,HRTC Himgaura AC,1,6.0,504
dharamshala,chandigarh,240,1500,7,10,1,HRTC Himgaura AC,1,7.0,504
dharamshala,chandigarh,240,1500,7,14,1,HRTC Himgaura AC,1,7.0,504
dharamshala,chandigarh,240,1500,7,19,0,HRTC Himgaura AC,1,6.5,504
dharamshala,chandigarh,240,1500,8,6,0,HRTC Himgaura AC,1,6.0,504
dharamshala,chandigarh,240,1500,8,10,0,HRTC Himgaura AC,1,6.0,504
dharamshala,chandigarh,240,1500,8,14,2,HRTC Himgaura AC,1,9.5,504
dharamshala,chandigarh,240,1500,8,19,0,HRTC Himgaura AC,1,6.5,504
dharamshala,chandigarh,240,1500,9,6,0,HRTC Himgaura AC,1,6.0,504
dharamshala,chandigarh,240,1500,9,10,0,HRTC Himgaura AC,1,6.0,504
dharamshala,chandigarh,240,1500,9,14,0,HRTC Himgaura AC,1,6.0,504
dharamshala,chandigarh,240,1500,9,19,0,HRTC Himgaura AC,1,6.5,504
dharamshala,chandigarh,240,1500,10,6,0,HRTC Himgaura AC,1,6.0,504
dharamshala,chandigarh,240,1500,10,10,0,HRTC Himgaura AC,1,6.0,504
dharamshala,chandigarh,240,1500,10,14,0,HRTC Himgaura AC,1,6.0,504
dharamshala,chandigarh,240,1500,10,19,0,HRTC Himgaura AC,1,6.5,504
dharamshala,chandigarh,240,1500,11,6,0,HRTC Himgaura AC,1,6.0,504
dharamshala,chandigarh,240,1500,11,10,0,HRTC Himgaura AC,1,6.0,504
dharamshala,chandigarh,240,1500,11,14,0,HRTC Himgaura AC,1,6.0,504
dharamshala,chandigarh,240,1500,11,19,0,HRTC Himgaura AC,1,6.5,504
dharamshala,chandigarh,240,1500,12,6,0,HRTC Himgaura AC,1,6.0,504
dharamshala,chandigarh,240,1500,12,10,0,HRTC Himgaura AC,1,6.0,504
dharamshala,chandigarh,240,1500,12,14,0,HRTC Himgaura AC,1,6.0,504
dharamshala,chandigarh,240,1500,12,19,0,HRTC Himgaura AC,1,6.5,504
dharamshala,chandigarh,240,1500,1,6,0,HRTC Himsuta Volvo,2,5.5,768
dharamshala,chandigarh,240,1500,1,10,0,HRTC Himsuta Volvo,2,5.5,768
dharamshala,chandigarh,240,1500,1,14,0,HRTC Himsuta Volvo,2,5.5,768
dharamshala,chandigarh,240,1500,1,19,0,HRTC Himsuta Volvo,2,6.0,768
dharamshala,chandigarh,240,1500,2,6,0,HRTC Himsuta Volvo,2,5.5,768
dharamshala,chandigarh,240,1500,2,10,0,HRTC Himsuta Volvo,2,5.5,768
dharamshala,chandigarh,240,1500,2,14,0,HRTC Himsuta Volvo,2,5.5,768
dharamshala,chandigarh,240,1500,2,19,0,HRTC Himsuta Volvo,2,6.0,768
dharamshala,chandigarh,240,1500,3,6,0,HRTC Himsuta Volvo,2,5.5,768
dharamshala,chandigarh,240,1500,3,10,0,HRTC Himsuta Volvo,2,5.5,768
dharamshala,chandigarh,240,1500,3,14,0,HRTC Himsuta Volvo,2,5.5,768
dharamshala,chandigarh,240,1500,3,19,0,HRTC Himsuta Volvo,2,6.0,768
dharamshala,chandigarh,240,1500,4,6,0,HRTC Himsuta Volvo,2,5.5,768
dharamshala,chandigarh,240,1500,4,10,0,HRTC Himsuta Volvo,2,5.5,768
dharamshala,chandigarh,240,1500,4,14,0,HRTC Himsuta Volvo,2,5.5,768
dharamshala,chandigarh,240,1500,4,19,0,HRTC Himsuta Volvo,2,6.0,768
dharamshala,chandigarh,240,1500,5,6,0,HRTC Himsuta Volvo,2,5.5,768
dharamshala,chandigarh,240,1500,5,10,0,HRTC Himsuta Volvo,2,5.5,768
dharamshala,chandigarh,240,1500,5,14,0,HRTC Himsuta Volvo,2,5.5,768
dharamshala,chandigarh,240,1500,5,19,0,HRTC Himsuta Volvo,2,6.0,768
dharamshala,chandigarh,240,1500,6,6,0,HRTC Himsuta Volvo,2,5.5,768
dharamshala,chandigarh,240,1500,6,10,0,HRTC Himsuta Volvo,2,5.5,768
dharamshala,chandigarh,240,1500,6,14,0,HRTC Himsuta Volvo,2,5.5,768
dharamshala,chandigarh,240,1500,6,19,0,HRTC Himsuta Volvo,2,6.0,768
dharamshala,chandigarh,240,1500,7,6,1,HRTC Himsuta Volvo,2,6.5,768
dharamshala,chandigarh,240,1500,7,10,1,HRTC Himsuta Volvo,2,6.5,768
dharamshala,chandigarh,240,1500,7,14,0,HRTC Himsuta Volvo,2,5.5,768
dharamshala,chandigarh,240,1500,7,19,2,HRTC Himsuta Volvo,2,9.5,768
dharamshala,chandigarh,240,1500,8,6,2,HRTC Himsuta Volvo,2,9.0,768
dharamshala,chandigarh,240,1500,8,10,0,HRTC Himsuta Volvo,2,5.5,768
dharamshala,chandigarh,240,1500,8,14,1,HRTC Himsuta Volvo,2,6.5,768
dharamshala,chandigarh,240,1500,8,19,0,HRTC Himsuta Volvo,2,6.0,768
dharamshala,chandigarh,240,1500,9,6,0,HRTC Himsuta Volvo,2,5.5,768
dharamshala,chandigarh,240,1500,9,10,0,HRTC Himsuta Volvo,2,5.5,768
dharamshala,chandigarh,240,1500,9,14,0,HRTC Himsuta Volvo,2,5.5,768
dharamshala,chandigarh,240,1500,9,19,0,HRTC Himsuta Volvo,2,6.0,768
dharamshala,chandigarh,240,1500,10,6,0,HRTC Himsuta Volvo,2,5.5,768
dharamshala,chandigarh,240,1500,10,10,0,HRTC Himsuta Volvo,2,5.5,768
dharamshala,chandigarh,240,1500,10,14,0,HRTC Himsuta Volvo,2,5.5,768
dharamshala,chandigarh,240,1500,10,19,0,HRTC Himsuta Volvo,2,6.0,768
dharamshala,chandigarh,240,1500,11,6,0,HRTC Himsuta Volvo,2,5.5,768
dharamshala,chandigarh,240,1500,11,10,0,HRTC Himsuta Volvo,2,5.5,768
dharamshala,chandigarh,240,1500,11,14,0,HRTC Himsuta Volvo,2,5.5,768
dharamshala,chandigarh,240,1500,11,19,0,HRTC Himsuta Volvo,2,6.0,768
dharamshala,chandigarh,240,1500,12,6,0,HRTC Himsuta Volvo,2,5.5,768
dharamshala,chandigarh,240,1500,12,10,0,HRTC Himsuta Volvo,2,5.5,768
dharamshala,chandigarh,240,1500,12,14,0,HRTC Himsuta Volvo,2,5.5,768
dharamshala,chandigarh,240,1500,12,19,0,HRTC Himsuta Volvo,2,6.0,768
chandigarh,bilaspur,135,1500,1,6,0,HRTC Ordinary,0,3.0,195
chandigarh,bilaspur,135,1500,1,10,0,HRTC Ordinary,0,3.0,195
chandigarh,bilaspur,135,1500,1,14,0,HRTC Ordinary,0,3.0,195
chandigarh,bilaspur,135,1500,1,19,0,HRTC Ordinary,0,3.5,195
chandigarh,bilaspur,135,1500,2,6,0,HRTC Ordinary,0,3.0,195
chandigarh,bilaspur,135,1500,2,10,0,HRTC Ordinary,0,3.0,195
chandigarh,bilaspur,135,1500,2,14,0,HRTC Ordinary,0,3.0,195
chandigarh,bilaspur,135,1500,2,19,0,HRTC Ordinary,0,3.5,195
chandigarh,bilaspur,135,1500,3,6,0,HRTC Ordinary,0,3.0,195
chandigarh,bilaspur,135,1500,3,10,0,HRTC Ordinary,0,3.0,195
chandigarh,bilaspur,135,1500,3,14,0,HRTC Ordinary,0,3.0,195
chandigarh,bilaspur,135,1500,3,19,0,HRTC Ordinary,0,3.5,195
chandigarh,bilaspur,135,1500,4,6,0,HRTC Ordinary,0,3.0,195
chandigarh,bilaspur,135,1500,4,10,0,HRTC Ordinary,0,3.0,195
chandigarh,bilaspur,135,1500,4,14,0,HRTC Ordinary,0,3.0,195
chandigarh,bilaspur,135,1500,4,19,0,HRTC Ordinary,0,3.5,195
chandigarh,bilaspur,135,1500,5,6,0,HRTC Ordinary,0,3.0,195
chandigarh,bilaspur,135,1500,5,10,0,HRTC Ordinary,0,3.0,195
chandigarh,bilaspur,135,1500,5,14,0,HRTC Ordinary,0,3.0,195
chandigarh,bilaspur,135,1500,5,19,0,HRTC Ordinary,0,3.5,195
chandigarh,bilaspur,135,1500,6,6,0,HRTC Ordinary,0,3.0,195
chandigarh,bilaspur,135,1500,6,10,0,HRTC Ordinary,0,3.0,195
chandigarh,bilaspur,135,1500,6,14,0,HRTC Ordinary,0,3.0,195
chandigarh,bilaspur,135,1500,6,19,0,HRTC Ordinary,0,3.5,195
chandigarh,bilaspur,135,1500,7,6,0,HRTC Ordinary,0,3.0,195
chandigarh,bilaspur,135,1500,7,10,0,HRTC Ordinary,0,3.0,195
chandigarh,bilaspur,135,1500,7,14,1,HRTC Ordinary,0,4.0,195
chandigarh,bilaspur,135,1500,7,19,1,HRTC Ordinary,0,4.5,195
chandigarh,bilaspur,135,1500,8,6,0,HRTC Ordinary,0,3.0,195
chandigarh,bilaspur,135,1500,8,10,0,HRTC Ordinary,0,3.0,195
chandigarh,bilaspur,135,1500,8,14,2,HRTC Ordinary,0,6.5,195
chandigarh,bilaspur,135,1500,8,19,0,HRTC Ordinary,0,3.5,195
chandigarh,bilaspur,135,1500,9,6,0,HRTC Ordinary,0,3.0,195
chandigarh,bilaspur,135,1500,9,10,0,HRTC Ordinary,0,3.0,195
chandigarh,bilaspur,135,1500,9,14,0,HRTC Ordinary,0,3.0,195
chandigarh,bilaspur,135,1500,9,19,0,HRTC Ordinary,0,3.5,195
chandigarh,bilaspur,135,1500,10,6,0,HRTC Ordinary,0,3.0,195
chandigarh,bilaspur,135,1500,10,10,0,HRTC Ordinary,0,3.0,195
chandigarh,bilaspur,135,1500,10,14,0,HRTC Ordinary,0,3.0,195
chandigarh,bilaspur,135,1500,10,19,0,HRTC Ordinary,0,3.5,195
chandigarh,bilaspur,135,1500,11,6,0,HRTC Ordinary,0,3.0,195
chandigarh,bilaspur,135,1500,11,10,0,HRTC Ordinary,0,3.0,195
chandigarh,bilaspur,135,1500,11,14,0,HRTC Ordinary,0,3.0,195
chandigarh,bilaspur,135,1500,11,19,0,HRTC Ordinary,0,3.5,195
chandigarh,bilaspur,135,1500,12,6,0,HRTC Ordinary,0,3.0,195
chandigarh,bilaspur,135,1500,12,10,0,HRTC Ordinary,0,3.0,195
chandigarh,bilaspur,135,1500,12,14,0,HRTC Ordinary,0,3.0,195
chandigarh,bilaspur,135,1500,12,19,0,HRTC Ordinary,0,3.5,195
chandigarh,bilaspur,135,1500,1,6,0,HRTC Himgaura AC,1,3.0,283
chandigarh,bilaspur,135,1500,1,10,0,HRTC Himgaura AC,1,3.0,283
chandigarh,bilaspur,135,1500,1,14,0,HRTC Himgaura AC,1,3.0,283
chandigarh,bilaspur,135,1500,1,19,0,HRTC Himgaura AC,1,3.5,283
chandigarh,bilaspur,135,1500,2,6,0,HRTC Himgaura AC,1,3.0,283
chandigarh,bilaspur,135,1500,2,10,0,HRTC Himgaura AC,1,3.0,283
chandigarh,bilaspur,135,1500,2,14,0,HRTC Himgaura AC,1,3.0,283
chandigarh,bilaspur,135,1500,2,19,0,HRTC Himgaura AC,1,3.5,283
chandigarh,bilaspur,135,1500,3,6,0,HRTC Himgaura AC,1,3.0,283
chandigarh,bilaspur,135,1500,3,10,0,HRTC Himgaura AC,1,3.0,283
chandigarh,bilaspur,135,1500,3,14,0,HRTC Himgaura AC,1,3.0,283
chandigarh,bilaspur,135,1500,3,19,0,HRTC Himgaura AC,1,3.5,283
chandigarh,bilaspur,135,1500,4,6,0,HRTC Himgaura AC,1,3.0,283
chandigarh,bilaspur,135,1500,4,10,0,HRTC Himgaura AC,1,3.0,283
chandigarh,bilaspur,135,1500,4,14,0,HRTC Himgaura AC,1,3.0,283
chandigarh,bilaspur,135,1500,4,19,0,HRTC Himgaura AC,1,3.5,283
chandigarh,bilaspur,135,1500,5,6,0,HRTC Himgaura AC,1,3.0,283
chandigarh,bilaspur,135,1500,5,10,0,HRTC Himgaura AC,1,3.0,283
chandigarh,bilaspur,135,1500,5,14,0,HRTC Himgaura AC,1,3.0,283
chandigarh,bilaspur,135,1500,5,19,0,HRTC Himgaura AC,1,3.5,283
chandigarh,bilaspur,135,1500,6,6,0,HRTC Himgaura AC,1,3.0,283
chandigarh,bilaspur,135,1500,6,10,0,HRTC Himgaura AC,1,3.0,283
chandigarh,bilaspur,135,1500,6,14,0,HRTC Himgaura AC,1,3.0,283
chandigarh,bilaspur,135,1500,6,19,0,HRTC Himgaura AC,1,3.5,283
chandigarh,bilaspur,135,1500,7,6,0,HRTC Himgaura AC,1,3.0,283
chandigarh,bilaspur,135,1500,7,10,1,HRTC Himgaura AC,1,4.0,283
chandigarh,bilaspur,135,1500,7,14,2,HRTC Himgaura AC,1,6.5,283
chandigarh,bilaspur,135,1500,7,19,0,HRTC Himgaura AC,1,3.5,283
chandigarh,bilaspur,135,1500,8,6,1,HRTC Himgaura AC,1,4.0,283
chandigarh,bilaspur,135,1500,8,10,1,HRTC Himgaura AC,1,4.0,283
chandigarh,bilaspur,135,1500,8,14,0,HRTC Himgaura AC,1,3.0,283
chandigarh,bilaspur,135,1500,8,19,1,HRTC Himgaura AC,1,4.5,283
chandigarh,bilaspur,135,1500,9,6,0,HRTC Himgaura AC,1,3.0,283
chandigarh,bilaspur,135,1500,9,10,0,HRTC Himgaura AC,1,3.0,283
chandigarh,bilaspur,135,1500,9,14,0,HRTC Himgaura AC,1,3.0,283
chandigarh,bilaspur,135,1500,9,19,0,HRTC Himgaura AC,1,3.5,283
chandigarh,bilaspur,135,1500,10,6,0,HRTC Himgaura AC,1,3.0,283
chandigarh,bilaspur,135,1500,10,10,0,HRTC Himgaura AC,1,3.0,283
chandigarh,bilaspur,135,1500,10,14,0,HRTC Himgaura AC,1,3.0,283
chandigarh,bilaspur,135,1500,10,19,0,HRTC Himgaura AC,1,3.5,283
chandigarh,bilaspur,135,1500,11,6,0,HRTC Himgaura AC,1,3.0,283
chandigarh,bilaspur,135,1500,11,10,0,HRTC Himgaura AC,1,3.0,283
chandigarh,bilaspur,135,1500,11,14,0,HRTC Himgaura AC,1,3.0,283
chandigarh,bilaspur,135,1500,11,19,0,HRTC Himgaura AC,1,3.5,283
chandigarh,bilaspur,135,1500,12,6,0,HRTC Himgaura AC,1,3.0,283
chandigarh,bilaspur,135,1500,12,10,0,HRTC Himgaura AC,1,3.0,283
chandigarh,bilaspur,135,1500,12,14,0,HRTC Himgaura AC,1,3.0,283
chandigarh,bilaspur,135,1500,12,19,0,HRTC Himgaura AC,1,3.5,283
chandigarh,bilaspur,135,1500,1,6,0,HRTC Himsuta Volvo,2,3.0,432
chandigarh,bilaspur,135,1500,1,10,0,HRTC Himsuta Volvo,2,3.0,432
chandigarh,bilaspur,135,1500,1,14,0,HRTC Himsuta Volvo,2,3.0,432
chandigarh,bilaspur,135,1500,1,19,0,HRTC Himsuta Volvo,2,3.0,432
chandigarh,bilaspur,135,1500,2,6,0,HRTC Himsuta Volvo,2,3.0,432
chandigarh,bilaspur,135,1500,2,10,0,HRTC Himsuta Volvo,2,3.0,432
chandigarh,bilaspur,135,1500,2,14,0,HRTC Himsuta Volvo,2,3.0,432
chandigarh,bilaspur,135,1500,2,19,0,HRTC Himsuta Volvo,2,3.0,432
chandigarh,bilaspur,135,1500,3,6,0,HRTC Himsuta Volvo,2,3.0,432
chandigarh,bilaspur,135,1500,3,10,0,HRTC Himsuta Volvo,2,3.0,432
chandigarh,bilaspur,135,1500,3,14,0,HRTC Himsuta Volvo,2,3.0,432
chandigarh,bilaspur,135,1500,3,19,0,HRTC Himsuta Volvo,2,3.0,432
chandigarh,bilaspur,135,1500,4,6,0,HRTC Himsuta Volvo,2,3.0,432
chandigarh,bilaspur,135,1500,4,10,0,HRTC Himsuta Volvo,2,3.0,432
chandigarh,bilaspur,135,1500,4,14,0,HRTC Himsuta Volvo,2,3.0,432
chandigarh,bilaspur,135,1500,4,19,0,HRTC Himsuta Volvo,2,3.0,432
chandigarh,bilaspur,135,1500,5,6,0,HRTC Himsuta Volvo,2,3.0,432
chandigarh,bilaspur,135,1500,5,10,0,HRTC Himsuta Volvo,2,3.0,432
chandigarh,bilaspur,135,1500,5,14,0,HRTC Himsuta Volvo,2,3.0,432
chandigarh,bilaspur,135,1500,5,19,0,HRTC Himsuta Volvo,2,3.0,432
chandigarh,bilaspur,135,1500,6,6,0,HRTC Himsuta Volvo,2,3.0,432
chandigarh,bilaspur,135,1500,6,10,0,HRTC Himsuta Volvo,2,3.0,432
chandigarh,bilaspur,135,1500,6,14,0,HRTC Himsuta Volvo,2,3.0,432
chandigarh,bilaspur,135,1500,6,19,0,HRTC Himsuta Volvo,2,3.0,432
chandigarh,bilaspur,135,1500,7,6,0,HRTC Himsuta Volvo,2,3.0,432
chandigarh,bilaspur,135,1500,7,10,1,HRTC Himsuta Volvo,2,3.5,432
chandigarh,bilaspur,135,1500,7,14,1,HRTC Himsuta Volvo,2,3.5,432
chandigarh,bilaspur,135,1500,7,19,1,HRTC Himsuta Volvo,2,4.0,432
chandigarh,bilaspur,135,1500,8,6,0,HRTC Himsuta Volvo,2,3.0,432
chandigarh,bilaspur,135,1500,8,10,2,HRTC Himsuta Volvo,2,6.0,432
chandigarh,bilaspur,135,1500,8,14,0,HRTC Himsuta Volvo,2,3.0,432
chandigarh,bilaspur,135,1500,8,19,0,HRTC Himsuta Volvo,2,3.0,432
chandigarh,bilaspur,135,1500,9,6,0,HRTC Himsuta Volvo,2,3.0,432
chandigarh,bilaspur,135,1500,9,10,0,HRTC Himsuta Volvo,2,3.0,432
chandigarh,bilaspur,135,1500,9,14,0,HRTC Himsuta Volvo,2,3.0,432
chandigarh,bilaspur,135,1500,9,19,0,HRTC Himsuta Volvo,2,3.0,432
chandigarh,bilaspur,135,1500,10,6,0,HRTC Himsuta Volvo,2,3.0,432
chandigarh,bilaspur,135,1500,10,10,0,HRTC Himsuta Volvo,2,3.0,432
chandigarh,bilaspur,135,1500,10,14,0,HRTC Himsuta Volvo,2,3.0,432
chandigarh,bilaspur,135,1500,10,19,0,HRTC Himsuta Volvo,2,3.0,432
chandigarh,bilaspur,135,1500,11,6,0,HRTC Himsuta Volvo,2,3.0,432
chandigarh,bilaspur,135,1500,11,10,0,HRTC Himsuta Volvo,2,3.0,432
chandigarh,bilaspur,135,1500,11,14,0,HRTC Himsuta Volvo,2,3.0,432
chandigarh,bilaspur,135,1500,11,19,0,HRTC Himsuta Volvo,2,3.0,432
chandigarh,bilaspur,135,1500,12,6,0,HRTC Himsuta Volvo,2,3.0,432
chandigarh,bilaspur,135,1500,12,10,0,HRTC Himsuta Volvo,2,3.0,432
chandigarh,bilaspur,135,1500,12,14,0,HRTC Himsuta Volvo,2,3.0,432
chandigarh,bilaspur,135,1500,12,19,0,HRTC Himsuta Volvo,2,3.0,432
bilaspur,chandigarh,135,1500,1,6,0,HRTC Ordinary,0,3.0,195
bilaspur,chandigarh,135,1500,1,10,0,HRTC Ordinary,0,3.0,195
bilaspur,chandigarh,135,1500,1,14,0,HRTC Ordinary,0,3.0,195
bilaspur,chandigarh,135,1500,1,19,0,HRTC Ordinary,0,3.5,195
bilaspur,chandigarh,135,1500,2,6,0,HRTC Ordinary,0,3.0,195
bilaspur,chandigarh,135,1500,2,10,0,HRTC Ordinary,0,3.0,195
bilaspur,chandigarh,135,1500,2,14,0,HRTC Ordinary,0,3.0,195
bilaspur,chandigarh,135,1500,2,19,0,HRTC Ordinary,0,3.5,195
bilaspur,chandigarh,135,1500,3,6,0,HRTC Ordinary,0,3.0,195
bilaspur,chandigarh,135,1500,3,10,0,HRTC Ordinary,0,3.0,195
bilaspur,chandigarh,135,1500,3,14,0,HRTC Ordinary,0,3.0,195
bilaspur,chandigarh,135,1500,3,19,0,HRTC Ordinary,0,3.5,195
bilaspur,chandigarh,135,1500,4,6,0,HRTC Ordinary,0,3.0,195
bilaspur,chandigarh,135,1500,4,10,0,HRTC Ordinary,0,3.0,195
bilaspur,chandigarh,135,1500,4,14,0,HRTC Ordinary,0,3.0,195
bilaspur,chandigarh,135,1500,4,19,0,HRTC Ordinary,0,3.5,195
bilaspur,chandigarh,135,1500,5,6,0,HRTC Ordinary,0,3.0,195
bilaspur,chandigarh,135,1500,5,10,0,HRTC Ordinary,0,3.0,195
bilaspur,chandigarh,135,1500,5,14,0,HRTC Ordinary,0,3.0,195
bilaspur,chandigarh,135,1500,5,19,0,HRTC Ordinary,0,3.5,195
bilaspur,chandigarh,135,1500,6,6,0,HRTC Ordinary,0,3.0,195
bilaspur,chandigarh,135,1500,6,10,0,HRTC Ordinary,0,3.0,195
bilaspur,chandigarh,135,1500,6,14,0,HRTC Ordinary,0,3.0,195
bilaspur,chandigarh,135,1500,6,19,0,HRTC Ordinary,0,3.5,195
bilaspur,chandigarh,135,1500,7,6,0,HRTC Ordinary,0,3.0,195
bilaspur,chandigarh,135,1500,7,10,1,HRTC Ordinary,0,4.0,195
bilaspur,chandigarh,135,1500,7,14,1,HRTC Ordinary,0,4.0,195
bilaspur,chandigarh,135,1500,7,19,0,HRTC Ordinary,0,3.5,195
bilaspur,chandigarh,135,1500,8,6,1,HRTC Ordinary,0,4.0,195
bilaspur,chandigarh,135,1500,8,10,0,HRTC Ordinary,0,3.0,195
bilaspur,chandigarh,135,1500,8,14,1,HRTC Ordinary,0,4.0,195
bilaspur,chandigarh,135,1500,8,19,0,HRTC Ordinary,0,3.5,195
bilaspur,chandigarh,135,1500,9,6,0,HRTC Ordinary,0,3.0,195
bilaspur,chandigarh,135,1500,9,10,0,HRTC Ordinary,0,3.0,195
bilaspur,chandigarh,135,1500,9,14,0,HRTC Ordinary,0,3.0,195
bilaspur,chandigarh,135,1500,9,19,0,HRTC Ordinary,0,3.5,195
bilaspur,chandigarh,135,1500,10,6,0,HRTC Ordinary,0,3.0,195
bilaspur,chandigarh,135,1500,10,10,0,HRTC Ordinary,0,3.0,195
bilaspur,chandigarh,135,1500,10,14,0,HRTC Ordinary,0,3.0,195
bilaspur,chandigarh,135,1500,10,19,0,HRTC Ordinary,0,3.5,195
bilaspur,chandigarh,135,1500,11,6,0,HRTC Ordinary,0,3.0,195
bilaspur,chandigarh,135,1500,11,10,0,HRTC Ordinary,0,3.0,195
bilaspur,chandigarh,135,1500,11,14,0,HRTC Ordinary,0,3.0,195
bilaspur,chandigarh,135,1500,11,19,0,HRTC Ordinary,0,3.5,195
bilaspur,chandigarh,135,1500,12,6,0,HRTC Ordinary,0,3.0,195
bilaspur,chandigarh,135,1500,12,10,0,HRTC Ordinary,0,3.0,195
bilaspur,chandigarh,135,1500,12,14,0,HRTC Ordinary,0,3.0,195
bilaspur,chandigarh,135,1500,12,19,0,HRTC Ordinary,0,3.5,195
bilaspur,chandigarh,135,1500,1,6,0,HRTC Himgaura AC,1,3.0,283
bilaspur,chandigarh,135,1500,1,10,0,HRTC Himgaura AC,1,3.0,283
bilaspur,chandigarh,135,1500,1,14,0,HRTC Himgaura AC,1,3.0,283
bilaspur,chandigarh,135,1500,1,19,0,HRTC Himgaura AC,1,3.5,283
bilaspur,chandigarh,135,1500,2,6,0,HRTC Himgaura AC,1,3.0,283
bilaspur,chandigarh,135,1500,2,10,0,HRTC Himgaura AC,1,3.0,283
bilaspur,chandigarh,135,1500,2,14,0,HRTC Himgaura AC,1,3.0,283
bilaspur,chandigarh,135,1500,2,19,0,HRTC Himgaura AC,1,3.5,283
bilaspur,chandigarh,135,1500,3,6,0,HRTC Himgaura AC,1,3.0,283
bilaspur,chandigarh,135,1500,3,10,0,HRTC Himgaura AC,1,3.0,283
bilaspur,chandigarh,135,1500,3,14,0,HRTC Himgaura AC,1,3.0,283
bilaspur,chandigarh,135,1500,3,19,0,HRTC Himgaura AC,1,3.5,283
bilaspur,chandigarh,135,1500,4,6,0,HRTC Himgaura AC,1,3.0,283
bilaspur,chandigarh,135,1500,4,10,0,HRTC Himgaura AC,1,3.0,283
bilaspur,chandigarh,135,1500,4,14,0,HRTC Himgaura AC,1,3.0,283
bilaspur,chandigarh,135,1500,4,19,0,HRTC Himgaura AC,1,3.5,283
bilaspur,chandigarh,135,1500,5,6,0,HRTC Himgaura AC,1,3.0,283
bilaspur,chandigarh,135,1500,5,10,0,HRTC Himgaura AC,1,3.0,283
bilaspur,chandigarh,135,1500,5,14,0,HRTC Himgaura AC,1,3.0,283
bilaspur,chandigarh,135,1500,5,19,0,HRTC Himgaura AC,1,3.5,283
bilaspur,chandigarh,135,1500,6,6,0,HRTC Himgaura AC,1,3.0,283
bilaspur,chandigarh,135,1500,6,10,0,HRTC Himgaura AC,1,3.0,283
bilaspur,chandigarh,135,1500,6,14,0,HRTC Himgaura AC,1,3.0,283
bilaspur,chandigarh,135,1500,6,19,0,HRTC Himgaura AC,1,3.5,283
bilaspur,chandigarh,135,1500,7,6,1,HRTC Himgaura AC,1,4.0,283
bilaspur,chandigarh,135,1500,7,10,0,HRTC Himgaura AC,1,3.0,283
bilaspur,chandigarh,135,1500,7,14,2,HRTC Himgaura AC,1,6.5,283
bilaspur,chandigarh,135,1500,7,19,0,HRTC Himgaura AC,1,3.5,283
bilaspur,chandigarh,135,1500,8,6,0,HRTC Himgaura AC,1,3.0,283
bilaspur,chandigarh,135,1500,8,10,0,HRTC Himgaura AC,1,3.0,283
bilaspur,chandigarh,135,1500,8,14,2,HRTC Himgaura AC,1,6.5,283
bilaspur,chandigarh,135,1500,8,19,2,HRTC Himgaura AC,1,7.0,283
bilaspur,chandigarh,135,1500,9,6,0,HRTC Himgaura AC,1,3.0,283
bilaspur,chandigarh,135,1500,9,10,0,HRTC Himgaura AC,1,3.0,283
bilaspur,chandigarh,135,1500,9,14,0,HRTC Himgaura AC,1,3.0,283
bilaspur,chandigarh,135,1500,9,19,0,HRTC Himgaura AC,1,3.5,283
bilaspur,chandigarh,135,1500,10,6,0,HRTC Himgaura AC,1,3.0,283
bilaspur,chandigarh,135,1500,10,10,0,HRTC Himgaura AC,1,3.0,283
bilaspur,chandigarh,135,1500,10,14,0,HRTC Himgaura AC,1,3.0,283
bilaspur,chandigarh,135,1500,10,19,0,HRTC Himgaura AC,1,3.5,283
bilaspur,chandigarh,135,1500,11,6,0,HRTC Himgaura AC,1,3.0,283
bilaspur,chandigarh,135,1500,11,10,0,HRTC Himgaura AC,1,3.0,283
bilaspur,chandigarh,135,1500,11,14,0,HRTC Himgaura AC,1,3.0,283
bilaspur,chandigarh,135,1500,11,19,0,HRTC Himgaura AC,1,3.5,283
bilaspur,chandigarh,135,1500,12,6,0,HRTC Himgaura AC,1,3.0,283
bilaspur,chandigarh,135,1500,12,10,0,HRTC Himgaura AC,1,3.0,283
bilaspur,chandigarh,135,1500,12,14,0,HRTC Himgaura AC,1,3.0,283
bilaspur,chandigarh,135,1500,12,19,0,HRTC Himgaura AC,1,3.5,283
bilaspur,chandigarh,135,1500,1,6,0,HRTC Himsuta Volvo,2,3.0,432
bilaspur,chandigarh,135,1500,1,10,0,HRTC Himsuta Volvo,2,3.0,432
bilaspur,chandigarh,135,1500,1,14,0,HRTC Himsuta Volvo,2,3.0,432
bilaspur,chandigarh,135,1500,1,19,0,HRTC Himsuta Volvo,2,3.0,432
bilaspur,chandigarh,135,1500,2,6,0,HRTC Himsuta Volvo,2,3.0,432
bilaspur,chandigarh,135,1500,2,10,0,HRTC Himsuta Volvo,2,3.0,432
bilaspur,chandigarh,135,1500,2,14,0,HRTC Himsuta Volvo,2,3.0,432
bilaspur,chandigarh,135,1500,2,19,0,HRTC Himsuta Volvo,2,3.0,432
bilaspur,chandigarh,135,1500,3,6,0,HRTC Himsuta Volvo,2,3.0,432
bilaspur,chandigarh,135,1500,3,10,0,HRTC Himsuta Volvo,2,3.0,432
bilaspur,chandigarh,135,1500,3,14,0,HRTC Himsuta Volvo,2,3.0,432
bilaspur,chandigarh,135,1500,3,19,0,HRTC Himsuta Volvo,2,3.0,432
bilaspur,chandigarh,135,1500,4,6,0,HRTC Himsuta Volvo,2,3.0,432
bilaspur,chandigarh,135,1500,4,10,0,HRTC Himsuta Volvo,2,3.0,432
bilaspur,chandigarh,135,1500,4,14,0,HRTC Himsuta Volvo,2,3.0,432
bilaspur,chandigarh,135,1500,4,19,0,HRTC Himsuta Volvo,2,3.0,432
bilaspur,chandigarh,135,1500,5,6,0,HRTC Himsuta Volvo,2,3.0,432
bilaspur,chandigarh,135,1500,5,10,0,HRTC Himsuta Volvo,2,3.0,432
bilaspur,chandigarh,135,1500,5,14,0,HRTC Himsuta Volvo,2,3.0,432
bilaspur,chandigarh,135,1500,5,19,0,HRTC Himsuta Volvo,2,3.0,432
bilaspur,chandigarh,135,1500,6,6,0,HRTC Himsuta Volvo,2,3.0,432
bilaspur,chandigarh,135,1500,6,10,0,HRTC Himsuta Volvo,2,3.0,432
bilaspur,chandigarh,135,1500,6,14,0,HRTC Himsuta Volvo,2,3.0,432
bilaspur,chandigarh,135,1500,6,19,0,HRTC Himsuta Volvo,2,3.0,432
bilaspur,chandigarh,135,1500,7,6,0,HRTC Himsuta Volvo,2,3.0,432
bilaspur,chandigarh,135,1500,7,10,1,HRTC Himsuta Volvo,2,3.5,432
bilaspur,chandigarh,135,1500,7,14,2,HRTC Himsuta Volvo,2,6.0,432
bilaspur,chandigarh,135,1500,7,19,1,HRTC Himsuta Volvo,2,4.0,432
bilaspur,chandigarh,135,1500,8,6,1,HRTC Himsuta Volvo,2,3.5,432
bilaspur,chandigarh,135,1500,8,10,0,HRTC Himsuta Volvo,2,3.0,432
bilaspur,chandigarh,135,1500,8,14,0,HRTC Himsuta Volvo,2,3.0,432
bilaspur,chandigarh,135,1500,8,19,2,HRTC Himsuta Volvo,2,6.5,432
bilaspur,chandigarh,135,1500,9,6,0,HRTC Himsuta Volvo,2,3.0,432
bilaspur,chandigarh,135,1500,9,10,0,HRTC Himsuta Volvo,2,3.0,432
bilaspur,chandigarh,135,1500,9,14,0,HRTC Himsuta Volvo,2,3.0,432
bilaspur,chandigarh,135,1500,9,19,0,HRTC Himsuta Volvo,2,3.0,432
bilaspur,chandigarh,135,1500,10,6,0,HRTC Himsuta Volvo,2,3.0,432
bilaspur,chandigarh,135,1500,10,10,0,HRTC Himsuta Volvo,2,3.0,432
bilaspur,chandigarh,135,1500,10,14,0,HRTC Himsuta Volvo,2,3.0,432
bilaspur,chandigarh,135,1500,10,19,0,HRTC Himsuta Volvo,2,3.0,432
bilaspur,chandigarh,135,1500,11,6,0,HRTC Himsuta Volvo,2,3.0,432
bilaspur,chandigarh,135,1500,11,10,0,HRTC Himsuta Volvo,2,3.0,432
bilaspur,chandigarh,135,1500,11,14,0,HRTC Himsuta Volvo,2,3.0,432
bilaspur,chandigarh,135,1500,11,19,0,HRTC Himsuta Volvo,2,3.0,432
bilaspur,chandigarh,135,1500,12,6,0,HRTC Himsuta Volvo,2,3.0,432
bilaspur,chandigarh,135,1500,12,10,0,HRTC Himsuta Volvo,2,3.0,432
bilaspur,chandigarh,135,1500,12,14,0,HRTC Himsuta Volvo,2,3.0,432
bilaspur,chandigarh,135,1500,12,19,0,HRTC Himsuta Volvo,2,3.0,432
chandigarh,una,110,1500,1,6,0,HRTC Ordinary,0,2.5,159
chandigarh,una,110,1500,1,10,0,HRTC Ordinary,0,2.5,159
chandigarh,una,110,1500,1,14,0,HRTC Ordinary,0,2.5,159
chandigarh,una,110,1500,1,19,0,HRTC Ordinary,0,3.0,159
chandigarh,una,110,1500,2,6,0,HRTC Ordinary,0,2.5,159
chandigarh,una,110,1500,2,10,0,HRTC Ordinary,0,2.5,159
chandigarh,una,110,1500,2,14,0,HRTC Ordinary,0,2.5,159
chandigarh,una,110,1500,2,19,0,HRTC Ordinary,0,3.0,159
chandigarh,una,110,1500,3,6,0,HRTC Ordinary,0,2.5,159
chandigarh,una,110,1500,3,10,0,HRTC Ordinary,0,2.5,159
chandigarh,una,110,1500,3,14,0,HRTC Ordinary,0,2.5,159
chandigarh,una,110,1500,3,19,0,HRTC Ordinary,0,3.0,159
chandigarh,una,110,1500,4,6,0,HRTC Ordinary,0,2.5,159
chandigarh,una,110,1500,4,10,0,HRTC Ordinary,0,2.5,159
chandigarh,una,110,1500,4,14,0,HRTC Ordinary,0,2.5,159
chandigarh,una,110,1500,4,19,0,HRTC Ordinary,0,3.0,159
chandigarh,una,110,1500,5,6,0,HRTC Ordinary,0,2.5,159
chandigarh,una,110,1500,5,10,0,HRTC Ordinary,0,2.5,159
chandigarh,una,110,1500,5,14,0,HRTC Ordinary,0,2.5,159
chandigarh,una,110,1500,5,19,0,HRTC Ordinary,0,3.0,159
chandigarh,una,110,1500,6,6,0,HRTC Ordinary,0,2.5,159
chandigarh,una,110,1500,6,10,0,HRTC Ordinary,0,2.5,159
chandigarh,una,110,1500,6,14,0,HRTC Ordinary,0,2.5,159
chandigarh,una,110,1500,6,19,0,HRTC Ordinary,0,3.0,159
chandigarh,una,110,1500,7,6,2,HRTC Ordinary,0,6.0,159
chandigarh,una,110,1500,7,10,1,HRTC Ordinary,0,3.5,159
chandigarh,una,110,1500,7,14,0,HRTC Ordinary,0,2.5,159
chandigarh,una,110,1500,7,19,0,HRTC Ordinary,0,3.0,159
chandigarh,una,110,1500,8,6,1,HRTC Ordinary,0,3.5,159
chandigarh,una,110,1500,8,10,2,HRTC Ordinary,0,6.0,159
chandigarh,una,110,1500,8,14,2,HRTC Ordinary,0,6.0,159
chandigarh,una,110,1500,8,19,1,HRTC Ordinary,0,4.0,159
chandigarh,una,110,1500,9,6,0,HRTC Ordinary,0,2.5,159
chandigarh,una,110,1500,9,10,0,HRTC Ordinary,0,2.5,159
chandigarh,una,110,1500,9,14,0,HRTC Ordinary,0,2.5,159
chandigarh,una,110,1500,9,19,0,HRTC Ordinary,0,3.0,159
chandigarh,una,110,1500,10,6,0,HRTC Ordinary,0,2.5,159
chandigarh,una,110,1500,10,10,0,HRTC Ordinary,0,2.5,159
chandigarh,una,110,1500,10,14,0,HRTC Ordinary,0,2.5,159
chandigarh,una,110,1500,10,19,0,HRTC Ordinary,0,3.0,159
chandigarh,una,110,1500,11,6,0,HRTC Ordinary,0,2.5,159
chandigarh,una,110,1500,11,10,0,HRTC Ordinary,0,2.5,159
chandigarh,una,110,1500,11,14,0,HRTC Ordinary,0,2.5,159
chandigarh,una,110,1500,11,19,0,HRTC Ordinary,0,3.0,159
chandigarh,una,110,1500,12,6,0,HRTC Ordinary,0,2.5,159
chandigarh,una,110,1500,12,10,0,HRTC Ordinary,0,2.5,159
chandigarh,una,110,1500,12,14,0,HRTC Ordinary,0,2.5,159
chandigarh,una,110,1500,12,19,0,HRTC Ordinary,0,3.0,159
chandigarh,una,110,1500,1,6,0,HRTC Himgaura AC,1,2.5,231
chandigarh,una,110,1500,1,10,0,HRTC Himgaura AC,1,2.5,231
chandigarh,una,110,1500,1,14,0,HRTC Himgaura AC,1,2.5,231
chandigarh,una,110,1500,1,19,0,HRTC Himgaura AC,1,3.0,231
chandigarh,una,110,1500,2,6,0,HRTC Himgaura AC,1,2.5,231
chandigarh,una,110,1500,2,10,0,HRTC Himgaura AC,1,2.5,231
chandigarh,una,110,1500,2,14,0,HRTC Himgaura AC,1,2.5,231
chandigarh,una,110,1500,2,19,0,HRTC Himgaura AC,1,3.0,231
chandigarh,una,110,1500,3,6,0,HRTC Himgaura AC,1,2.5,231
chandigarh,una,110,1500,3,10,0,HRTC Himgaura AC,1,2.5,231
chandigarh,una,110,1500,3,14,0,HRTC Himgaura AC,1,2.5,231
chandigarh,una,110,1500,3,19,0,HRTC Himgaura AC,1,3.0,231
chandigarh,una,110,1500,4,6,0,HRTC Himgaura AC,1,2.5,231
chandigarh,una,110,1500,4,10,0,HRTC Himgaura AC,1,2.5,231
chandigarh,una,110,1500,4,14,0,HRTC Himgaura AC,1,2.5,231
chandigarh,una,110,1500,4,19,0,HRTC Himgaura AC,1,3.0,231
chandigarh,una,110,1500,5,6,0,HRTC Himgaura AC,1,2.5,231
chandigarh,una,110,1500,5,10,0,HRTC Himgaura AC,1,2.5,231
chandigarh,una,110,1500,5,14,0,HRTC Himgaura AC,1,2.5,231
chandigarh,una,110,1500,5,19,0,HRTC Himgaura AC,1,3.0,231
chandigarh,una,110,1500,6,6,0,HRTC Himgaura AC,1,2.5,231
chandigarh,una,110,1500,6,10,0,HRTC Himgaura AC,1,2.5,231
chandigarh,una,110,1500,6,14,0,HRTC Himgaura AC,1,2.5,231
chandigarh,una,110,1500,6,19,0,HRTC Himgaura AC,1,3.0,231
chandigarh,una,110,1500,7,6,1,HRTC Himgaura AC,1,3.5,231
chandigarh,una,110,1500,7,10,0,HRTC Himgaura AC,1,2.5,231
chandigarh,una,110,1500,7,14,0,HRTC Himgaura AC,1,2.5,231
chandigarh,una,110,1500,7,19,2,HRTC Himgaura AC,1,6.5,231
chandigarh,una,110,1500,8,6,1,HRTC Himgaura AC,1,3.5,231
chandigarh,una,110,1500,8,10,0,HRTC Himgaura AC,1,2.5,231
chandigarh,una,110,1500,8,14,0,HRTC Himgaura AC,1,2.5,231
chandigarh,una,110,1500,8,19,1,HRTC Himgaura AC,1,4.0,231
chandigarh,una,110,1500,9,6,0,HRTC Himgaura AC,1,2.5,231
chandigarh,una,110,1500,9,10,0,HRTC Himgaura AC,1,2.5,231
chandigarh,una,110,1500,9,14,0,HRTC Himgaura AC,1,2.5,231
chandigarh,una,110,1500,9,19,0,HRTC Himgaura AC,1,3.0,231
chandigarh,una,110,1500,10,6,0,HRTC Himgaura AC,1,2.5,231
chandigarh,una,110,1500,10,10,0,HRTC Himgaura AC,1,2.5,231
chandigarh,una,110,1500,10,14,0,HRTC Himgaura AC,1,2.5,231
chandigarh,una,110,1500,10,19,0,HRTC Himgaura AC,1,3.0,231
chandigarh,una,110,1500,11,6,0,HRTC Himgaura AC,1,2.5,231
chandigarh,una,110,1500,11,10,0,HRTC Himgaura AC,1,2.5,231
chandigarh,una,110,1500,11,14,0,HRTC Himgaura AC,1,2.5,231
chandigarh,una,110,1500,11,19,0,HRTC Himgaura AC,1,3.0,231
chandigarh,una,110,1500,12,6,0,HRTC Himgaura AC,1,2.5,231
chandigarh,una,110,1500,12,10,0,HRTC Himgaura AC,1,2.5,231
chandigarh,una,110,1500,12,14,0,HRTC Himgaura AC,1,2.5,231
chandigarh,una,110,1500,12,19,0,HRTC Himgaura AC,1,3.0,231
una,chandigarh,110,1500,1,6,0,HRTC Ordinary,0,2.5,159
una,chandigarh,110,1500,1,10,0,HRTC Ordinary,0,2.5,159
una,chandigarh,110,1500,1,14,0,HRTC Ordinary,0,2.5,159
una,chandigarh,110,1500,1,19,0,HRTC Ordinary,0,3.0,159
una,chandigarh,110,1500,2,6,0,HRTC Ordinary,0,2.5,159
una,chandigarh,110,1500,2,10,0,HRTC Ordinary,0,2.5,159
una,chandigarh,110,1500,2,14,0,HRTC Ordinary,0,2.5,159
una,chandigarh,110,1500,2,19,0,HRTC Ordinary,0,3.0,159
una,chandigarh,110,1500,3,6,0,HRTC Ordinary,0,2.5,159
una,chandigarh,110,1500,3,10,0,HRTC Ordinary,0,2.5,159
una,chandigarh,110,1500,3,14,0,HRTC Ordinary,0,2.5,159
una,chandigarh,110,1500,3,19,0,HRTC Ordinary,0,3.0,159
una,chandigarh,110,1500,4,6,0,HRTC Ordinary,0,2.5,159
una,chandigarh,110,1500,4,10,0,HRTC Ordinary,0,2.5,159
una,chandigarh,110,1500,4,14,0,HRTC Ordinary,0,2.5,159
una,chandigarh,110,1500,4,19,0,HRTC Ordinary,0,3.0,159
una,chandigarh,110,1500,5,6,0,HRTC Ordinary,0,2.5,159
una,chandigarh,110,1500,5,10,0,HRTC Ordinary,0,2.5,159
una,chandigarh,110,1500,5,14,0,HRTC Ordinary,0,2.5,159
una,chandigarh,110,1500,5,19,0,HRTC Ordinary,0,3.0,159
una,chandigarh,110,1500,6,6,0,HRTC Ordinary,0,2.5,159
una,chandigarh,110,1500,6,10,0,HRTC Ordinary,0,2.5,159
una,chandigarh,110,1500,6,14,0,HRTC Ordinary,0,2.5,159
una,chandigarh,110,1500,6,19,0,HRTC Ordinary,0,3.0,159
una,chandigarh,110,1500,7,6,0,HRTC Ordinary,0,2.5,159
una,chandigarh,110,1500,7,10,0,HRTC Ordinary,0,2.5,159
una,chandigarh,110,1500,7,14,1,HRTC Ordinary,0,3.5,159
una,chandigarh,110,1500,7,19,1,HRTC Ordinary,0,4.0,159
una,chandigarh,110,1500,8,6,1,HRTC Ordinary,0,3.5,159
una,chandigarh,110,1500,8,10,0,HRTC Ordinary,0,2.5,159
una,chandigarh,110,1500,8,14,1,HRTC Ordinary,0,3.5,159
una,chandigarh,110,1500,8,19,0,HRTC Ordinary,0,3.0,159
una,chandigarh,110,1500,9,6,0,HRTC Ordinary,0,2.5,159
una,chandigarh,110,1500,9,10,0,HRTC Ordinary,0,2.5,159
una,chandigarh,110,1500,9,14,0,HRTC Ordinary,0,2.5,159
una,chandigarh,110,1500,9,19,0,HRTC Ordinary,0,3.0,159
una,chandigarh,110,1500,10,6,0,HRTC Ordinary,0,2.5,159
una,chandigarh,110,1500,10,10,0,HRTC Ordinary,0,2.5,159
una,chandigarh,110,1500,10,14,0,HRTC Ordinary,0,2.5,159
una,chandigarh,110,1500,10,19,0,HRTC Ordinary,0,3.0,159
una,chandigarh,110,1500,11,6,0,HRTC Ordinary,0,2.5,159
una,chandigarh,110,1500,11,10,0,HRTC Ordinary,0,2.5,159
una,chandigarh,110,1500,11,14,0,HRTC Ordinary,0,2.5,159
una,chandigarh,110,1500,11,19,0,HRTC Ordinary,0,3.0,159
una,chandigarh,110,1500,12,6,0,HRTC Ordinary,0,2.5,159
una,chandigarh,110,1500,12,10,0,HRTC Ordinary,0,2.5,159
una,chandigarh,110,1500,12,14,0,HRTC Ordinary,0,2.5,159
una,chandigarh,110,1500,12,19,0,HRTC Ordinary,0,3.0,159
una,chandigarh,110,1500,1,6,0,HRTC Himgaura AC,1,2.5,231
una,chandigarh,110,1500,1,10,0,HRTC Himgaura AC,1,2.5,231
una,chandigarh,110,1500,1,14,0,HRTC Himgaura AC,1,2.5,231
una,chandigarh,110,1500,1,19,0,HRTC Himgaura AC,1,3.0,231
una,chandigarh,110,1500,2,6,0,HRTC Himgaura AC,1,2.5,231
una,chandigarh,110,1500,2,10,0,HRTC Himgaura AC,1,2.5,231
una,chandigarh,110,1500,2,14,0,HRTC Himgaura AC,1,2.5,231
una,chandigarh,110,1500,2,19,0,HRTC Himgaura AC,1,3.0,231
una,chandigarh,110,1500,3,6,0,HRTC Himgaura AC,1,2.5,231
una,chandigarh,110,1500,3,10,0,HRTC Himgaura AC,1,2.5,231
una,chandigarh,110,1500,3,14,0,HRTC Himgaura AC,1,2.5,231
una,chandigarh,110,1500,3,19,0,HRTC Himgaura AC,1,3.0,231
una,chandigarh,110,1500,4,6,0,HRTC Himgaura AC,1,2.5,231
una,chandigarh,110,1500,4,10,0,HRTC Himgaura AC,1,2.5,231
una,chandigarh,110,1500,4,14,0,HRTC Himgaura AC,1,2.5,231
una,chandigarh,110,1500,4,19,0,HRTC Himgaura AC,1,3.0,231
una,chandigarh,110,1500,5,6,0,HRTC Himgaura AC,1,2.5,231
una,chandigarh,110,1500,5,10,0,HRTC Himgaura AC,1,2.5,231
una,chandigarh,110,1500,5,14,0,HRTC Himgaura AC,1,2.5,231
una,chandigarh,110,1500,5,19,0,HRTC Himgaura AC,1,3.0,231
una,chandigarh,110,1500,6,6,0,HRTC Himgaura AC,1,2.5,231
una,chandigarh,110,1500,6,10,0,HRTC Himgaura AC,1,2.5,231
una,chandigarh,110,1500,6,14,0,HRTC Himgaura AC,1,2.5,231
una,chandigarh,110,1500,6,19,0,HRTC Himgaura AC,1,3.0,231
una,chandigarh,110,1500,7,6,0,HRTC Himgaura AC,1,2.5,231
una,chandigarh,110,1500,7,10,1,HRTC Himgaura AC,1,3.5,231
una,chandigarh,110,1500,7,14,1,HRTC Himgaura AC,1,3.5,231
una,chandigarh,110,1500,7,19,2,HRTC Himgaura AC,1,6.5,231
una,chandigarh,110,1500,8,6,1,HRTC Himgaura AC,1,3.5,231
una,chandigarh,110,1500,8,10,1,HRTC Himgaura AC,1,3.5,231
una,chandigarh,110,1500,8,14,0,HRTC Himgaura AC,1,2.5,231
una,chandigarh,110,1500,8,19,0,HRTC Himgaura AC,1,3.0,231
una,chandigarh,110,1500,9,6,0,HRTC Himgaura AC,1,2.5,231
una,chandigarh,110,1500,9,10,0,HRTC Himgaura AC,1,2.5,231
una,chandigarh,110,1500,9,14,0,HRTC Himgaura AC,1,2.5,231
una,chandigarh,110,1500,9,19,0,HRTC Himgaura AC,1,3.0,231
una,chandigarh,110,1500,10,6,0,HRTC Himgaura AC,1,2.5,231
una,chandigarh,110,1500,10,10,0,HRTC Himgaura AC,1,2.5,231
una,chandigarh,110,1500,10,14,0,HRTC Himgaura AC,1,2.5,231
una,chandigarh,110,1500,10,19,0,HRTC Himgaura AC,1,3.0,231
una,chandigarh,110,1500,11,6,0,HRTC Himgaura AC,1,2.5,231
una,chandigarh,110,1500,11,10,0,HRTC Himgaura AC,1,2.5,231
una,chandigarh,110,1500,11,14,0,HRTC Himgaura AC,1,2.5,231
una,chandigarh,110,1500,11,19,0,HRTC Himgaura AC,1,3.0,231
una,chandigarh,110,1500,12,6,0,HRTC Himgaura AC,1,2.5,231
una,chandigarh,110,1500,12,10,0,HRTC Himgaura AC,1,2.5,231
una,chandigarh,110,1500,12,14,0,HRTC Himgaura AC,1,2.5,231
una,chandigarh,110,1500,12,19,0,HRTC Himgaura AC,1,3.0,231
chandigarh,hamirpur,180,1500,1,6,0,HRTC Ordinary,0,5.0,261
chandigarh,hamirpur,180,1500,1,10,0,HRTC Ordinary,0,5.0,261
chandigarh,hamirpur,180,1500,1,14,0,HRTC Ordinary,0,5.0,261
chandigarh,hamirpur,180,1500,1,19,0,HRTC Ordinary,0,5.5,261
chandigarh,hamirpur,180,1500,2,6,0,HRTC Ordinary,0,5.0,261
chandigarh,hamirpur,180,1500,2,10,0,HRTC Ordinary,0,5.0,261
chandigarh,hamirpur,180,1500,2,14,0,HRTC Ordinary,0,5.0,261
chandigarh,hamirpur,180,1500,2,19,0,HRTC Ordinary,0,5.5,261
chandigarh,hamirpur,180,1500,3,6,0,HRTC Ordinary,0,5.0,261
chandigarh,hamirpur,180,1500,3,10,0,HRTC Ordinary,0,5.0,261
chandigarh,hamirpur,180,1500,3,14,0,HRTC Ordinary,0,5.0,261
chandigarh,hamirpur,180,1500,3,19,0,HRTC Ordinary,0,5.5,261
chandigarh,hamirpur,180,1500,4,6,0,HRTC Ordinary,0,5.0,261
chandigarh,hamirpur,180,1500,4,10,0,HRTC Ordinary,0,5.0,261
chandigarh,hamirpur,180,1500,4,14,0,HRTC Ordinary,0,5.0,261
chandigarh,hamirpur,180,1500,4,19,0,HRTC Ordinary,0,5.5,261
chandigarh,hamirpur,180,1500,5,6,0,HRTC Ordinary,0,5.0,261
chandigarh,hamirpur,180,1500,5,10,0,HRTC Ordinary,0,5.0,261
chandigarh,hamirpur,180,1500,5,14,0,HRTC Ordinary,0,5.0,261
chandigarh,hamirpur,180,1500,5,19,0,HRTC Ordinary,0,5.5,261
chandigarh,hamirpur,180,1500,6,6,0,HRTC Ordinary,0,5.0,261
chandigarh,hamirpur,180,1500,6,10,0,HRTC Ordinary,0,5.0,261
chandigarh,hamirpur,180,1500,6,14,0,HRTC Ordinary,0,5.0,261
chandigarh,hamirpur,180,1500,6,19,0,HRTC Ordinary,0,5.5,261
chandigarh,hamirpur,180,1500,7,6,0,HRTC Ordinary,0,5.0,261
chandigarh,hamirpur,180,1500,7,10,0,HRTC Ordinary,0,5.0,261
chandigarh,hamirpur,180,1500,7,14,2,HRTC Ordinary,0,8.5,261
chandigarh,hamirpur,180,1500,7,19,0,HRTC Ordinary,0,5.5,261
chandigarh,hamirpur,180,1500,8,6,2,HRTC Ordinary,0,8.5,261
chandigarh,hamirpur,180,1500,8,10,1,HRTC Ordinary,0,6.0,261
chandigarh,hamirpur,180,1500,8,14,1,HRTC Ordinary,0,6.0,261
chandigarh,hamirpur,180,1500,8,19,1,HRTC Ordinary,0,6.5,261
chandigarh,hamirpur,180,1500,9,6,0,HRTC Ordinary,0,5.0,261
chandigarh,hamirpur,180,1500,9,10,0,HRTC Ordinary,0,5.0,261
chandigarh,hamirpur,180,1500,9,14,0,HRTC Ordinary,0,5.0,261
chandigarh,hamirpur,180,1500,9,19,0,HRTC Ordinary,0,5.5,261
chandigarh,hamirpur,180,1500,10,6,0,HRTC Ordinary,0,5.0,261
chandigarh,hamirpur,180,1500,10,10,0,HRTC Ordinary,0,5.0,261
chandigarh,hamirpur,180,1500,10,14,0,HRTC Ordinary,0,5.0,261
chandigarh,hamirpur,180,1500,10,19,0,HRTC Ordinary,0,5.5,261
chandigarh,hamirpur,180,1500,11,6,0,HRTC Ordinary,0,5.0,261
chandigarh,hamirpur,180,1500,11,10,0,HRTC Ordinary,0,5.0,261
chandigarh,hamirpur,180,1500,11,14,0,HRTC Ordinary,0,5.0,261
chandigarh,hamirpur,180,1500,11,19,0,HRTC Ordinary,0,5.5,261
chandigarh,hamirpur,180,1500,12,6,0,HRTC Ordinary,0,5.0,261
chandigarh,hamirpur,180,1500,12,10,0,HRTC Ordinary,0,5.0,261
chandigarh,hamirpur,180,1500,12,14,0,HRTC Ordinary,0,5.0,261
chandigarh,hamirpur,180,1500,12,19,0,HRTC Ordinary,0,5.5,261
chandigarh,hamirpur,180,1500,1,6,0,HRTC Himgaura AC,1,5.0,378
chandigarh,hamirpur,180,1500,1,10,0,HRTC Himgaura AC,1,5.0,378
chandigarh,hamirpur,180,1500,1,14,0,HRTC Himgaura AC,1,5.0,378
chandigarh,hamirpur,180,1500,1,19,0,HRTC Himgaura AC,1,5.5,378
chandigarh,hamirpur,180,1500,2,6,0,HRTC Himgaura AC,1,5.0,378
chandigarh,hamirpur,180,1500,2,10,0,HRTC Himgaura AC,1,5.0,378
chandigarh,hamirpur,180,1500,2,14,0,HRTC Himgaura AC,1,5.0,378
chandigarh,hamirpur,180,1500,2,19,0,HRTC Himgaura AC,1,5.5,378
chandigarh,hamirpur,180,1500,3,6,0,HRTC Himgaura AC,1,5.0,378
chandigarh,hamirpur,180,1500,3,10,0,HRTC Himgaura AC,1,5.0,378
chandigarh,hamirpur,180,1500,3,14,0,HRTC Himgaura AC,1,5.0,378
chandigarh,hamirpur,180,1500,3,19,0,HRTC Himgaura AC,1,5.5,378
chandigarh,hamirpur,180,1500,4,6,0,HRTC Himgaura AC,1,5.0,378
chandigarh,hamirpur,180,1500,4,10,0,HRTC Himgaura AC,1,5.0,378
chandigarh,hamirpur,180,1500,4,14,0,HRTC Himgaura AC,1,5.0,378
chandigarh,hamirpur,180,1500,4,19,0,HRTC Himgaura AC,1,5.5,378
chandigarh,hamirpur,180,1500,5,6,0,HRTC Himgaura AC,1,5.0,378
chandigarh,hamirpur,180,1500,5,10,0,HRTC Himgaura AC,1,5.0,378
chandigarh,hamirpur,180,1500,5,14,0,HRTC Himgaura AC,1,5.0,378
chandigarh,hamirpur,180,1500,5,19,0,HRTC Himgaura AC,1,5.5,378
chandigarh,hamirpur,180,1500,6,6,0,HRTC Himgaura AC,1,5.0,378
chandigarh,hamirpur,180,1500,6,10,0,HRTC Himgaura AC,1,5.0,378
chandigarh,hamirpur,180,1500,6,14,0,HRTC Himgaura AC,1,5.0,378
chandigarh,hamirpur,180,1500,6,19,0,HRTC Himgaura AC,1,5.5,378
chandigarh,hamirpur,180,1500,7,6,1,HRTC Himgaura AC,1,6.0,378
chandigarh,hamirpur,180,1500,7,10,1,HRTC Himgaura AC,1,6.0,378
chandigarh,hamirpur,180,1500,7,14,0,HRTC Himgaura AC,1,5.0,378
chandigarh,hamirpur,180,1500,7,19,1,HRTC Himgaura AC,1,6.5,378
chandigarh,hamirpur,180,1500,8,6,0,HRTC Himgaura AC,1,5.0,378
chandigarh,hamirpur,180,1500,8,10,0,HRTC Himgaura AC,1,5.0,378
chandigarh,hamirpur,180,1500,8,14,1,HRTC Himgaura AC,1,6.0,378
chandigarh,hamirpur,180,1500,8,19,0,HRTC Himgaura AC,1,5.5,378
chandigarh,hamirpur,180,1500,9,6,0,HRTC Himgaura AC,1,5.0,378
chandigarh,hamirpur,180,1500,9,10,0,HRTC Himgaura AC,1,5.0,378
chandigarh,hamirpur,180,1500,9,14,0,HRTC Himgaura AC,1,5.0,378
chandigarh,hamirpur,180,1500,9,19,0,HRTC Himgaura AC,1,5.5,378
chandigarh,hamirpur,180,1500,10,6,0,HRTC Himgaura AC,1,5.0,378
chandigarh,hamirpur,180,1500,10,10,0,HRTC Himgaura AC,1,5.0,378
chandigarh,hamirpur,180,1500,10,14,0,HRTC Himgaura AC,1,5.0,378
chandigarh,hamirpur,180,1500,10,19,0,HRTC Himgaura AC,1,5.5,378
chandigarh,hamirpur,180,1500,11,6,0,HRTC Himgaura AC,1,5.0,378
chandigarh,hamirpur,180,1500,11,10,0,HRTC Himgaura AC,1,5.0,378
chandigarh,hamirpur,180,1500,11,14,0,HRTC Himgaura AC,1,5.0,378
chandigarh,hamirpur,180,1500,11,19,0,HRTC Himgaura AC,1,5.5,378
chandigarh,hamirpur,180,1500,12,6,0,HRTC Himgaura AC,1,5.0,378
chandigarh,hamirpur,180,1500,12,10,0,HRTC Himgaura AC,1,5.0,378
chandigarh,hamirpur,180,1500,12,14,0,HRTC Himgaura AC,1,5.0,378
chandigarh,hamirpur,180,1500,12,19,0,HRTC Himgaura AC,1,5.5,378
hamirpur,chandigarh,180,1500,1,6,0,HRTC Ordinary,0,5.0,261
hamirpur,chandigarh,180,1500,1,10,0,HRTC Ordinary,0,5.0,261
hamirpur,chandigarh,180,1500,1,14,0,HRTC Ordinary,0,5.0,261
hamirpur,chandigarh,180,1500,1,19,0,HRTC Ordinary,0,5.5,261
hamirpur,chandigarh,180,1500,2,6,0,HRTC Ordinary,0,5.0,261
hamirpur,chandigarh,180,1500,2,10,0,HRTC Ordinary,0,5.0,261
hamirpur,chandigarh,180,1500,2,14,0,HRTC Ordinary,0,5.0,261
hamirpur,chandigarh,180,1500,2,19,0,HRTC Ordinary,0,5.5,261
hamirpur,chandigarh,180,1500,3,6,0,HRTC Ordinary,0,5.0,261
hamirpur,chandigarh,180,1500,3,10,0,HRTC Ordinary,0,5.0,261
hamirpur,chandigarh,180,1500,3,14,0,HRTC Ordinary,0,5.0,261
hamirpur,chandigarh,180,1500,3,19,0,HRTC Ordinary,0,5.5,261
hamirpur,chandigarh,180,1500,4,6,0,HRTC Ordinary,0,5.0,261
hamirpur,chandigarh,180,1500,4,10,0,HRTC Ordinary,0,5.0,261
hamirpur,chandigarh,180,1500,4,14,0,HRTC Ordinary,0,5.0,261
hamirpur,chandigarh,180,1500,4,19,0,HRTC Ordinary,0,5.5,261
hamirpur,chandigarh,180,1500,5,6,0,HRTC Ordinary,0,5.0,261
hamirpur,chandigarh,180,1500,5,10,0,HRTC Ordinary,0,5.0,261
hamirpur,chandigarh,180,1500,5,14,0,HRTC Ordinary,0,5.0,261
hamirpur,chandigarh,180,1500,5,19,0,HRTC Ordinary,0,5.5,261
hamirpur,chandigarh,180,1500,6,6,0,HRTC Ordinary,0,5.0,261
hamirpur,chandigarh,180,1500,6,10,0,HRTC Ordinary,0,5.0,261
hamirpur,chandigarh,180,1500,6,14,0,HRTC Ordinary,0,5.0,261
hamirpur,chandigarh,180,1500,6,19,0,HRTC Ordinary,0,5.5,261
hamirpur,chandigarh,180,1500,7,6,2,HRTC Ordinary,0,8.5,261
hamirpur,chandigarh,180,1500,7,10,2,HRTC Ordinary,0,8.5,261
hamirpur,chandigarh,180,1500,7,14,2,HRTC Ordinary,0,8.5,261
hamirpur,chandigarh,180,1500,7,19,0,HRTC Ordinary,0,5.5,261
hamirpur,chandigarh,180,1500,8,6,0,HRTC Ordinary,0,5.0,261
hamirpur,chandigarh,180,1500,8,10,2,HRTC Ordinary,0,8.5,261
hamirpur,chandigarh,180,1500,8,14,1,HRTC Ordinary,0,6.0,261
hamirpur,chandigarh,180,1500,8,19,2,HRTC Ordinary,0,9.0,261
hamirpur,chandigarh,180,1500,9,6,0,HRTC Ordinary,0,5.0,261
hamirpur,chandigarh,180,1500,9,10,0,HRTC Ordinary,0,5.0,261
hamirpur,chandigarh,180,1500,9,14,0,HRTC Ordinary,0,5.0,261
hamirpur,chandigarh,180,1500,9,19,0,HRTC Ordinary,0,5.5,261
hamirpur,chandigarh,180,1500,10,6,0,HRTC Ordinary,0,5.0,261
hamirpur,chandigarh,180,1500,10,10,0,HRTC Ordinary,0,5.0,261
hamirpur,chandigarh,180,1500,10,14,0,HRTC Ordinary,0,5.0,261
hamirpur,chandigarh,180,1500,10,19,0,HRTC Ordinary,0,5.5,261
hamirpur,chandigarh,180,1500,11,6,0,HRTC Ordinary,0,5.0,261
hamirpur,chandigarh,180,1500,11,10,0,HRTC Ordinary,0,5.0,261
hamirpur,chandigarh,180,1500,11,14,0,HRTC Ordinary,0,5.0,261
hamirpur,chandigarh,180,1500,11,19,0,HRTC Ordinary,0,5.5,261
hamirpur,chandigarh,180,1500,12,6,0,HRTC Ordinary,0,5.0,261
hamirpur,chandigarh,180,1500,12,10,0,HRTC Ordinary,0,5.0,261
hamirpur,chandigarh,180,1500,12,14,0,HRTC Ordinary,0,5.0,261
hamirpur,chandigarh,180,1500,12,19,0,HRTC Ordinary,0,5.5,261
hamirpur,chandigarh,180,1500,1,6,0,HRTC Himgaura AC,1,5.0,378
hamirpur,chandigarh,180,1500,1,10,0,HRTC Himgaura AC,1,5.0,378
hamirpur,chandigarh,180,1500,1,14,0,HRTC Himgaura AC,1,5.0,378
hamirpur,chandigarh,180,1500,1,19,0,HRTC Himgaura AC,1,5.5,378
hamirpur,chandigarh,180,1500,2,6,0,HRTC Himgaura AC,1,5.0,378
hamirpur,chandigarh,180,1500,2,10,0,HRTC Himgaura AC,1,5.0,378
hamirpur,chandigarh,180,1500,2,14,0,HRTC Himgaura AC,1,5.0,378
hamirpur,chandigarh,180,1500,2,19,0,HRTC Himgaura AC,1,5.5,378
hamirpur,chandigarh,180,1500,3,6,0,HRTC Himgaura AC,1,5.0,378
hamirpur,chandigarh,180,1500,3,10,0,HRTC Himgaura AC,1,5.0,378
hamirpur,chandigarh,180,1500,3,14,0,HRTC Himgaura AC,1,5.0,378
hamirpur,chandigarh,180,1500,3,19,0,HRTC Himgaura AC,1,5.5,378
hamirpur,chandigarh,180,1500,4,6,0,HRTC Himgaura AC,1,5.0,378
hamirpur,chandigarh,180,1500,4,10,0,HRTC Himgaura AC,1,5.0,378
hamirpur,chandigarh,180,1500,4,14,0,HRTC Himgaura AC,1,5.0,378
hamirpur,chandigarh,180,1500,4,19,0,HRTC Himgaura AC,1,5.5,378
hamirpur,chandigarh,180,1500,5,6,0,HRTC Himgaura AC,1,5.0,378
hamirpur,chandigarh,180,1500,5,10,0,HRTC Himgaura AC,1,5.0,378
hamirpur,chandigarh,180,1500,5,14,0,HRTC Himgaura AC,1,5.0,378
hamirpur,chandigarh,180,1500,5,19,0,HRTC Himgaura AC,1,5.5,378
hamirpur,chandigarh,180,1500,6,6,0,HRTC Himgaura AC,1,5.0,378
hamirpur,chandigarh,180,1500,6,10,0,HRTC Himgaura AC,1,5.0,378
hamirpur,chandigarh,180,1500,6,14,0,HRTC Himgaura AC,1,5.0,378
hamirpur,chandigarh,180,1500,6,19,0,HRTC Himgaura AC,1,5.5,378
hamirpur,chandigarh,180,1500,7,6,2,HRTC Himgaura AC,1,8.5,378
hamirpur,chandigarh,180,1500,7,10,2,HRTC Himgaura AC,1,8.5,378
hamirpur,chandigarh,180,1500,7,14,0,HRTC Himgaura AC,1,5.0,378
hamirpur,chandigarh,180,1500,7,19,0,HRTC Himgaura AC,1,5.5,378
hamirpur,chandigarh,180,1500,8,6,2,HRTC Himgaura AC,1,8.5,378
hamirpur,chandigarh,180,1500,8,10,0,HRTC Himgaura AC,1,5.0,378
hamirpur,chandigarh,180,1500,8,14,0,HRTC Himgaura AC,1,5.0,378
hamirpur,chandigarh,180,1500,8,19,1,HRTC Himgaura AC,1,6.5,378
hamirpur,chandigarh,180,1500,9,6,0,HRTC Himgaura AC,1,5.0,378
hamirpur,chandigarh,180,1500,9,10,0,HRTC Himgaura AC,1,5.0,378
hamirpur,chandigarh,180,1500,9,14,0,HRTC Himgaura AC,1,5.0,378
hamirpur,chandigarh,180,1500,9,19,0,HRTC Himgaura AC,1,5.5,378
hamirpur,chandigarh,180,1500,10,6,0,HRTC Himgaura AC,1,5.0,378
hamirpur,chandigarh,180,1500,10,10,0,HRTC Himgaura AC,1,5.0,378
hamirpur,chandigarh,180,1500,10,14,0,HRTC Himgaura AC,1,5.0,378
hamirpur,chandigarh,180,1500,10,19,0,HRTC Himgaura AC,1,5.5,378
hamirpur,chandigarh,180,1500,11,6,0,HRTC Himgaura AC,1,5.0,378
hamirpur,chandigarh,180,1500,11,10,0,HRTC Himgaura AC,1,5.0,378
hamirpur,chandigarh,180,1500,11,14,0,HRTC Himgaura AC,1,5.0,378
hamirpur,chandigarh,180,1500,11,19,0,HRTC Himgaura AC,1,5.5,378
hamirpur,chandigarh,180,1500,12,6,0,HRTC Himgaura AC,1,5.0,378
hamirpur,chandigarh,180,1500,12,10,0,HRTC Himgaura AC,1,5.0,378
hamirpur,chandigarh,180,1500,12,14,0,HRTC Himgaura AC,1,5.0,378
hamirpur,chandigarh,180,1500,12,19,0,HRTC Himgaura AC,1,5.5,378
shimla,solan,45,1500,1,6,0,HRTC Ordinary,0,1.5,65
shimla,solan,45,1500,1,10,0,HRTC Ordinary,0,1.5,65
shimla,solan,45,1500,1,14,0,HRTC Ordinary,0,1.5,65
shimla,solan,45,1500,1,19,0,HRTC Ordinary,0,2.0,65
shimla,solan,45,1500,2,6,0,HRTC Ordinary,0,1.5,65
shimla,solan,45,1500,2,10,0,HRTC Ordinary,0,1.5,65
shimla,solan,45,1500,2,14,0,HRTC Ordinary,0,1.5,65
shimla,solan,45,1500,2,19,0,HRTC Ordinary,0,2.0,65
shimla,solan,45,1500,3,6,0,HRTC Ordinary,0,1.5,65
shimla,solan,45,1500,3,10,0,HRTC Ordinary,0,1.5,65
shimla,solan,45,1500,3,14,0,HRTC Ordinary,0,1.5,65
shimla,solan,45,1500,3,19,0,HRTC Ordinary,0,2.0,65
shimla,solan,45,1500,4,6,0,HRTC Ordinary,0,1.5,65
shimla,solan,45,1500,4,10,0,HRTC Ordinary,0,1.5,65
shimla,solan,45,1500,4,14,0,HRTC Ordinary,0,1.5,65
shimla,solan,45,1500,4,19,0,HRTC Ordinary,0,2.0,65
shimla,solan,45,1500,5,6,0,HRTC Ordinary,0,1.5,65
shimla,solan,45,1500,5,10,0,HRTC Ordinary,0,1.5,65
shimla,solan,45,1500,5,14,0,HRTC Ordinary,0,1.5,65
shimla,solan,45,1500,5,19,0,HRTC Ordinary,0,2.0,65
shimla,solan,45,1500,6,6,0,HRTC Ordinary,0,1.5,65
shimla,solan,45,1500,6,10,0,HRTC Ordinary,0,1.5,65
shimla,solan,45,1500,6,14,0,HRTC Ordinary,0,1.5,65
shimla,solan,45,1500,6,19,0,HRTC Ordinary,0,2.0,65
shimla,solan,45,1500,7,6,2,HRTC Ordinary,0,5.0,65
shimla,solan,45,1500,7,10,1,HRTC Ordinary,0,2.5,65
shimla,solan,45,1500,7,14,1,HRTC Ordinary,0,2.5,65
shimla,solan,45,1500,7,19,0,HRTC Ordinary,0,2.0,65
shimla,solan,45,1500,8,6,1,HRTC Ordinary,0,2.5,65
shimla,solan,45,1500,8,10,2,HRTC Ordinary,0,5.0,65
shimla,solan,45,1500,8,14,0,HRTC Ordinary,0,1.5,65
shimla,solan,45,1500,8,19,1,HRTC Ordinary,0,3.0,65
shimla,solan,45,1500,9,6,0,HRTC Ordinary,0,1.5,65
shimla,solan,45,1500,9,10,0,HRTC Ordinary,0,1.5,65
shimla,solan,45,1500,9,14,0,HRTC Ordinary,0,1.5,65
shimla,solan,45,1500,9,19,0,HRTC Ordinary,0,2.0,65
shimla,solan,45,1500,10,6,0,HRTC Ordinary,0,1.5,65
shimla,solan,45,1500,10,10,0,HRTC Ordinary,0,1.5,65
shimla,solan,45,1500,10,14,0,HRTC Ordinary,0,1.5,65
shimla,solan,45,1500,10,19,0,HRTC Ordinary,0,2.0,65
shimla,solan,45,1500,11,6,0,HRTC Ordinary,0,1.5,65
shimla,solan,45,1500,11,10,0,HRTC Ordinary,0,1.5,65
shimla,solan,45,1500,11,14,0,HRTC Ordinary,0,1.5,65
shimla,solan,45,1500,11,19,0,HRTC Ordinary,0,2.0,65
shimla,solan,45,1500,12,6,0,HRTC Ordinary,0,1.5,65
shimla,solan,45,1500,12,10,0,HRTC Ordinary,0,1.5,65
shimla,solan,45,1500,12,14,0,HRTC Ordinary,0,1.5,65
shimla,solan,45,1500,12,19,0,HRTC Ordinary,0,2.0,65
shimla,solan,45,1500,1,6,0,HRTC Himgaura AC,1,1.5,94
shimla,solan,45,1500,1,10,0,HRTC Himgaura AC,1,1.5,94
shimla,solan,45,1500,1,14,0,HRTC Himgaura AC,1,1.5,94
shimla,solan,45,1500,1,19,0,HRTC Himgaura AC,1,2.0,94
shimla,solan,45,1500,2,6,0,HRTC Himgaura AC,1,1.5,94
shimla,solan,45,1500,2,10,0,HRTC Himgaura AC,1,1.5,94
shimla,solan,45,1500,2,14,0,HRTC Himgaura AC,1,1.5,94
shimla,solan,45,1500,2,19,0,HRTC Himgaura AC,1,2.0,94
shimla,solan,45,1500,3,6,0,HRTC Himgaura AC,1,1.5,94
shimla,solan,45,1500,3,10,0,HRTC Himgaura AC,1,1.5,94
shimla,solan,45,1500,3,14,0,HRTC Himgaura AC,1,1.5,94
shimla,solan,45,1500,3,19,0,HRTC Himgaura AC,1,2.0,94
shimla,solan,45,1500,4,6,0,HRTC Himgaura AC,1,1.5,94
shimla,solan,45,1500,4,10,0,HRTC Himgaura AC,1,1.5,94
shimla,solan,45,1500,4,14,0,HRTC Himgaura AC,1,1.5,94
shimla,solan,45,1500,4,19,0,HRTC Himgaura AC,1,2.0,94
shimla,solan,45,1500,5,6,0,HRTC Himgaura AC,1,1.5,94
shimla,solan,45,1500,5,10,0,HRTC Himgaura AC,1,1.5,94
shimla,solan,45,1500,5,14,0,HRTC Himgaura AC,1,1.5,94
shimla,solan,45,1500,5,19,0,HRTC Himgaura AC,1,2.0,94
shimla,solan,45,1500,6,6,0,HRTC Himgaura AC,1,1.5,94
shimla,solan,45,1500,6,10,0,HRTC Himgaura AC,1,1.5,94
shimla,solan,45,1500,6,14,0,HRTC Himgaura AC,1,1.5,94
shimla,solan,45,1500,6,19,0,HRTC Himgaura AC,1,2.0,94
shimla,solan,45,1500,7,6,2,HRTC Himgaura AC,1,5.0,94
shimla,solan,45,1500,7,10,1,HRTC Himgaura AC,1,2.5,94
shimla,solan,45,1500,7,14,1,HRTC Himgaura AC,1,2.5,94
shimla,solan,45,1500,7,19,1,HRTC Himgaura AC,1,3.0,94
shimla,solan,45,1500,8,6,0,HRTC Himgaura AC,1,1.5,94
shimla,solan,45,1500,8,10,0,HRTC Himgaura AC,1,1.5,94
shimla,solan,45,1500,8,14,2,HRTC Himgaura AC,1,5.0,94
shimla,solan,45,1500,8,19,2,HRTC Himgaura AC,1,5.5,94
shimla,solan,45,1500,9,6,0,HRTC Himgaura AC,1,1.5,94
shimla,solan,45,1500,9,10,0,HRTC Himgaura AC,1,1.5,94
shimla,solan,45,1500,9,14,0,HRTC Himgaura AC,1,1.5,94
shimla,solan,45,1500,9,19,0,HRTC Himgaura AC,1,2.0,94
shimla,solan,45,1500,10,6,0,HRTC Himgaura AC,1,1.5,94
shimla,solan,45,1500,10,10,0,HRTC Himgaura AC,1,1.5,94
shimla,solan,45,1500,10,14,0,HRTC Himgaura AC,1,1.5,94
shimla,solan,45,1500,10,19,0,HRTC Himgaura AC,1,2.0,94
shimla,solan,45,1500,11,6,0,HRTC Himgaura AC,1,1.5,94
shimla,solan,45,1500,11,10,0,HRTC Himgaura AC,1,1.5,94
shimla,solan,45,1500,11,14,0,HRTC Himgaura AC,1,1.5,94
shimla,solan,45,1500,11,19,0,HRTC Himgaura AC,1,2.0,94
shimla,solan,45,1500,12,6,0,HRTC Himgaura AC,1,1.5,94
shimla,solan,45,1500,12,10,0,HRTC Himgaura AC,1,1.5,94
shimla,solan,45,1500,12,14,0,HRTC Himgaura AC,1,1.5,94
shimla,solan,45,1500,12,19,0,HRTC Himgaura AC,1,2.0,94
shimla,solan,45,1500,1,6,0,HRTC Himsuta Volvo,2,1.0,144
shimla,solan,45,1500,1,10,0,HRTC Himsuta Volvo,2,1.0,144
shimla,solan,45,1500,1,14,0,HRTC Himsuta Volvo,2,1.0,144
shimla,solan,45,1500,1,19,0,HRTC Himsuta Volvo,2,1.5,144
shimla,solan,45,1500,2,6,0,HRTC Himsuta Volvo,2,1.0,144
shimla,solan,45,1500,2,10,0,HRTC Himsuta Volvo,2,1.0,144
shimla,solan,45,1500,2,14,0,HRTC Himsuta Volvo,2,1.0,144
shimla,solan,45,1500,2,19,0,HRTC Himsuta Volvo,2,1.5,144
shimla,solan,45,1500,3,6,0,HRTC Himsuta Volvo,2,1.0,144
shimla,solan,45,1500,3,10,0,HRTC Himsuta Volvo,2,1.0,144
shimla,solan,45,1500,3,14,0,HRTC Himsuta Volvo,2,1.0,144
shimla,solan,45,1500,3,19,0,HRTC Himsuta Volvo,2,1.5,144
shimla,solan,45,1500,4,6,0,HRTC Himsuta Volvo,2,1.0,144
shimla,solan,45,1500,4,10,0,HRTC Himsuta Volvo,2,1.0,144
shimla,solan,45,1500,4,14,0,HRTC Himsuta Volvo,2,1.0,144
shimla,solan,45,1500,4,19,0,HRTC Himsuta Volvo,2,1.5,144
shimla,solan,45,1500,5,6,0,HRTC Himsuta Volvo,2,1.0,144
shimla,solan,45,1500,5,10,0,HRTC Himsuta Volvo,2,1.0,144
shimla,solan,45,1500,5,14,0,HRTC Himsuta Volvo,2,1.0,144
shimla,solan,45,1500,5,19,0,HRTC Himsuta Volvo,2,1.5,144
shimla,solan,45,1500,6,6,0,HRTC Himsuta Volvo,2,1.0,144
shimla,solan,45,1500,6,10,0,HRTC Himsuta Volvo,2,1.0,144
shimla,solan,45,1500,6,14,0,HRTC Himsuta Volvo,2,1.0,144
shimla,solan,45,1500,6,19,0,HRTC Himsuta Volvo,2,1.5,144
shimla,solan,45,1500,7,6,2,HRTC Himsuta Volvo,2,4.5,144
shimla,solan,45,1500,7,10,2,HRTC Himsuta Volvo,2,4.5,144
shimla,solan,45,1500,7,14,1,HRTC Himsuta Volvo,2,2.0,144
shimla,solan,45,1500,7,19,1,HRTC Himsuta Volvo,2,2.5,144
shimla,solan,45,1500,8,6,1,HRTC Himsuta Volvo,2,2.0,144
shimla,solan,45,1500,8,10,1,HRTC Himsuta Volvo,2,2.0,144
shimla,solan,45,1500,8,14,1,HRTC Himsuta Volvo,2,2.0,144
shimla,solan,45,1500,8,19,1,HRTC Himsuta Volvo,2,2.5,144
shimla,solan,45,1500,9,6,0,HRTC Himsuta Volvo,2,1.0,144
shimla,solan,45,1500,9,10,0,HRTC Himsuta Volvo,2,1.0,144
shimla,solan,45,1500,9,14,0,HRTC Himsuta Volvo,2,1.0,144
shimla,solan,45,1500,9,19,0,HRTC Himsuta Volvo,2,1.5,144
shimla,solan,45,1500,10,6,0,HRTC Himsuta Volvo,2,1.0,144
shimla,solan,45,1500,10,10,0,HRTC Himsuta Volvo,2,1.0,144
shimla,solan,45,1500,10,14,0,HRTC Himsuta Volvo,2,1.0,144
shimla,solan,45,1500,10,19,0,HRTC Himsuta Volvo,2,1.5,144
shimla,solan,45,1500,11,6,0,HRTC Himsuta Volvo,2,1.0,144
shimla,solan,45,1500,11,10,0,HRTC Himsuta Volvo,2,1.0,144
shimla,solan,45,1500,11,14,0,HRTC Himsuta Volvo,2,1.0,144
shimla,solan,45,1500,11,19,0,HRTC Himsuta Volvo,2,1.5,144
shimla,solan,45,1500,12,6,0,HRTC Himsuta Volvo,2,1.0,144
shimla,solan,45,1500,12,10,0,HRTC Himsuta Volvo,2,1.0,144
shimla,solan,45,1500,12,14,0,HRTC Himsuta Volvo,2,1.0,144
shimla,solan,45,1500,12,19,0,HRTC Himsuta Volvo,2,1.5,144
solan,shimla,45,1500,1,6,0,HRTC Ordinary,0,1.5,65
solan,shimla,45,1500,1,10,0,HRTC Ordinary,0,1.5,65
solan,shimla,45,1500,1,14,0,HRTC Ordinary,0,1.5,65
solan,shimla,45,1500,1,19,0,HRTC Ordinary,0,2.0,65
solan,shimla,45,1500,2,6,0,HRTC Ordinary,0,1.5,65
solan,shimla,45,1500,2,10,0,HRTC Ordinary,0,1.5,65
solan,shimla,45,1500,2,14,0,HRTC Ordinary,0,1.5,65
solan,shimla,45,1500,2,19,0,HRTC Ordinary,0,2.0,65
solan,shimla,45,1500,3,6,0,HRTC Ordinary,0,1.5,65
solan,shimla,45,1500,3,10,0,HRTC Ordinary,0,1.5,65
solan,shimla,45,1500,3,14,0,HRTC Ordinary,0,1.5,65
solan,shimla,45,1500,3,19,0,HRTC Ordinary,0,2.0,65
solan,shimla,45,1500,4,6,0,HRTC Ordinary,0,1.5,65
solan,shimla,45,1500,4,10,0,HRTC Ordinary,0,1.5,65
solan,shimla,45,1500,4,14,0,HRTC Ordinary,0,1.5,65
solan,shimla,45,1500,4,19,0,HRTC Ordinary,0,2.0,65
solan,shimla,45,1500,5,6,0,HRTC Ordinary,0,1.5,65
solan,shimla,45,1500,5,10,0,HRTC Ordinary,0,1.5,65
solan,shimla,45,1500,5,14,0,HRTC Ordinary,0,1.5,65
solan,shimla,45,1500,5,19,0,HRTC Ordinary,0,2.0,65
solan,shimla,45,1500,6,6,0,HRTC Ordinary,0,1.5,65
solan,shimla,45,1500,6,10,0,HRTC Ordinary,0,1.5,65
solan,shimla,45,1500,6,14,0,HRTC Ordinary,0,1.5,65
solan,shimla,45,1500,6,19,0,HRTC Ordinary,0,2.0,65
solan,shimla,45,1500,7,6,2,HRTC Ordinary,0,5.0,65
solan,shimla,45,1500,7,10,0,HRTC Ordinary,0,1.5,65
solan,shimla,45,1500,7,14,0,HRTC Ordinary,0,1.5,65
solan,shimla,45,1500,7,19,0,HRTC Ordinary,0,2.0,65
solan,shimla,45,1500,8,6,1,HRTC Ordinary,0,2.5,65
solan,shimla,45,1500,8,10,0,HRTC Ordinary,0,1.5,65
solan,shimla,45,1500,8,14,1,HRTC Ordinary,0,2.5,65
solan,shimla,45,1500,8,19,1,HRTC Ordinary,0,3.0,65
solan,shimla,45,1500,9,6,0,HRTC Ordinary,0,1.5,65
solan,shimla,45,1500,9,10,0,HRTC Ordinary,0,1.5,65
solan,shimla,45,1500,9,14,0,HRTC Ordinary,0,1.5,65
solan,shimla,45,1500,9,19,0,HRTC Ordinary,0,2.0,65
solan,shimla,45,1500,10,6,0,HRTC Ordinary,0,1.5,65
solan,shimla,45,1500,10,10,0,HRTC Ordinary,0,1.5,65
solan,shimla,45,1500,10,14,0,HRTC Ordinary,0,1.5,65
solan,shimla,45,1500,10,19,0,HRTC Ordinary,0,2.0,65
solan,shimla,45,1500,11,6,0,HRTC Ordinary,0,1.5,65
solan,shimla,45,1500,11,10,0,HRTC Ordinary,0,1.5,65
solan,shimla,45,1500,11,14,0,HRTC Ordinary,0,1.5,65
solan,shimla,45,1500,11,19,0,HRTC Ordinary,0,2.0,65
solan,shimla,45,1500,12,6,0,HRTC Ordinary,0,1.5,65
solan,shimla,45,1500,12,10,0,HRTC Ordinary,0,1.5,65
solan,shimla,45,1500,12,14,0,HRTC Ordinary,0,1.5,65
solan,shimla,45,1500,12,19,0,HRTC Ordinary,0,2.0,65
solan,shimla,45,1500,1,6,0,HRTC Himgaura AC,1,1.5,94
solan,shimla,45,1500,1,10,0,HRTC Himgaura AC,1,1.5,94
solan,shimla,45,1500,1,14,0,HRTC Himgaura AC,1,1.5,94
solan,shimla,45,1500,1,19,0,HRTC Himgaura AC,1,2.0,94
solan,shimla,45,1500,2,6,0,HRTC Himgaura AC,1,1.5,94
solan,shimla,45,1500,2,10,0,HRTC Himgaura AC,1,1.5,94
solan,shimla,45,1500,2,14,0,HRTC Himgaura AC,1,1.5,94
solan,shimla,45,1500,2,19,0,HRTC Himgaura AC,1,2.0,94
solan,shimla,45,1500,3,6,0,HRTC Himgaura AC,1,1.5,94
solan,shimla,45,1500,3,10,0,HRTC Himgaura AC,1,1.5,94
solan,shimla,45,1500,3,14,0,HRTC Himgaura AC,1,1.5,94
solan,shimla,45,1500,3,19,0,HRTC Himgaura AC,1,2.0,94
solan,shimla,45,1500,4,6,0,HRTC Himgaura AC,1,1.5,94
solan,shimla,45,1500,4,10,0,HRTC Himgaura AC,1,1.5,94
solan,shimla,45,1500,4,14,0,HRTC Himgaura AC,1,1.5,94
solan,shimla,45,1500,4,19,0,HRTC Himgaura AC,1,2.0,94
solan,shimla,45,1500,5,6,0,HRTC Himgaura AC,1,1.5,94
solan,shimla,45,1500,5,10,0,HRTC Himgaura AC,1,1.5,94
solan,shimla,45,1500,5,14,0,HRTC Himgaura AC,1,1.5,94
solan,shimla,45,1500,5,19,0,HRTC Himgaura AC,1,2.0,94
solan,shimla,45,1500,6,6,0,HRTC Himgaura AC,1,1.5,94
solan,shimla,45,1500,6,10,0,HRTC Himgaura AC,1,1.5,94
solan,shimla,45,1500,6,14,0,HRTC Himgaura AC,1,1.5,94
solan,shimla,45,1500,6,19,0,HRTC Himgaura AC,1,2.0,94
solan,shimla,45,1500,7,6,0,HRTC Himgaura AC,1,1.5,94
solan,shimla,45,1500,7,10,1,HRTC Himgaura AC,1,2.5,94
solan,shimla,45,1500,7,14,0,HRTC Himgaura AC,1,1.5,94
solan,shimla,45,1500,7,19,0,HRTC Himgaura AC,1,2.0,94
solan,shimla,45,1500,8,6,2,HRTC Himgaura AC,1,5.0,94
solan,shimla,45,1500,8,10,0,HRTC Himgaura AC,1,1.5,94
solan,shimla,45,1500,8,14,0,HRTC Himgaura AC,1,1.5,94
solan,shimla,45,1500,8,19,1,HRTC Himgaura AC,1,3.0,94
solan,shimla,45,1500,9,6,0,HRTC Himgaura AC,1,1.5,94
solan,shimla,45,1500,9,10,0,HRTC Himgaura AC,1,1.5,94
solan,shimla,45,1500,9,14,0,HRTC Himgaura AC,1,1.5,94
solan,shimla,45,1500,9,19,0,HRTC Himgaura AC,1,2.0,94
solan,shimla,45,1500,10,6,0,HRTC Himgaura AC,1,1.5,94
solan,shimla,45,1500,10,10,0,HRTC Himgaura AC,1,1.5,94
solan,shimla,45,1500,10,14,0,HRTC Himgaura AC,1,1.5,94
solan,shimla,45,1500,10,19,0,HRTC Himgaura AC,1,2.0,94
solan,shimla,45,1500,11,6,0,HRTC Himgaura AC,1,1.5,94
solan,shimla,45,1500,11,10,0,HRTC Himgaura AC,1,1.5,94
solan,shimla,45,1500,11,14,0,HRTC Himgaura AC,1,1.5,94
solan,shimla,45,1500,11,19,0,HRTC Himgaura AC,1,2.0,94
solan,shimla,45,1500,12,6,0,HRTC Himgaura AC,1,1.5,94
solan,shimla,45,1500,12,10,0,HRTC Himgaura AC,1,1.5,94
solan,shimla,45,1500,12,14,0,HRTC Himgaura AC,1,1.5,94
solan,shimla,45,1500,12,19,0,HRTC Himgaura AC,1,2.0,94
solan,shimla,45,1500,1,6,0,HRTC Himsuta Volvo,2,1.0,144
solan,shimla,45,1500,1,10,0,HRTC Himsuta Volvo,2,1.0,144
solan,shimla,45,1500,1,14,0,HRTC Himsuta Volvo,2,1.0,144
solan,shimla,45,1500,1,19,0,HRTC Himsuta Volvo,2,1.5,144
solan,shimla,45,1500,2,6,0,HRTC Himsuta Volvo,2,1.0,144
solan,shimla,45,1500,2,10,0,HRTC Himsuta Volvo,2,1.0,144
solan,shimla,45,1500,2,14,0,HRTC Himsuta Volvo,2,1.0,144
solan,shimla,45,1500,2,19,0,HRTC Himsuta Volvo,2,1.5,144
solan,shimla,45,1500,3,6,0,HRTC Himsuta Volvo,2,1.0,144
solan,shimla,45,1500,3,10,0,HRTC Himsuta Volvo,2,1.0,144
solan,shimla,45,1500,3,14,0,HRTC Himsuta Volvo,2,1.0,144
solan,shimla,45,1500,3,19,0,HRTC Himsuta Volvo,2,1.5,144
solan,shimla,45,1500,4,6,0,HRTC Himsuta Volvo,2,1.0,144
solan,shimla,45,1500,4,10,0,HRTC Himsuta Volvo,2,1.0,144
solan,shimla,45,1500,4,14,0,HRTC Himsuta Volvo,2,1.0,144
solan,shimla,45,1500,4,19,0,HRTC Himsuta Volvo,2,1.5,144
solan,shimla,45,1500,5,6,0,HRTC Himsuta Volvo,2,1.0,144
solan,shimla,45,1500,5,10,0,HRTC Himsuta Volvo,2,1.0,144
solan,shimla,45,1500,5,14,0,HRTC Himsuta Volvo,2,1.0,144
solan,shimla,45,1500,5,19,0,HRTC Himsuta Volvo,2,1.5,144
solan,shimla,45,1500,6,6,0,HRTC Himsuta Volvo,2,1.0,144
solan,shimla,45,1500,6,10,0,HRTC Himsuta Volvo,2,1.0,144
solan,shimla,45,1500,6,14,0,HRTC Himsuta Volvo,2,1.0,144
solan,shimla,45,1500,6,19,0,HRTC Himsuta Volvo,2,1.5,144
solan,shimla,45,1500,7,6,1,HRTC Himsuta Volvo,2,2.0,144
solan,shimla,45,1500,7,10,0,HRTC Himsuta Volvo,2,1.0,144
solan,shimla,45,1500,7,14,1,HRTC Himsuta Volvo,2,2.0,144
solan,shimla,45,1500,7,19,0,HRTC Himsuta Volvo,2,1.5,144
solan,shimla,45,1500,8,6,0,HRTC Himsuta Volvo,2,1.0,144
solan,shimla,45,1500,8,10,1,HRTC Himsuta Volvo,2,2.0,144
solan,shimla,45,1500,8,14,1,HRTC Himsuta Volvo,2,2.0,144
solan,shimla,45,1500,8,19,1,HRTC Himsuta Volvo,2,2.5,144
solan,shimla,45,1500,9,6,0,HRTC Himsuta Volvo,2,1.0,144
solan,shimla,45,1500,9,10,0,HRTC Himsuta Volvo,2,1.0,144
solan,shimla,45,1500,9,14,0,HRTC Himsuta Volvo,2,1.0,144
solan,shimla,45,1500,9,19,0,HRTC Himsuta Volvo,2,1.5,144
solan,shimla,45,1500,10,6,0,HRTC Himsuta Volvo,2,1.0,144
solan,shimla,45,1500,10,10,0,HRTC Himsuta Volvo,2,1.0,144
solan,shimla,45,1500,10,14,0,HRTC Himsuta Volvo,2,1.0,144
solan,shimla,45,1500,10,19,0,HRTC Himsuta Volvo,2,1.5,144
solan,shimla,45,1500,11,6,0,HRTC Himsuta Volvo,2,1.0,144
solan,shimla,45,1500,11,10,0,HRTC Himsuta Volvo,2,1.0,144
solan,shimla,45,1500,11,14,0,HRTC Himsuta Volvo,2,1.0,144
solan,shimla,45,1500,11,19,0,HRTC Himsuta Volvo,2,1.5,144
solan,shimla,45,1500,12,6,0,HRTC Himsuta Volvo,2,1.0,144
solan,shimla,45,1500,12,10,0,HRTC Himsuta Volvo,2,1.0,144
solan,shimla,45,1500,12,14,0,HRTC Himsuta Volvo,2,1.0,144
solan,shimla,45,1500,12,19,0,HRTC Himsuta Volvo,2,1.5,144
shimla,mandi,145,1500,1,6,0,HRTC Ordinary,0,5.5,210
shimla,mandi,145,1500,1,10,0,HRTC Ordinary,0,5.5,210
shimla,mandi,145,1500,1,14,0,HRTC Ordinary,0,5.5,210
shimla,mandi,145,1500,1,19,0,HRTC Ordinary,0,6.0,210
shimla,mandi,145,1500,2,6,0,HRTC Ordinary,0,5.5,210
shimla,mandi,145,1500,2,10,0,HRTC Ordinary,0,5.5,210
shimla,mandi,145,1500,2,14,0,HRTC Ordinary,0,5.5,210
shimla,mandi,145,1500,2,19,0,HRTC Ordinary,0,6.0,210
shimla,mandi,145,1500,3,6,0,HRTC Ordinary,0,5.5,210
shimla,mandi,145,1500,3,10,0,HRTC Ordinary,0,5.5,210
shimla,mandi,145,1500,3,14,0,HRTC Ordinary,0,5.5,210
shimla,mandi,145,1500,3,19,0,HRTC Ordinary,0,6.0,210
shimla,mandi,145,1500,4,6,0,HRTC Ordinary,0,5.5,210
shimla,mandi,145,1500,4,10,0,HRTC Ordinary,0,5.5,210
shimla,mandi,145,1500,4,14,0,HRTC Ordinary,0,5.5,210
shimla,mandi,145,1500,4,19,0,HRTC Ordinary,0,6.0,210
shimla,mandi,145,1500,5,6,0,HRTC Ordinary,0,5.5,210
shimla,mandi,145,1500,5,10,0,HRTC Ordinary,0,5.5,210
shimla,mandi,145,1500,5,14,0,HRTC Ordinary,0,5.5,210
shimla,mandi,145,1500,5,19,0,HRTC Ordinary,0,6.0,210
shimla,mandi,145,1500,6,6,0,HRTC Ordinary,0,5.5,210
shimla,mandi,145,1500,6,10,0,HRTC Ordinary,0,5.5,210
shimla,mandi,145,1500,6,14,0,HRTC Ordinary,0,5.5,210
shimla,mandi,145,1500,6,19,0,HRTC Ordinary,0,6.0,210
shimla,mandi,145,1500,7,6,1,HRTC Ordinary,0,6.5,210
shimla,mandi,145,1500,7,10,2,HRTC Ordinary,0,9.0,210
shimla,mandi,145,1500,7,14,1,HRTC Ordinary,0,6.5,210
shimla,mandi,145,1500,7,19,0,HRTC Ordinary,0,6.0,210
shimla,mandi,145,1500,8,6,1,HRTC Ordinary,0,6.5,210
shimla,mandi,145,1500,8,10,0,HRTC Ordinary,0,5.5,210
shimla,mandi,145,1500,8,14,1,HRTC Ordinary,0,6.5,210
shimla,mandi,145,1500,8,19,0,HRTC Ordinary,0,6.0,210
shimla,mandi,145,1500,9,6,0,HRTC Ordinary,0,5.5,210
shimla,mandi,145,1500,9,10,0,HRTC Ordinary,0,5.5,210
shimla,mandi,145,1500,9,14,0,HRTC Ordinary,0,5.5,210
shimla,mandi,145,1500,9,19,0,HRTC Ordinary,0,6.0,210
shimla,mandi,145,1500,10,6,0,HRTC Ordinary,0,5.5,210
shimla,mandi,145,1500,10,10,0,HRTC Ordinary,0,5.5,210
shimla,mandi,145,1500,10,14,0,HRTC Ordinary,0,5.5,210
shimla,mandi,145,1500,10,19,0,HRTC Ordinary,0,6.0,210
shimla,mandi,145,1500,11,6,0,HRTC Ordinary,0,5.5,210
shimla,mandi,145,1500,11,10,0,HRTC Ordinary,0,5.5,210
shimla,mandi,145,1500,11,14,0,HRTC Ordinary,0,5.5,210
shimla,mandi,145,1500,11,19,0,HRTC Ordinary,0,6.0,210
shimla,mandi,145,1500,12,6,0,HRTC Ordinary,0,5.5,210
shimla,mandi,145,1500,12,10,0,HRTC Ordinary,0,5.5,210
shimla,mandi,145,1500,12,14,0,HRTC Ordinary,0,5.5,210
shimla,mandi,145,1500,12,19,0,HRTC Ordinary,0,6.0,210
shimla,mandi,145,1500,1,6,0,HRTC Himgaura AC,1,5.5,304
shimla,mandi,145,1500,1,10,0,HRTC Himgaura AC,1,5.5,304
shimla,mandi,145,1500,1,14,0,HRTC Himgaura AC,1,5.5,304
shimla,mandi,145,1500,1,19,0,HRTC Himgaura AC,1,6.0,304
shimla,mandi,145,1500,2,6,0,HRTC Himgaura AC,1,5.5,304
shimla,mandi,145,1500,2,10,0,HRTC Himgaura AC,1,5.5,304
shimla,mandi,145,1500,2,14,0,HRTC Himgaura AC,1,5.5,304
shimla,mandi,145,1500,2,19,0,HRTC Himgaura AC,1,6.0,304
shimla,mandi,145,1500,3,6,0,HRTC Himgaura AC,1,5.5,304
shimla,mandi,145,1500,3,10,0,HRTC Himgaura AC,1,5.5,304
shimla,mandi,145,1500,3,14,0,HRTC Himgaura AC,1,5.5,304
shimla,mandi,145,1500,3,19,0,HRTC Himgaura AC,1,6.0,304
shimla,mandi,145,1500,4,6,0,HRTC Himgaura AC,1,5.5,304
shimla,mandi,145,1500,4,10,0,HRTC Himgaura AC,1,5.5,304
shimla,mandi,145,1500,4,14,0,HRTC Himgaura AC,1,5.5,304
shimla,mandi,145,1500,4,19,0,HRTC Himgaura AC,1,6.0,304
shimla,mandi,145,1500,5,6,0,HRTC Himgaura AC,1,5.5,304
shimla,mandi,145,1500,5,10,0,HRTC Himgaura AC,1,5.5,304
shimla,mandi,145,1500,5,14,0,HRTC Himgaura AC,1,5.5,304
shimla,mandi,145,1500,5,19,0,HRTC Himgaura AC,1,6.0,304
shimla,mandi,145,1500,6,6,0,HRTC Himgaura AC,1,5.5,304
shimla,mandi,145,1500,6,10,0,HRTC Himgaura AC,1,5.5,304
shimla,mandi,145,1500,6,14,0,HRTC Himgaura AC,1,5.5,304
shimla,mandi,145,1500,6,19,0,HRTC Himgaura AC,1,6.0,304
shimla,mandi,145,1500,7,6,0,HRTC Himgaura AC,1,5.5,304
shimla,mandi,145,1500,7,10,2,HRTC Himgaura AC,1,9.0,304
shimla,mandi,145,1500,7,14,2,HRTC Himgaura AC,1,9.0,304
shimla,mandi,145,1500,7,19,1,HRTC Himgaura AC,1,7.0,304
shimla,mandi,145,1500,8,6,1,HRTC Himgaura AC,1,6.5,304
shimla,mandi,145,1500,8,10,0,HRTC Himgaura AC,1,5.5,304
shimla,mandi,145,1500,8,14,0,HRTC Himgaura AC,1,5.5,304
shimla,mandi,145,1500,8,19,0,HRTC Himgaura AC,1,6.0,304
shimla,mandi,145,1500,9,6,0,HRTC Himgaura AC,1,5.5,304
shimla,mandi,145,1500,9,10,0,HRTC Himgaura AC,1,5.5,304
shimla,mandi,145,1500,9,14,0,HRTC Himgaura AC,1,5.5,304
shimla,mandi,145,1500,9,19,0,HRTC Himgaura AC,1,6.0,304
shimla,mandi,145,1500,10,6,0,HRTC Himgaura AC,1,5.5,304
shimla,mandi,145,1500,10,10,0,HRTC Himgaura AC,1,5.5,304
shimla,mandi,145,1500,10,14,0,HRTC Himgaura AC,1,5.5,304
shimla,mandi,145,1500,10,19,0,HRTC Himgaura AC,1,6.0,304
shimla,mandi,145,1500,11,6,0,HRTC Himgaura AC,1,5.5,304
shimla,mandi,145,1500,11,10,0,HRTC Himgaura AC,1,5.5,304
shimla,mandi,145,1500,11,14,0,HRTC Himgaura AC,1,5.5,304
shimla,mandi,145,1500,11,19,0,HRTC Himgaura AC,1,6.0,304
shimla,mandi,145,1500,12,6,0,HRTC Himgaura AC,1,5.5,304
shimla,mandi,145,1500,12,10,0,HRTC Himgaura AC,1,5.5,304
shimla,mandi,145,1500,12,14,0,HRTC Himgaura AC,1,5.5,304
shimla,mandi,145,1500,12,19,0,HRTC Himgaura AC,1,6.0,304
mandi,shimla,145,1500,1,6,0,HRTC Ordinary,0,5.5,210
mandi,shimla,145,1500,1,10,0,HRTC Ordinary,0,5.5,210
mandi,shimla,145,1500,1,14,0,HRTC Ordinary,0,5.5,210
mandi,shimla,145,1500,1,19,0,HRTC Ordinary,0,6.0,210
mandi,shimla,145,1500,2,6,0,HRTC Ordinary,0,5.5,210
mandi,shimla,145,1500,2,10,0,HRTC Ordinary,0,5.5,210
mandi,shimla,145,1500,2,14,0,HRTC Ordinary,0,5.5,210
mandi,shimla,145,1500,2,19,0,HRTC Ordinary,0,6.0,210
mandi,shimla,145,1500,3,6,0,HRTC Ordinary,0,5.5,210
mandi,shimla,145,1500,3,10,0,HRTC Ordinary,0,5.5,210
mandi,shimla,145,1500,3,14,0,HRTC Ordinary,0,5.5,210
mandi,shimla,145,1500,3,19,0,HRTC Ordinary,0,6.0,210
mandi,shimla,145,1500,4,6,0,HRTC Ordinary,0,5.5,210
mandi,shimla,145,1500,4,10,0,HRTC Ordinary,0,5.5,210
mandi,shimla,145,1500,4,14,0,HRTC Ordinary,0,5.5,210
mandi,shimla,145,1500,4,19,0,HRTC Ordinary,0,6.0,210
mandi,shimla,145,1500,5,6,0,HRTC Ordinary,0,5.5,210
mandi,shimla,145,1500,5,10,0,HRTC Ordinary,0,5.5,210
mandi,shimla,145,1500,5,14,0,HRTC Ordinary,0,5.5,210
mandi,shimla,145,1500,5,19,0,HRTC Ordinary,0,6.0,210
mandi,shimla,145,1500,6,6,0,HRTC Ordinary,0,5.5,210
mandi,shimla,145,1500,6,10,0,HRTC Ordinary,0,5.5,210
mandi,shimla,145,1500,6,14,0,HRTC Ordinary,0,5.5,210
mandi,shimla,145,1500,6,19,0,HRTC Ordinary,0,6.0,210
mandi,shimla,145,1500,7,6,1,HRTC Ordinary,0,6.5,210
mandi,shimla,145,1500,7,10,1,HRTC Ordinary,0,6.5,210
mandi,shimla,145,1500,7,14,1,HRTC Ordinary,0,6.5,210
mandi,shimla,145,1500,7,19,0,HRTC Ordinary,0,6.0,210
mandi,shimla,145,1500,8,6,2,HRTC Ordinary,0,9.0,210
mandi,shimla,145,1500,8,10,1,HRTC Ordinary,0,6.5,210
mandi,shimla,145,1500,8,14,1,HRTC Ordinary,0,6.5,210
mandi,shimla,145,1500,8,19,1,HRTC Ordinary,0,7.0,210
mandi,shimla,145,1500,9,6,0,HRTC Ordinary,0,5.5,210
mandi,shimla,145,1500,9,10,0,HRTC Ordinary,0,5.5,210
mandi,shimla,145,1500,9,14,0,HRTC Ordinary,0,5.5,210
mandi,shimla,145,1500,9,19,0,HRTC Ordinary,0,6.0,210
mandi,shimla,145,1500,10,6,0,HRTC Ordinary,0,5.5,210
mandi,shimla,145,1500,10,10,0,HRTC Ordinary,0,5.5,210
mandi,shimla,145,1500,10,14,0,HRTC Ordinary,0,5.5,210
mandi,shimla,145,1500,10,19,0,HRTC Ordinary,0,6.0,210
mandi,shimla,145,1500,11,6,0,HRTC Ordinary,0,5.5,210
mandi,shimla,145,1500,11,10,0,HRTC Ordinary,0,5.5,210
mandi,shimla,145,1500,11,14,0,HRTC Ordinary,0,5.5,210
mandi,shimla,145,1500,11,19,0,HRTC Ordinary,0,6.0,210
mandi,shimla,145,1500,12,6,0,HRTC Ordinary,0,5.5,210
mandi,shimla,145,1500,12,10,0,HRTC Ordinary,0,5.5,210
mandi,shimla,145,1500,12,14,0,HRTC Ordinary,0,5.5,210
mandi,shimla,145,1500,12,19,0,HRTC Ordinary,0,6.0,210
mandi,shimla,145,1500,1,6,0,HRTC Himgaura AC,1,5.5,304
mandi,shimla,145,1500,1,10,0,HRTC Himgaura AC,1,5.5,304
mandi,shimla,145,1500,1,14,0,HRTC Himgaura AC,1,5.5,304
mandi,shimla,145,1500,1,19,0,HRTC Himgaura AC,1,6.0,304
mandi,shimla,145,1500,2,6,0,HRTC Himgaura AC,1,5.5,304
mandi,shimla,145,1500,2,10,0,HRTC Himgaura AC,1,5.5,304
mandi,shimla,145,1500,2,14,0,HRTC Himgaura AC,1,5.5,304
mandi,shimla,145,1500,2,19,0,HRTC Himgaura AC,1,6.0,304
mandi,shimla,145,1500,3,6,0,HRTC Himgaura AC,1,5.5,304
mandi,shimla,145,1500,3,10,0,HRTC Himgaura AC,1,5.5,304
mandi,shimla,145,1500,3,14,0,HRTC Himgaura AC,1,5.5,304
mandi,shimla,145,1500,3,19,0,HRTC Himgaura AC,1,6.0,304
mandi,shimla,145,1500,4,6,0,HRTC Himgaura AC,1,5.5,304
mandi,shimla,145,1500,4,10,0,HRTC Himgaura AC,1,5.5,304
mandi,shimla,145,1500,4,14,0,HRTC Himgaura AC,1,5.5,304
mandi,shimla,145,1500,4,19,0,HRTC Himgaura AC,1,6.0,304
mandi,shimla,145,1500,5,6,0,HRTC Himgaura AC,1,5.5,304
mandi,shimla,145,1500,5,10,0,HRTC Himgaura AC,1,5.5,304
mandi,shimla,145,1500,5,14,0,HRTC Himgaura AC,1,5.5,304
mandi,shimla,145,1500,5,19,0,HRTC Himgaura AC,1,6.0,304
mandi,shimla,145,1500,6,6,0,HRTC Himgaura AC,1,5.5,304
mandi,shimla,145,1500,6,10,0,HRTC Himgaura AC,1,5.5,304
mandi,shimla,145,1500,6,14,0,HRTC Himgaura AC,1,5.5,304
mandi,shimla,145,1500,6,19,0,HRTC Himgaura AC,1,6.0,304
mandi,shimla,145,1500,7,6,1,HRTC Himgaura AC,1,6.5,304
mandi,shimla,145,1500,7,10,0,HRTC Himgaura AC,1,5.5,304
mandi,shimla,145,1500,7,14,0,HRTC Himgaura AC,1,5.5,304
mandi,shimla,145,1500,7,19,1,HRTC Himgaura AC,1,7.0,304
mandi,shimla,145,1500,8,6,0,HRTC Himgaura AC,1,5.5,304
mandi,shimla,145,1500,8,10,0,HRTC Himgaura AC,1,5.5,304
mandi,shimla,145,1500,8,14,0,HRTC Himgaura AC,1,5.5,304
mandi,shimla,145,1500,8,19,0,HRTC Himgaura AC,1,6.0,304
mandi,shimla,145,1500,9,6,0,HRTC Himgaura AC,1,5.5,304
mandi,shimla,145,1500,9,10,0,HRTC Himgaura AC,1,5.5,304
mandi,shimla,145,1500,9,14,0,HRTC Himgaura AC,1,5.5,304
mandi,shimla,145,1500,9,19,0,HRTC Himgaura AC,1,6.0,304
mandi,shimla,145,1500,10,6,0,HRTC Himgaura AC,1,5.5,304
mandi,shimla,145,1500,10,10,0,HRTC Himgaura AC,1,5.5,304
mandi,shimla,145,1500,10,14,0,HRTC Himgaura AC,1,5.5,304
mandi,shimla,145,1500,10,19,0,HRTC Himgaura AC,1,6.0,304
mandi,shimla,145,1500,11,6,0,HRTC Himgaura AC,1,5.5,304
mandi,shimla,145,1500,11,10,0,HRTC Himgaura AC,1,5.5,304
mandi,shimla,145,1500,11,14,0,HRTC Himgaura AC,1,5.5,304
mandi,shimla,145,1500,11,19,0,HRTC Himgaura AC,1,6.0,304
mandi,shimla,145,1500,12,6,0,HRTC Himgaura AC,1,5.5,304
mandi,shimla,145,1500,12,10,0,HRTC Himgaura AC,1,5.5,304
mandi,shimla,145,1500,12,14,0,HRTC Himgaura AC,1,5.5,304
mandi,shimla,145,1500,12,19,0,HRTC Himgaura AC,1,6.0,304
shimla,manali,250,1500,1,6,0,HRTC Ordinary,0,9.0,362
shimla,manali,250,1500,1,10,0,HRTC Ordinary,0,9.0,362
shimla,manali,250,1500,1,14,0,HRTC Ordinary,0,9.0,362
shimla,manali,250,1500,1,19,0,HRTC Ordinary,0,9.5,362
shimla,manali,250,1500,2,6,0,HRTC Ordinary,0,9.0,362
shimla,manali,250,1500,2,10,0,HRTC Ordinary,0,9.0,362
shimla,manali,250,1500,2,14,0,HRTC Ordinary,0,9.0,362
shimla,manali,250,1500,2,19,0,HRTC Ordinary,0,9.5,362
shimla,manali,250,1500,3,6,0,HRTC Ordinary,0,9.0,362
shimla,manali,250,1500,3,10,0,HRTC Ordinary,0,9.0,362
shimla,manali,250,1500,3,14,0,HRTC Ordinary,0,9.0,362
shimla,manali,250,1500,3,19,0,HRTC Ordinary,0,9.5,362
shimla,manali,250,1500,4,6,0,HRTC Ordinary,0,9.0,362
shimla,manali,250,1500,4,10,0,HRTC Ordinary,0,9.0,362
shimla,manali,250,1500,4,14,0,HRTC Ordinary,0,9.0,362
shimla,manali,250,1500,4,19,0,HRTC Ordinary,0,9.5,362
shimla,manali,250,1500,5,6,0,HRTC Ordinary,0,9.0,362
shimla,manali,250,1500,5,10,0,HRTC Ordinary,0,9.0,362
shimla,manali,250,1500,5,14,0,HRTC Ordinary,0,9.0,362
shimla,manali,250,1500,5,19,0,HRTC Ordinary,0,9.5,362
shimla,manali,250,1500,6,6,0,HRTC Ordinary,0,9.0,362
shimla,manali,250,1500,6,10,0,HRTC Ordinary,0,9.0,362
shimla,manali,250,1500,6,14,0,HRTC Ordinary,0,9.0,362
shimla,manali,250,1500,6,19,0,HRTC Ordinary,0,9.5,362
shimla,manali,250,1500,7,6,2,HRTC Ordinary,0,12.5,362
shimla,manali,250,1500,7,10,1,HRTC Ordinary,0,10.0,362
shimla,manali,250,1500,7,14,1,HRTC Ordinary,0,10.0,362
shimla,manali,250,1500,7,19,0,HRTC Ordinary,0,9.5,362
shimla,manali,250,1500,8,6,1,HRTC Ordinary,0,10.0,362
shimla,manali,250,1500,8,10,1,HRTC Ordinary,0,10.0,362
shimla,manali,250,1500,8,14,0,HRTC Ordinary,0,9.0,362
shimla,manali,250,1500,8,19,1,HRTC Ordinary,0,10.5,362
shimla,manali,250,1500,9,6,0,HRTC Ordinary,0,9.0,362
shimla,manali,250,1500,9,10,0,HRTC Ordinary,0,9.0,362
shimla,manali,250,1500,9,14,0,HRTC Ordinary,0,9.0,362
shimla,manali,250,1500,9,19,0,HRTC Ordinary,0,9.5,362
shimla,manali,250,1500,10,6,0,HRTC Ordinary,0,9.0,362
shimla,manali,250,1500,10,10,0,HRTC Ordinary,0,9.0,362
shimla,manali,250,1500,10,14,0,HRTC Ordinary,0,9.0,362
shimla,manali,250,1500,10,19,0,HRTC Ordinary,0,9.5,362
shimla,manali,250,1500,11,6,0,HRTC Ordinary,0,9.0,362
shimla,manali,250,1500,11,10,0,HRTC Ordinary,0,9.0,362
shimla,manali,250,1500,11,14,0,HRTC Ordinary,0,9.0,362
shimla,manali,250,1500,11,19,0,HRTC Ordinary,0,9.5,362
shimla,manali,250,1500,12,6,0,HRTC Ordinary,0,9.0,362
shimla,manali,250,1500,12,10,0,HRTC Ordinary,0,9.0,362
shimla,manali,250,1500,12,14,0,HRTC Ordinary,0,9.0,362
shimla,manali,250,1500,12,19,0,HRTC Ordinary,0,9.5,362
shimla,manali,250,1500,1,6,0,HRTC Himgaura AC,1,9.0,525
shimla,manali,250,1500,1,10,0,HRTC Himgaura AC,1,9.0,525
shimla,manali,250,1500,1,14,0,HRTC Himgaura AC,1,9.0,525
shimla,manali,250,1500,1,19,0,HRTC Himgaura AC,1,9.5,525
shimla,manali,250,1500,2,6,0,HRTC Himgaura AC,1,9.0,525
shimla,manali,250,1500,2,10,0,HRTC Himgaura AC,1,9.0,525
shimla,manali,250,1500,2,14,0,HRTC Himgaura AC,1,9.0,525
shimla,manali,250,1500,2,19,0,HRTC Himgaura AC,1,9.5,525
shimla,manali,250,1500,3,6,0,HRTC Himgaura AC,1,9.0,525
shimla,manali,250,1500,3,10,0,HRTC Himgaura AC,1,9.0,525
shimla,manali,250,1500,3,14,0,HRTC Himgaura AC,1,9.0,525
shimla,manali,250,1500,3,19,0,HRTC Himgaura AC,1,9.5,525
shimla,manali,250,1500,4,6,0,HRTC Himgaura AC,1,9.0,525
shimla,manali,250,1500,4,10,0,HRTC Himgaura AC,1,9.0,525
shimla,manali,250,1500,4,14,0,HRTC Himgaura AC,1,9.0,525
shimla,manali,250,1500,4,19,0,HRTC Himgaura AC,1,9.5,525
shimla,manali,250,1500,5,6,0,HRTC Himgaura AC,1,9.0,525
shimla,manali,250,1500,5,10,0,HRTC Himgaura AC,1,9.0,525
shimla,manali,250,1500,5,14,0,HRTC Himgaura AC,1,9.0,525
shimla,manali,250,1500,5,19,0,HRTC Himgaura AC,1,9.5,525
shimla,manali,250,1500,6,6,0,HRTC Himgaura AC,1,9.0,525
shimla,manali,250,1500,6,10,0,HRTC Himgaura AC,1,9.0,525
shimla,manali,250,1500,6,14,0,HRTC Himgaura AC,1,9.0,525
shimla,manali,250,1500,6,19,0,HRTC Himgaura AC,1,9.5,525
shimla,manali,250,1500,7,6,0,HRTC Himgaura AC,1,9.0,525
shimla,manali,250,1500,7,10,1,HRTC Himgaura AC,1,10.0,525
shimla,manali,250,1500,7,14,1,HRTC Himgaura AC,1,10.0,525
shimla,manali,250,1500,7,19,0,HRTC Himgaura AC,1,9.5,525
shimla,manali,250,1500,8,6,0,HRTC Himgaura AC,1,9.0,525
shimla,manali,250,1500,8,10,1,HRTC Himgaura AC,1,10.0,525
shimla,manali,250,1500,8,14,1,HRTC Himgaura AC,1,10.0,525
shimla,manali,250,1500,8,19,2,HRTC Himgaura AC,1,13.0,525
shimla,manali,250,1500,9,6,0,HRTC Himgaura AC,1,9.0,525
shimla,manali,250,1500,9,10,0,HRTC Himgaura AC,1,9.0,525
shimla,manali,250,1500,9,14,0,HRTC Himgaura AC,1,9.0,525
shimla,manali,250,1500,9,19,0,HRTC Himgaura AC,1,9.5,525
shimla,manali,250,1500,10,6,0,HRTC Himgaura AC,1,9.0,525
shimla,manali,250,1500,10,10,0,HRTC Himgaura AC,1,9.0,525
shimla,manali,250,1500,10,14,0,HRTC Himgaura AC,1,9.0,525
shimla,manali,250,1500,10,19,0,HRTC Himgaura AC,1,9.5,525
shimla,manali,250,1500,11,6,0,HRTC Himgaura AC,1,9.0,525
shimla,manali,250,1500,11,10,0,HRTC Himgaura AC,1,9.0,525
shimla,manali,250,1500,11,14,0,HRTC Himgaura AC,1,9.0,525
shimla,manali,250,1500,11,19,0,HRTC Himgaura AC,1,9.5,525
shimla,manali,250,1500,12,6,0,HRTC Himgaura AC,1,9.0,525
shimla,manali,250,1500,12,10,0,HRTC Himgaura AC,1,9.0,525
shimla,manali,250,1500,12,14,0,HRTC Himgaura AC,1,9.0,525
shimla,manali,250,1500,12,19,0,HRTC Himgaura AC,1,9.5,525
manali,shimla,250,1500,1,6,0,HRTC Ordinary,0,9.0,362
manali,shimla,250,1500,1,10,0,HRTC Ordinary,0,9.0,362
manali,shimla,250,1500,1,14,0,HRTC Ordinary,0,9.0,362
manali,shimla,250,1500,1,19,0,HRTC Ordinary,0,9.5,362
manali,shimla,250,1500,2,6,0,HRTC Ordinary,0,9.0,362
manali,shimla,250,1500,2,10,0,HRTC Ordinary,0,9.0,362
manali,shimla,250,1500,2,14,0,HRTC Ordinary,0,9.0,362
manali,shimla,250,1500,2,19,0,HRTC Ordinary,0,9.5,362
manali,shimla,250,1500,3,6,0,HRTC Ordinary,0,9.0,362
manali,shimla,250,1500,3,10,0,HRTC Ordinary,0,9.0,362
manali,shimla,250,1500,3,14,0,HRTC Ordinary,0,9.0,362
manali,shimla,250,1500,3,19,0,HRTC Ordinary,0,9.5,362
manali,shimla,250,1500,4,6,0,HRTC Ordinary,0,9.0,362
manali,shimla,250,1500,4,10,0,HRTC Ordinary,0,9.0,362
manali,shimla,250,1500,4,14,0,HRTC Ordinary,0,9.0,362
manali,shimla,250,1500,4,19,0,HRTC Ordinary,0,9.5,362
manali,shimla,250,1500,5,6,0,HRTC Ordinary,0,9.0,362
manali,shimla,250,1500,5,10,0,HRTC Ordinary,0,9.0,362
manali,shimla,250,1500,5,14,0,HRTC Ordinary,0,9.0,362
manali,shimla,250,1500,5,19,0,HRTC Ordinary,0,9.5,362
manali,shimla,250,1500,6,6,0,HRTC Ordinary,0,9.0,362
manali,shimla,250,1500,6,10,0,HRTC Ordinary,0,9.0,362
manali,shimla,250,1500,6,14,0,HRTC Ordinary,0,9.0,362
manali,shimla,250,1500,6,19,0,HRTC Ordinary,0,9.5,362
manali,shimla,250,1500,7,6,1,HRTC Ordinary,0,10.0,362
manali,shimla,250,1500,7,10,0,HRTC Ordinary,0,9.0,362
manali,shimla,250,1500,7,14,0,HRTC Ordinary,0,9.0,362
manali,shimla,250,1500,7,19,1,HRTC Ordinary,0,10.5,362
manali,shimla,250,1500,8,6,0,HRTC Ordinary,0,9.0,362
manali,shimla,250,1500,8,10,1,HRTC Ordinary,0,10.0,362
manali,shimla,250,1500,8,14,2,HRTC Ordinary,0,12.5,362
manali,shimla,250,1500,8,19,1,HRTC Ordinary,0,10.5,362
manali,shimla,250,1500,9,6,0,HRTC Ordinary,0,9.0,362
manali,shimla,250,1500,9,10,0,HRTC Ordinary,0,9.0,362
manali,shimla,250,1500,9,14,0,HRTC Ordinary,0,9.0,362
manali,shimla,250,1500,9,19,0,HRTC Ordinary,0,9.5,362
manali,shimla,250,1500,10,6,0,HRTC Ordinary,0,9.0,362
manali,shimla,250,1500,10,10,0,HRTC Ordinary,0,9.0,362
manali,shimla,250,1500,10,14,0,HRTC Ordinary,0,9.0,362
manali,shimla,250,1500,10,19,0,HRTC Ordinary,0,9.5,362
manali,shimla,250,1500,11,6,0,HRTC Ordinary,0,9.0,362
manali,shimla,250,1500,11,10,0,HRTC Ordinary,0,9.0,362
manali,shimla,250,1500,11,14,0,HRTC Ordinary,0,9.0,362
manali,shimla,250,1500,11,19,0,HRTC Ordinary,0,9.5,362
manali,shimla,250,1500,12,6,0,HRTC Ordinary,0,9.0,362
manali,shimla,250,1500,12,10,0,HRTC Ordinary,0,9.0,362
manali,shimla,250,1500,12,14,0,HRTC Ordinary,0,9.0,362
manali,shimla,250,1500,12,19,0,HRTC Ordinary,0,9.5,362
manali,shimla,250,1500,1,6,0,HRTC Himgaura AC,1,9.0,525
manali,shimla,250,1500,1,10,0,HRTC Himgaura AC,1,9.0,525
manali,shimla,250,1500,1,14,0,HRTC Himgaura AC,1,9.0,525
manali,shimla,250,1500,1,19,0,HRTC Himgaura AC,1,9.5,525
manali,shimla,250,1500,2,6,0,HRTC Himgaura AC,1,9.0,525
manali,shimla,250,1500,2,10,0,HRTC Himgaura AC,1,9.0,525
manali,shimla,250,1500,2,14,0,HRTC Himgaura AC,1,9.0,525
manali,shimla,250,1500,2,19,0,HRTC Himgaura AC,1,9.5,525
manali,shimla,250,1500,3,6,0,HRTC Himgaura AC,1,9.0,525
manali,shimla,250,1500,3,10,0,HRTC Himgaura AC,1,9.0,525
manali,shimla,250,1500,3,14,0,HRTC Himgaura AC,1,9.0,525
manali,shimla,250,1500,3,19,0,HRTC Himgaura AC,1,9.5,525
manali,shimla,250,1500,4,6,0,HRTC Himgaura AC,1,9.0,525
manali,shimla,250,1500,4,10,0,HRTC Himgaura AC,1,9.0,525
manali,shimla,250,1500,4,14,0,HRTC Himgaura AC,1,9.0,525
manali,shimla,250,1500,4,19,0,HRTC Himgaura AC,1,9.5,525
manali,shimla,250,1500,5,6,0,HRTC Himgaura AC,1,9.0,525
manali,shimla,250,1500,5,10,0,HRTC Himgaura AC,1,9.0,525
manali,shimla,250,1500,5,14,0,HRTC Himgaura AC,1,9.0,525
manali,shimla,250,1500,5,19,0,HRTC Himgaura AC,1,9.5,525
manali,shimla,250,1500,6,6,0,HRTC Himgaura AC,1,9.0,525
manali,shimla,250,1500,6,10,0,HRTC Himgaura AC,1,9.0,525
manali,shimla,250,1500,6,14,0,HRTC Himgaura AC,1,9.0,525
manali,shimla,250,1500,6,19,0,HRTC Himgaura AC,1,9.5,525
manali,shimla,250,1500,7,6,0,HRTC Himgaura AC,1,9.0,525
manali,shimla,250,1500,7,10,1,HRTC Himgaura AC,1,10.0,525
manali,shimla,250,1500,7,14,1,HRTC Himgaura AC,1,10.0,525
manali,shimla,250,1500,7,19,1,HRTC Himgaura AC,1,10.5,525
manali,shimla,250,1500,8,6,2,HRTC Himgaura AC,1,12.5,525
manali,shimla,250,1500,8,10,0,HRTC Himgaura AC,1,9.0,525
manali,shimla,250,1500,8,14,2,HRTC Himgaura AC,1,12.5,525
manali,shimla,250,1500,8,19,2,HRTC Himgaura AC,1,13.0,525
manali,shimla,250,1500,9,6,0,HRTC Himgaura AC,1,9.0,525
manali,shimla,250,1500,9,10,0,HRTC Himgaura AC,1,9.0,525
manali,shimla,250,1500,9,14,0,HRTC Himgaura AC,1,9.0,525
manali,shimla,250,1500,9,19,0,HRTC Himgaura AC,1,9.5,525
manali,shimla,250,1500,10,6,0,HRTC Himgaura AC,1,9.0,525
manali,shimla,250,1500,10,10,0,HRTC Himgaura AC,1,9.0,525
manali,shimla,250,1500,10,14,0,HRTC Himgaura AC,1,9.0,525
manali,shimla,250,1500,10,19,0,HRTC Himgaura AC,1,9.5,525
manali,shimla,250,1500,11,6,0,HRTC Himgaura AC,1,9.0,525
manali,shimla,250,1500,11,10,0,HRTC Himgaura AC,1,9.0,525
manali,shimla,250,1500,11,14,0,HRTC Himgaura AC,1,9.0,525
manali,shimla,250,1500,11,19,0,HRTC Himgaura AC,1,9.5,525
manali,shimla,250,1500,12,6,0,HRTC Himgaura AC,1,9.0,525
manali,shimla,250,1500,12,10,0,HRTC Himgaura AC,1,9.0,525
manali,shimla,250,1500,12,14,0,HRTC Himgaura AC,1,9.0,525
manali,shimla,250,1500,12,19,0,HRTC Himgaura AC,1,9.5,525
hamirpur,ghumarwin,40,1500,1,6,0,HRTC Ordinary,0,1.5,58
hamirpur,ghumarwin,40,1500,1,10,0,HRTC Ordinary,0,1.5,58
hamirpur,ghumarwin,40,1500,1,14,0,HRTC Ordinary,0,1.5,58
hamirpur,ghumarwin,40,1500,1,19,0,HRTC Ordinary,0,2.0,58
hamirpur,ghumarwin,40,1500,2,6,0,HRTC Ordinary,0,1.5,58
hamirpur,ghumarwin,40,1500,2,10,0,HRTC Ordinary,0,1.5,58
hamirpur,ghumarwin,40,1500,2,14,0,HRTC Ordinary,0,1.5,58
hamirpur,ghumarwin,40,1500,2,19,0,HRTC Ordinary,0,2.0,58
hamirpur,ghumarwin,40,1500,3,6,0,HRTC Ordinary,0,1.5,58
hamirpur,ghumarwin,40,1500,3,10,0,HRTC Ordinary,0,1.5,58
hamirpur,ghumarwin,40,1500,3,14,0,HRTC Ordinary,0,1.5,58
hamirpur,ghumarwin,40,1500,3,19,0,HRTC Ordinary,0,2.0,58
hamirpur,ghumarwin,40,1500,4,6,0,HRTC Ordinary,0,1.5,58
hamirpur,ghumarwin,40,1500,4,10,0,HRTC Ordinary,0,1.5,58
hamirpur,ghumarwin,40,1500,4,14,0,HRTC Ordinary,0,1.5,58
hamirpur,ghumarwin,40,1500,4,19,0,HRTC Ordinary,0,2.0,58
hamirpur,ghumarwin,40,1500,5,6,0,HRTC Ordinary,0,1.5,58
hamirpur,ghumarwin,40,1500,5,10,0,HRTC Ordinary,0,1.5,58
hamirpur,ghumarwin,40,1500,5,14,0,HRTC Ordinary,0,1.5,58
hamirpur,ghumarwin,40,1500,5,19,0,HRTC Ordinary,0,2.0,58
hamirpur,ghumarwin,40,1500,6,6,0,HRTC Ordinary,0,1.5,58
hamirpur,ghumarwin,40,1500,6,10,0,HRTC Ordinary,0,1.5,58
hamirpur,ghumarwin,40,1500,6,14,0,HRTC Ordinary,0,1.5,58
hamirpur,ghumarwin,40,1500,6,19,0,HRTC Ordinary,0,2.0,58
hamirpur,ghumarwin,40,1500,7,6,0,HRTC Ordinary,0,1.5,58
hamirpur,ghumarwin,40,1500,7,10,0,HRTC Ordinary,0,1.5,58
hamirpur,ghumarwin,40,1500,7,14,0,HRTC Ordinary,0,1.5,58
hamirpur,ghumarwin,40,1500,7,19,0,HRTC Ordinary,0,2.0,58
hamirpur,ghumarwin,40,1500,8,6,0,HRTC Ordinary,0,1.5,58
hamirpur,ghumarwin,40,1500,8,10,1,HRTC Ordinary,0,2.5,58
hamirpur,ghumarwin,40,1500,8,14,0,HRTC Ordinary,0,1.5,58
hamirpur,ghumarwin,40,1500,8,19,0,HRTC Ordinary,0,2.0,58
hamirpur,ghumarwin,40,1500,9,6,0,HRTC Ordinary,0,1.5,58
hamirpur,ghumarwin,40,1500,9,10,0,HRTC Ordinary,0,1.5,58
hamirpur,ghumarwin,40,1500,9,14,0,HRTC Ordinary,0,1.5,58
hamirpur,ghumarwin,40,1500,9,19,0,HRTC Ordinary,0,2.0,58
hamirpur,ghumarwin,40,1500,10,6,0,HRTC Ordinary,0,1.5,58
hamirpur,ghumarwin,40,1500,10,10,0,HRTC Ordinary,0,1.5,58
hamirpur,ghumarwin,40,1500,10,14,0,HRTC Ordinary,0,1.5,58
hamirpur,ghumarwin,40,1500,10,19,0,HRTC Ordinary,0,2.0,58
hamirpur,ghumarwin,40,1500,11,6,0,HRTC Ordinary,0,1.5,58
hamirpur,ghumarwin,40,1500,11,10,0,HRTC Ordinary,0,1.5,58
hamirpur,ghumarwin,40,1500,11,14,0,HRTC Ordinary,0,1.5,58
hamirpur,ghumarwin,40,1500,11,19,0,HRTC Ordinary,0,2.0,58
hamirpur,ghumarwin,40,1500,12,6,0,HRTC Ordinary,0,1.5,58
hamirpur,ghumarwin,40,1500,12,10,0,HRTC Ordinary,0,1.5,58
hamirpur,ghumarwin,40,1500,12,14,0,HRTC Ordinary,0,1.5,58
hamirpur,ghumarwin,40,1500,12,19,0,HRTC Ordinary,0,2.0,58
ghumarwin,hamirpur,40,1500,1,6,0,HRTC Ordinary,0,1.5,58
ghumarwin,hamirpur,40,1500,1,10,0,HRTC Ordinary,0,1.5,58
ghumarwin,hamirpur,40,1500,1,14,0,HRTC Ordinary,0,1.5,58
ghumarwin,hamirpur,40,1500,1,19,0,HRTC Ordinary,0,2.0,58
ghumarwin,hamirpur,40,1500,2,6,0,HRTC Ordinary,0,1.5,58
ghumarwin,hamirpur,40,1500,2,10,0,HRTC Ordinary,0,1.5,58
ghumarwin,hamirpur,40,1500,2,14,0,HRTC Ordinary,0,1.5,58
ghumarwin,hamirpur,40,1500,2,19,0,HRTC Ordinary,0,2.0,58
ghumarwin,hamirpur,40,1500,3,6,0,HRTC Ordinary,0,1.5,58
ghumarwin,hamirpur,40,1500,3,10,0,HRTC Ordinary,0,1.5,58
ghumarwin,hamirpur,40,1500,3,14,0,HRTC Ordinary,0,1.5,58
ghumarwin,hamirpur,40,1500,3,19,0,HRTC Ordinary,0,2.0,58
ghumarwin,hamirpur,40,1500,4,6,0,HRTC Ordinary,0,1.5,58
ghumarwin,hamirpur,40,1500,4,10,0,HRTC Ordinary,0,1.5,58
ghumarwin,hamirpur,40,1500,4,14,0,HRTC Ordinary,0,1.5,58
ghumarwin,hamirpur,40,1500,4,19,0,HRTC Ordinary,0,2.0,58
ghumarwin,hamirpur,40,1500,5,6,0,HRTC Ordinary,0,1.5,58
ghumarwin,hamirpur,40,1500,5,10,0,HRTC Ordinary,0,1.5,58
ghumarwin,hamirpur,40,1500,5,14,0,HRTC Ordinary,0,1.5,58
ghumarwin,hamirpur,40,1500,5,19,0,HRTC Ordinary,0,2.0,58
ghumarwin,hamirpur,40,1500,6,6,0,HRTC Ordinary,0,1.5,58
ghumarwin,hamirpur,40,1500,6,10,0,HRTC Ordinary,0,1.5,58
ghumarwin,hamirpur,40,1500,6,14,0,HRTC Ordinary,0,1.5,58
ghumarwin,hamirpur,40,1500,6,19,0,HRTC Ordinary,0,2.0,58
ghumarwin,hamirpur,40,1500,7,6,2,HRTC Ordinary,0,5.0,58
ghumarwin,hamirpur,40,1500,7,10,0,HRTC Ordinary,0,1.5,58
ghumarwin,hamirpur,40,1500,7,14,2,HRTC Ordinary,0,5.0,58
ghumarwin,hamirpur,40,1500,7,19,0,HRTC Ordinary,0,2.0,58
ghumarwin,hamirpur,40,1500,8,6,0,HRTC Ordinary,0,1.5,58
ghumarwin,hamirpur,40,1500,8,10,1,HRTC Ordinary,0,2.5,58
ghumarwin,hamirpur,40,1500,8,14,1,HRTC Ordinary,0,2.5,58
ghumarwin,hamirpur,40,1500,8,19,2,HRTC Ordinary,0,5.5,58
ghumarwin,hamirpur,40,1500,9,6,0,HRTC Ordinary,0,1.5,58
ghumarwin,hamirpur,40,1500,9,10,0,HRTC Ordinary,0,1.5,58
ghumarwin,hamirpur,40,1500,9,14,0,HRTC Ordinary,0,1.5,58
ghumarwin,hamirpur,40,1500,9,19,0,HRTC Ordinary,0,2.0,58
ghumarwin,hamirpur,40,1500,10,6,0,HRTC Ordinary,0,1.5,58
ghumarwin,hamirpur,40,1500,10,10,0,HRTC Ordinary,0,1.5,58
ghumarwin,hamirpur,40,1500,10,14,0,HRTC Ordinary,0,1.5,58
ghumarwin,hamirpur,40,1500,10,19,0,HRTC Ordinary,0,2.0,58
ghumarwin,hamirpur,40,1500,11,6,0,HRTC Ordinary,0,1.5,58
ghumarwin,hamirpur,40,1500,11,10,0,HRTC Ordinary,0,1.5,58
ghumarwin,hamirpur,40,1500,11,14,0,HRTC Ordinary,0,1.5,58
ghumarwin,hamirpur,40,1500,11,19,0,HRTC Ordinary,0,2.0,58
ghumarwin,hamirpur,40,1500,12,6,0,HRTC Ordinary,0,1.5,58
ghumarwin,hamirpur,40,1500,12,10,0,HRTC Ordinary,0,1.5,58
ghumarwin,hamirpur,40,1500,12,14,0,HRTC Ordinary,0,1.5,58
ghumarwin,hamirpur,40,1500,12,19,0,HRTC Ordinary,0,2.0,58
ghumarwin,bilaspur,25,1500,1,6,0,HRTC Ordinary,0,1.0,36
ghumarwin,bilaspur,25,1500,1,10,0,HRTC Ordinary,0,1.0,36
ghumarwin,bilaspur,25,1500,1,14,0,HRTC Ordinary,0,1.0,36
ghumarwin,bilaspur,25,1500,1,19,0,HRTC Ordinary,0,1.5,36
ghumarwin,bilaspur,25,1500,2,6,0,HRTC Ordinary,0,1.0,36
ghumarwin,bilaspur,25,1500,2,10,0,HRTC Ordinary,0,1.0,36
ghumarwin,bilaspur,25,1500,2,14,0,HRTC Ordinary,0,1.0,36
ghumarwin,bilaspur,25,1500,2,19,0,HRTC Ordinary,0,1.5,36
ghumarwin,bilaspur,25,1500,3,6,0,HRTC Ordinary,0,1.0,36
ghumarwin,bilaspur,25,1500,3,10,0,HRTC Ordinary,0,1.0,36
ghumarwin,bilaspur,25,1500,3,14,0,HRTC Ordinary,0,1.0,36
ghumarwin,bilaspur,25,1500,3,19,0,HRTC Ordinary,0,1.5,36
ghumarwin,bilaspur,25,1500,4,6,0,HRTC Ordinary,0,1.0,36
ghumarwin,bilaspur,25,1500,4,10,0,HRTC Ordinary,0,1.0,36
ghumarwin,bilaspur,25,1500,4,14,0,HRTC Ordinary,0,1.0,36
ghumarwin,bilaspur,25,1500,4,19,0,HRTC Ordinary,0,1.5,36
ghumarwin,bilaspur,25,1500,5,6,0,HRTC Ordinary,0,1.0,36
ghumarwin,bilaspur,25,1500,5,10,0,HRTC Ordinary,0,1.0,36
ghumarwin,bilaspur,25,1500,5,14,0,HRTC Ordinary,0,1.0,36
ghumarwin,bilaspur,25,1500,5,19,0,HRTC Ordinary,0,1.5,36
ghumarwin,bilaspur,25,1500,6,6,0,HRTC Ordinary,0,1.0,36
ghumarwin,bilaspur,25,1500,6,10,0,HRTC Ordinary,0,1.0,36
ghumarwin,bilaspur,25,1500,6,14,0,HRTC Ordinary,0,1.0,36
ghumarwin,bilaspur,25,1500,6,19,0,HRTC Ordinary,0,1.5,36
ghumarwin,bilaspur,25,1500,7,6,1,HRTC Ordinary,0,2.0,36
ghumarwin,bilaspur,25,1500,7,10,2,HRTC Ordinary,0,4.5,36
ghumarwin,bilaspur,25,1500,7,14,0,HRTC Ordinary,0,1.0,36
ghumarwin,bilaspur,25,1500,7,19,0,HRTC Ordinary,0,1.5,36
ghumarwin,bilaspur,25,1500,8,6,1,HRTC Ordinary,0,2.0,36
ghumarwin,bilaspur,25,1500,8,10,2,HRTC Ordinary,0,4.5,36
ghumarwin,bilaspur,25,1500,8,14,2,HRTC Ordinary,0,4.5,36
ghumarwin,bilaspur,25,1500,8,19,1,HRTC Ordinary,0,2.5,36
ghumarwin,bilaspur,25,1500,9,6,0,HRTC Ordinary,0,1.0,36
ghumarwin,bilaspur,25,1500,9,10,0,HRTC Ordinary,0,1.0,36
ghumarwin,bilaspur,25,1500,9,14,0,HRTC Ordinary,0,1.0,36
ghumarwin,bilaspur,25,1500,9,19,0,HRTC Ordinary,0,1.5,36
ghumarwin,bilaspur,25,1500,10,6,0,HRTC Ordinary,0,1.0,36
ghumarwin,bilaspur,25,1500,10,10,0,HRTC Ordinary,0,1.0,36
ghumarwin,bilaspur,25,1500,10,14,0,HRTC Ordinary,0,1.0,36
ghumarwin,bilaspur,25,1500,10,19,0,HRTC Ordinary,0,1.5,36
ghumarwin,bilaspur,25,1500,11,6,0,HRTC Ordinary,0,1.0,36
ghumarwin,bilaspur,25,1500,11,10,0,HRTC Ordinary,0,1.0,36
ghumarwin,bilaspur,25,1500,11,14,0,HRTC Ordinary,0,1.0,36
ghumarwin,bilaspur,25,1500,11,19,0,HRTC Ordinary,0,1.5,36
ghumarwin,bilaspur,25,1500,12,6,0,HRTC Ordinary,0,1.0,36
ghumarwin,bilaspur,25,1500,12,10,0,HRTC Ordinary,0,1.0,36
ghumarwin,bilaspur,25,1500,12,14,0,HRTC Ordinary,0,1.0,36
ghumarwin,bilaspur,25,1500,12,19,0,HRTC Ordinary,0,1.5,36
bilaspur,ghumarwin,25,1500,1,6,0,HRTC Ordinary,0,1.0,36
bilaspur,ghumarwin,25,1500,1,10,0,HRTC Ordinary,0,1.0,36
bilaspur,ghumarwin,25,1500,1,14,0,HRTC Ordinary,0,1.0,36
bilaspur,ghumarwin,25,1500,1,19,0,HRTC Ordinary,0,1.5,36
bilaspur,ghumarwin,25,1500,2,6,0,HRTC Ordinary,0,1.0,36
bilaspur,ghumarwin,25,1500,2,10,0,HRTC Ordinary,0,1.0,36
bilaspur,ghumarwin,25,1500,2,14,0,HRTC Ordinary,0,1.0,36
bilaspur,ghumarwin,25,1500,2,19,0,HRTC Ordinary,0,1.5,36
bilaspur,ghumarwin,25,1500,3,6,0,HRTC Ordinary,0,1.0,36
bilaspur,ghumarwin,25,1500,3,10,0,HRTC Ordinary,0,1.0,36
bilaspur,ghumarwin,25,1500,3,14,0,HRTC Ordinary,0,1.0,36
bilaspur,ghumarwin,25,1500,3,19,0,HRTC Ordinary,0,1.5,36
bilaspur,ghumarwin,25,1500,4,6,0,HRTC Ordinary,0,1.0,36
bilaspur,ghumarwin,25,1500,4,10,0,HRTC Ordinary,0,1.0,36
bilaspur,ghumarwin,25,1500,4,14,0,HRTC Ordinary,0,1.0,36
bilaspur,ghumarwin,25,1500,4,19,0,HRTC Ordinary,0,1.5,36
bilaspur,ghumarwin,25,1500,5,6,0,HRTC Ordinary,0,1.0,36
bilaspur,ghumarwin,25,1500,5,10,0,HRTC Ordinary,0,1.0,36
bilaspur,ghumarwin,25,1500,5,14,0,HRTC Ordinary,0,1.0,36
bilaspur,ghumarwin,25,1500,5,19,0,HRTC Ordinary,0,1.5,36
bilaspur,ghumarwin,25,1500,6,6,0,HRTC Ordinary,0,1.0,36
bilaspur,ghumarwin,25,1500,6,10,0,HRTC Ordinary,0,1.0,36
bilaspur,ghumarwin,25,1500,6,14,0,HRTC Ordinary,0,1.0,36
bilaspur,ghumarwin,25,1500,6,19,0,HRTC Ordinary,0,1.5,36
bilaspur,ghumarwin,25,1500,7,6,0,HRTC Ordinary,0,1.0,36
bilaspur,ghumarwin,25,1500,7,10,1,HRTC Ordinary,0,2.0,36
bilaspur,ghumarwin,25,1500,7,14,0,HRTC Ordinary,0,1.0,36
bilaspur,ghumarwin,25,1500,7,19,2,HRTC Ordinary,0,5.0,36
bilaspur,ghumarwin,25,1500,8,6,2,HRTC Ordinary,0,4.5,36
bilaspur,ghumarwin,25,1500,8,10,1,HRTC Ordinary,0,2.0,36
bilaspur,ghumarwin,25,1500,8,14,1,HRTC Ordinary,0,2.0,36
bilaspur,ghumarwin,25,1500,8,19,1,HRTC Ordinary,0,2.5,36
bilaspur,ghumarwin,25,1500,9,6,0,HRTC Ordinary,0,1.0,36
bilaspur,ghumarwin,25,1500,9,10,0,HRTC Ordinary,0,1.0,36
bilaspur,ghumarwin,25,1500,9,14,0,HRTC Ordinary,0,1.0,36
bilaspur,ghumarwin,25,1500,9,19,0,HRTC Ordinary,0,1.5,36
bilaspur,ghumarwin,25,1500,10,6,0,HRTC Ordinary,0,1.0,36
bilaspur,ghumarwin,25,1500,10,10,0,HRTC Ordinary,0,1.0,36
bilaspur,ghumarwin,25,1500,10,14,0,HRTC Ordinary,0,1.0,36
bilaspur,ghumarwin,25,1500,10,19,0,HRTC Ordinary,0,1.5,36
bilaspur,ghumarwin,25,1500,11,6,0,HRTC Ordinary,0,1.0,36
bilaspur,ghumarwin,25,1500,11,10,0,HRTC Ordinary,0,1.0,36
bilaspur,ghumarwin,25,1500,11,14,0,HRTC Ordinary,0,1.0,36
bilaspur,ghumarwin,25,1500,11,19,0,HRTC Ordinary,0,1.5,36
bilaspur,ghumarwin,25,1500,12,6,0,HRTC Ordinary,0,1.0,36
bilaspur,ghumarwin,25,1500,12,10,0,HRTC Ordinary,0,1.0,36
bilaspur,ghumarwin,25,1500,12,14,0,HRTC Ordinary,0,1.0,36
bilaspur,ghumarwin,25,1500,12,19,0,HRTC Ordinary,0,1.5,36
hamirpur,mandi,75,1500,1,6,0,HRTC Ordinary,0,3.0,108
hamirpur,mandi,75,1500,1,10,0,HRTC Ordinary,0,3.0,108
hamirpur,mandi,75,1500,1,14,0,HRTC Ordinary,0,3.0,108
hamirpur,mandi,75,1500,1,19,0,HRTC Ordinary,0,3.5,108
hamirpur,mandi,75,1500,2,6,0,HRTC Ordinary,0,3.0,108
hamirpur,mandi,75,1500,2,10,0,HRTC Ordinary,0,3.0,108
hamirpur,mandi,75,1500,2,14,0,HRTC Ordinary,0,3.0,108
hamirpur,mandi,75,1500,2,19,0,HRTC Ordinary,0,3.5,108
hamirpur,mandi,75,1500,3,6,0,HRTC Ordinary,0,3.0,108
hamirpur,mandi,75,1500,3,10,0,HRTC Ordinary,0,3.0,108
hamirpur,mandi,75,1500,3,14,0,HRTC Ordinary,0,3.0,108
hamirpur,mandi,75,1500,3,19,0,HRTC Ordinary,0,3.5,108
hamirpur,mandi,75,1500,4,6,0,HRTC Ordinary,0,3.0,108
hamirpur,mandi,75,1500,4,10,0,HRTC Ordinary,0,3.0,108
hamirpur,mandi,75,1500,4,14,0,HRTC Ordinary,0,3.0,108
hamirpur,mandi,75,1500,4,19,0,HRTC Ordinary,0,3.5,108
hamirpur,mandi,75,1500,5,6,0,HRTC Ordinary,0,3.0,108
hamirpur,mandi,75,1500,5,10,0,HRTC Ordinary,0,3.0,108
hamirpur,mandi,75,1500,5,14,0,HRTC Ordinary,0,3.0,108
hamirpur,mandi,75,1500,5,19,0,HRTC Ordinary,0,3.5,108
hamirpur,mandi,75,1500,6,6,0,HRTC Ordinary,0,3.0,108
hamirpur,mandi,75,1500,6,10,0,HRTC Ordinary,0,3.0,108
hamirpur,mandi,75,1500,6,14,0,HRTC Ordinary,0,3.0,108
hamirpur,mandi,75,1500,6,19,0,HRTC Ordinary,0,3.5,108
hamirpur,mandi,75,1500,7,6,0,HRTC Ordinary,0,3.0,108
hamirpur,mandi,75,1500,7,10,2,HRTC Ordinary,0,6.5,108
hamirpur,mandi,75,1500,7,14,1,HRTC Ordinary,0,4.0,108
hamirpur,mandi,75,1500,7,19,2,HRTC Ordinary,0,7.0,108
hamirpur,mandi,75,1500,8,6,0,HRTC Ordinary,0,3.0,108
hamirpur,mandi,75,1500,8,10,2,HRTC Ordinary,0,6.5,108
hamirpur,mandi,75,1500,8,14,0,HRTC Ordinary,0,3.0,108
hamirpur,mandi,75,1500,8,19,0,HRTC Ordinary,0,3.5,108
hamirpur,mandi,75,1500,9,6,0,HRTC Ordinary,0,3.0,108
hamirpur,mandi,75,1500,9,10,0,HRTC Ordinary,0,3.0,108
hamirpur,mandi,75,1500,9,14,0,HRTC Ordinary,0,3.0,108
hamirpur,mandi,75,1500,9,19,0,HRTC Ordinary,0,3.5,108
hamirpur,mandi,75,1500,10,6,0,HRTC Ordinary,0,3.0,108
hamirpur,mandi,75,1500,10,10,0,HRTC Ordinary,0,3.0,108
hamirpur,mandi,75,1500,10,14,0,HRTC Ordinary,0,3.0,108
hamirpur,mandi,75,1500,10,19,0,HRTC Ordinary,0,3.5,108
hamirpur,mandi,75,1500,11,6,0,HRTC Ordinary,0,3.0,108
hamirpur,mandi,75,1500,11,10,0,HRTC Ordinary,0,3.0,108
hamirpur,mandi,75,1500,11,14,0,HRTC Ordinary,0,3.0,108
hamirpur,mandi,75,1500,11,19,0,HRTC Ordinary,0,3.5,108
hamirpur,mandi,75,1500,12,6,0,HRTC Ordinary,0,3.0,108
hamirpur,mandi,75,1500,12,10,0,HRTC Ordinary,0,3.0,108
hamirpur,mandi,75,1500,12,14,0,HRTC Ordinary,0,3.0,108
hamirpur,mandi,75,1500,12,19,0,HRTC Ordinary,0,3.5,108
mandi,hamirpur,75,1500,1,6,0,HRTC Ordinary,0,3.0,108
mandi,hamirpur,75,1500,1,10,0,HRTC Ordinary,0,3.0,108
mandi,hamirpur,75,1500,1,14,0,HRTC Ordinary,0,3.0,108
mandi,hamirpur,75,1500,1,19,0,HRTC Ordinary,0,3.5,108
mandi,hamirpur,75,1500,2,6,0,HRTC Ordinary,0,3.0,108
mandi,hamirpur,75,1500,2,10,0,HRTC Ordinary,0,3.0,108
mandi,hamirpur,75,1500,2,14,0,HRTC Ordinary,0,3.0,108
mandi,hamirpur,75,1500,2,19,0,HRTC Ordinary,0,3.5,108
mandi,hamirpur,75,1500,3,6,0,HRTC Ordinary,0,3.0,108
mandi,hamirpur,75,1500,3,10,0,HRTC Ordinary,0,3.0,108
mandi,hamirpur,75,1500,3,14,0,HRTC Ordinary,0,3.0,108
mandi,hamirpur,75,1500,3,19,0,HRTC Ordinary,0,3.5,108
mandi,hamirpur,75,1500,4,6,0,HRTC Ordinary,0,3.0,108
mandi,hamirpur,75,1500,4,10,0,HRTC Ordinary,0,3.0,108
mandi,hamirpur,75,1500,4,14,0,HRTC Ordinary,0,3.0,108
mandi,hamirpur,75,1500,4,19,0,HRTC Ordinary,0,3.5,108
mandi,hamirpur,75,1500,5,6,0,HRTC Ordinary,0,3.0,108
mandi,hamirpur,75,1500,5,10,0,HRTC Ordinary,0,3.0,108
mandi,hamirpur,75,1500,5,14,0,HRTC Ordinary,0,3.0,108
mandi,hamirpur,75,1500,5,19,0,HRTC Ordinary,0,3.5,108
mandi,hamirpur,75,1500,6,6,0,HRTC Ordinary,0,3.0,108
mandi,hamirpur,75,1500,6,10,0,HRTC Ordinary,0,3.0,108
mandi,hamirpur,75,1500,6,14,0,HRTC Ordinary,0,3.0,108
mandi,hamirpur,75,1500,6,19,0,HRTC Ordinary,0,3.5,108
mandi,hamirpur,75,1500,7,6,2,HRTC Ordinary,0,6.5,108
mandi,hamirpur,75,1500,7,10,0,HRTC Ordinary,0,3.0,108
mandi,hamirpur,75,1500,7,14,0,HRTC Ordinary,0,3.0,108
mandi,hamirpur,75,1500,7,19,2,HRTC Ordinary,0,7.0,108
mandi,hamirpur,75,1500,8,6,2,HRTC Ordinary,0,6.5,108
mandi,hamirpur,75,1500,8,10,1,HRTC Ordinary,0,4.0,108
mandi,hamirpur,75,1500,8,14,1,HRTC Ordinary,0,4.0,108
mandi,hamirpur,75,1500,8,19,1,HRTC Ordinary,0,4.5,108
mandi,hamirpur,75,1500,9,6,0,HRTC Ordinary,0,3.0,108
mandi,hamirpur,75,1500,9,10,0,HRTC Ordinary,0,3.0,108
mandi,hamirpur,75,1500,9,14,0,HRTC Ordinary,0,3.0,108
mandi,hamirpur,75,1500,9,19,0,HRTC Ordinary,0,3.5,108
mandi,hamirpur,75,1500,10,6,0,HRTC Ordinary,0,3.0,108
mandi,hamirpur,75,1500,10,10,0,HRTC Ordinary,0,3.0,108
mandi,hamirpur,75,1500,10,14,0,HRTC Ordinary,0,3.0,108
mandi,hamirpur,75,1500,10,19,0,HRTC Ordinary,0,3.5,108
mandi,hamirpur,75,1500,11,6,0,HRTC Ordinary,0,3.0,108
mandi,hamirpur,75,1500,11,10,0,HRTC Ordinary,0,3.0,108
mandi,hamirpur,75,1500,11,14,0,HRTC Ordinary,0,3.0,108
mandi,hamirpur,75,1500,11,19,0,HRTC Ordinary,0,3.5,108
mandi,hamirpur,75,1500,12,6,0,HRTC Ordinary,0,3.0,108
mandi,hamirpur,75,1500,12,10,0,HRTC Ordinary,0,3.0,108
mandi,hamirpur,75,1500,12,14,0,HRTC Ordinary,0,3.0,108
mandi,hamirpur,75,1500,12,19,0,HRTC Ordinary,0,3.5,108
mandi,kullu,70,1500,1,6,0,HRTC Ordinary,0,2.5,101
mandi,kullu,70,1500,1,10,0,HRTC Ordinary,0,2.5,101
mandi,kullu,70,1500,1,14,0,HRTC Ordinary,0,2.5,101
mandi,kullu,70,1500,1,19,0,HRTC Ordinary,0,3.0,101
mandi,kullu,70,1500,2,6,0,HRTC Ordinary,0,2.5,101
mandi,kullu,70,1500,2,10,0,HRTC Ordinary,0,2.5,101
mandi,kullu,70,1500,2,14,0,HRTC Ordinary,0,2.5,101
mandi,kullu,70,1500,2,19,0,HRTC Ordinary,0,3.0,101
mandi,kullu,70,1500,3,6,0,HRTC Ordinary,0,2.5,101
mandi,kullu,70,1500,3,10,0,HRTC Ordinary,0,2.5,101
mandi,kullu,70,1500,3,14,0,HRTC Ordinary,0,2.5,101
mandi,kullu,70,1500,3,19,0,HRTC Ordinary,0,3.0,101
mandi,kullu,70,1500,4,6,0,HRTC Ordinary,0,2.5,101
mandi,kullu,70,1500,4,10,0,HRTC Ordinary,0,2.5,101
mandi,kullu,70,1500,4,14,0,HRTC Ordinary,0,2.5,101
mandi,kullu,70,1500,4,19,0,HRTC Ordinary,0,3.0,101
mandi,kullu,70,1500,5,6,0,HRTC Ordinary,0,2.5,101
mandi,kullu,70,1500,5,10,0,HRTC Ordinary,0,2.5,101
mandi,kullu,70,1500,5,14,0,HRTC Ordinary,0,2.5,101
mandi,kullu,70,1500,5,19,0,HRTC Ordinary,0,3.0,101
mandi,kullu,70,1500,6,6,0,HRTC Ordinary,0,2.5,101
mandi,kullu,70,1500,6,10,0,HRTC Ordinary,0,2.5,101
mandi,kullu,70,1500,6,14,0,HRTC Ordinary,0,2.5,101
mandi,kullu,70,1500,6,19,0,HRTC Ordinary,0,3.0,101
mandi,kullu,70,1500,7,6,0,HRTC Ordinary,0,2.5,101
mandi,kullu,70,1500,7,10,0,HRTC Ordinary,0,2.5,101
mandi,kullu,70,1500,7,14,1,HRTC Ordinary,0,3.5,101
mandi,kullu,70,1500,7,19,1,HRTC Ordinary,0,4.0,101
mandi,kullu,70,1500,8,6,1,HRTC Ordinary,0,3.5,101
mandi,kullu,70,1500,8,10,1,HRTC Ordinary,0,3.5,101
mandi,kullu,70,1500,8,14,0,HRTC Ordinary,0,2.5,101
mandi,kullu,70,1500,8,19,1,HRTC Ordinary,0,4.0,101
mandi,kullu,70,1500,9,6,0,HRTC Ordinary,0,2.5,101
mandi,kullu,70,1500,9,10,0,HRTC Ordinary,0,2.5,101
mandi,kullu,70,1500,9,14,0,HRTC Ordinary,0,2.5,101
mandi,kullu,70,1500,9,19,0,HRTC Ordinary,0,3.0,101
mandi,kullu,70,1500,10,6,0,HRTC Ordinary,0,2.5,101
mandi,kullu,70,1500,10,10,0,HRTC Ordinary,0,2.5,101
mandi,kullu,70,1500,10,14,0,HRTC Ordinary,0,2.5,101
mandi,kullu,70,1500,10,19,0,HRTC Ordinary,0,3.0,101
mandi,kullu,70,1500,11,6,0,HRTC Ordinary,0,2.5,101
mandi,kullu,70,1500,11,10,0,HRTC Ordinary,0,2.5,101
mandi,kullu,70,1500,11,14,0,HRTC Ordinary,0,2.5,101
mandi,kullu,70,1500,11,19,0,HRTC Ordinary,0,3.0,101
mandi,kullu,70,1500,12,6,0,HRTC Ordinary,0,2.5,101
mandi,kullu,70,1500,12,10,0,HRTC Ordinary,0,2.5,101
mandi,kullu,70,1500,12,14,0,HRTC Ordinary,0,2.5,101
mandi,kullu,70,1500,12,19,0,HRTC Ordinary,0,3.0,101
mandi,kullu,70,1500,1,6,0,HRTC Himgaura AC,1,2.5,147
mandi,kullu,70,1500,1,10,0,HRTC Himgaura AC,1,2.5,147
mandi,kullu,70,1500,1,14,0,HRTC Himgaura AC,1,2.5,147
mandi,kullu,70,1500,1,19,0,HRTC Himgaura AC,1,3.0,147
mandi,kullu,70,1500,2,6,0,HRTC Himgaura AC,1,2.5,147
mandi,kullu,70,1500,2,10,0,HRTC Himgaura AC,1,2.5,147
mandi,kullu,70,1500,2,14,0,HRTC Himgaura AC,1,2.5,147
mandi,kullu,70,1500,2,19,0,HRTC Himgaura AC,1,3.0,147
mandi,kullu,70,1500,3,6,0,HRTC Himgaura AC,1,2.5,147
mandi,kullu,70,1500,3,10,0,HRTC Himgaura AC,1,2.5,147
mandi,kullu,70,1500,3,14,0,HRTC Himgaura AC,1,2.5,147
mandi,kullu,70,1500,3,19,0,HRTC Himgaura AC,1,3.0,147
mandi,kullu,70,1500,4,6,0,HRTC Himgaura AC,1,2.5,147
mandi,kullu,70,1500,4,10,0,HRTC Himgaura AC,1,2.5,147
mandi,kullu,70,1500,4,14,0,HRTC Himgaura AC,1,2.5,147
mandi,kullu,70,1500,4,19,0,HRTC Himgaura AC,1,3.0,147
mandi,kullu,70,1500,5,6,0,HRTC Himgaura AC,1,2.5,147
mandi,kullu,70,1500,5,10,0,HRTC Himgaura AC,1,2.5,147
mandi,kullu,70,1500,5,14,0,HRTC Himgaura AC,1,2.5,147
mandi,kullu,70,1500,5,19,0,HRTC Himgaura AC,1,3.0,147
mandi,kullu,70,1500,6,6,0,HRTC Himgaura AC,1,2.5,147
mandi,kullu,70,1500,6,10,0,HRTC Himgaura AC,1,2.5,147
mandi,kullu,70,1500,6,14,0,HRTC Himgaura AC,1,2.5,147
mandi,kullu,70,1500,6,19,0,HRTC Himgaura AC,1,3.0,147
mandi,kullu,70,1500,7,6,0,HRTC Himgaura AC,1,2.5,147
mandi,kullu,70,1500,7,10,1,HRTC Himgaura AC,1,3.5,147
mandi,kullu,70,1500,7,14,1,HRTC Himgaura AC,1,3.5,147
mandi,kullu,70,1500,7,19,2,HRTC Himgaura AC,1,6.5,147
mandi,kullu,70,1500,8,6,0,HRTC Himgaura AC,1,2.5,147
mandi,kullu,70,1500,8,10,0,HRTC Himgaura AC,1,2.5,147
mandi,kullu,70,1500,8,14,0,HRTC Himgaura AC,1,2.5,147
mandi,kullu,70,1500,8,19,1,HRTC Himgaura AC,1,4.0,147
mandi,kullu,70,1500,9,6,0,HRTC Himgaura AC,1,2.5,147
mandi,kullu,70,1500,9,10,0,HRTC Himgaura AC,1,2.5,147
mandi,kullu,70,1500,9,14,0,HRTC Himgaura AC,1,2.5,147
mandi,kullu,70,1500,9,19,0,HRTC Himgaura AC,1,3.0,147
mandi,kullu,70,1500,10,6,0,HRTC Himgaura AC,1,2.5,147
mandi,kullu,70,1500,10,10,0,HRTC Himgaura AC,1,2.5,147
mandi,kullu,70,1500,10,14,0,HRTC Himgaura AC,1,2.5,147
mandi,kullu,70,1500,10,19,0,HRTC Himgaura AC,1,3.0,147
mandi,kullu,70,1500,11,6,0,HRTC Himgaura AC,1,2.5,147
mandi,kullu,70,1500,11,10,0,HRTC Himgaura AC,1,2.5,147
mandi,kullu,70,1500,11,14,0,HRTC Himgaura AC,1,2.5,147
mandi,kullu,70,1500,11,19,0,HRTC Himgaura AC,1,3.0,147
mandi,kullu,70,1500,12,6,0,HRTC Himgaura AC,1,2.5,147
mandi,kullu,70,1500,12,10,0,HRTC Himgaura AC,1,2.5,147
mandi,kullu,70,1500,12,14,0,HRTC Himgaura AC,1,2.5,147
mandi,kullu,70,1500,12,19,0,HRTC Himgaura AC,1,3.0,147
mandi,kullu,70,1500,1,6,0,HRTC Himsuta Volvo,2,2.0,224
mandi,kullu,70,1500,1,10,0,HRTC Himsuta Volvo,2,2.0,224
mandi,kullu,70,1500,1,14,0,HRTC Himsuta Volvo,2,2.0,224
mandi,kullu,70,1500,1,19,0,HRTC Himsuta Volvo,2,2.5,224
mandi,kullu,70,1500,2,6,0,HRTC Himsuta Volvo,2,2.0,224
mandi,kullu,70,1500,2,10,0,HRTC Himsuta Volvo,2,2.0,224
mandi,kullu,70,1500,2,14,0,HRTC Himsuta Volvo,2,2.0,224
mandi,kullu,70,1500,2,19,0,HRTC Himsuta Volvo,2,2.5,224
mandi,kullu,70,1500,3,6,0,HRTC Himsuta Volvo,2,2.0,224
mandi,kullu,70,1500,3,10,0,HRTC Himsuta Volvo,2,2.0,224
mandi,kullu,70,1500,3,14,0,HRTC Himsuta Volvo,2,2.0,224
mandi,kullu,70,1500,3,19,0,HRTC Himsuta Volvo,2,2.5,224
mandi,kullu,70,1500,4,6,0,HRTC Himsuta Volvo,2,2.0,224
mandi,kullu,70,1500,4,10,0,HRTC Himsuta Volvo,2,2.0,224
mandi,kullu,70,1500,4,14,0,HRTC Himsuta Volvo,2,2.0,224
mandi,kullu,70,1500,4,19,0,HRTC Himsuta Volvo,2,2.5,224
mandi,kullu,70,1500,5,6,0,HRTC Himsuta Volvo,2,2.0,224
mandi,kullu,70,1500,5,10,0,HRTC Himsuta Volvo,2,2.0,224
mandi,kullu,70,1500,5,14,0,HRTC Himsuta Volvo,2,2.0,224
mandi,kullu,70,1500,5,19,0,HRTC Himsuta Volvo,2,2.5,224
mandi,kullu,70,1500,6,6,0,HRTC Himsuta Volvo,2,2.0,224
mandi,kullu,70,1500,6,10,0,HRTC Himsuta Volvo,2,2.0,224
mandi,kullu,70,1500,6,14,0,HRTC Himsuta Volvo,2,2.0,224
mandi,kullu,70,1500,6,19,0,HRTC Himsuta Volvo,2,2.5,224
mandi,kullu,70,1500,7,6,1,HRTC Himsuta Volvo,2,3.0,224
mandi,kullu,70,1500,7,10,0,HRTC Himsuta Volvo,2,2.0,224
mandi,kullu,70,1500,7,14,0,HRTC Himsuta Volvo,2,2.0,224
mandi,kullu,70,1500,7,19,1,HRTC Himsuta Volvo,2,3.5,224
mandi,kullu,70,1500,8,6,0,HRTC Himsuta Volvo,2,2.0,224
mandi,kullu,70,1500,8,10,2,HRTC Himsuta Volvo,2,5.5,224
mandi,kullu,70,1500,8,14,1,HRTC Himsuta Volvo,2,3.0,224
mandi,kullu,70,1500,8,19,0,HRTC Himsuta Volvo,2,2.5,224
mandi,kullu,70,1500,9,6,0,HRTC Himsuta Volvo,2,2.0,224
mandi,kullu,70,1500,9,10,0,HRTC Himsuta Volvo,2,2.0,224
mandi,kullu,70,1500,9,14,0,HRTC Himsuta Volvo,2,2.0,224
mandi,kullu,70,1500,9,19,0,HRTC Himsuta Volvo,2,2.5,224
mandi,kullu,70,1500,10,6,0,HRTC Himsuta Volvo,2,2.0,224
mandi,kullu,70,1500,10,10,0,HRTC Himsuta Volvo,2,2.0,224
mandi,kullu,70,1500,10,14,0,HRTC Himsuta Volvo,2,2.0,224
mandi,kullu,70,1500,10,19,0,HRTC Himsuta Volvo,2,2.5,224
mandi,kullu,70,1500,11,6,0,HRTC Himsuta Volvo,2,2.0,224
mandi,kullu,70,1500,11,10,0,HRTC Himsuta Volvo,2,2.0,224
mandi,kullu,70,1500,11,14,0,HRTC Himsuta Volvo,2,2.0,224
mandi,kullu,70,1500,11,19,0,HRTC Himsuta Volvo,2,2.5,224
mandi,kullu,70,1500,12,6,0,HRTC Himsuta Volvo,2,2.0,224
mandi,kullu,70,1500,12,10,0,HRTC Himsuta Volvo,2,2.0,224
mandi,kullu,70,1500,12,14,0,HRTC Himsuta Volvo,2,2.0,224
mandi,kullu,70,1500,12,19,0,HRTC Himsuta Volvo,2,2.5,224
kullu,mandi,70,1500,1,6,0,HRTC Ordinary,0,2.5,101
kullu,mandi,70,1500,1,10,0,HRTC Ordinary,0,2.5,101
kullu,mandi,70,1500,1,14,0,HRTC Ordinary,0,2.5,101
kullu,mandi,70,1500,1,19,0,HRTC Ordinary,0,3.0,101
kullu,mandi,70,1500,2,6,0,HRTC Ordinary,0,2.5,101
kullu,mandi,70,1500,2,10,0,HRTC Ordinary,0,2.5,101
kullu,mandi,70,1500,2,14,0,HRTC Ordinary,0,2.5,101
kullu,mandi,70,1500,2,19,0,HRTC Ordinary,0,3.0,101
kullu,mandi,70,1500,3,6,0,HRTC Ordinary,0,2.5,101
kullu,mandi,70,1500,3,10,0,HRTC Ordinary,0,2.5,101
kullu,mandi,70,1500,3,14,0,HRTC Ordinary,0,2.5,101
kullu,mandi,70,1500,3,19,0,HRTC Ordinary,0,3.0,101
kullu,mandi,70,1500,4,6,0,HRTC Ordinary,0,2.5,101
kullu,mandi,70,1500,4,10,0,HRTC Ordinary,0,2.5,101
kullu,mandi,70,1500,4,14,0,HRTC Ordinary,0,2.5,101
kullu,mandi,70,1500,4,19,0,HRTC Ordinary,0,3.0,101
kullu,mandi,70,1500,5,6,0,HRTC Ordinary,0,2.5,101
kullu,mandi,70,1500,5,10,0,HRTC Ordinary,0,2.5,101
kullu,mandi,70,1500,5,14,0,HRTC Ordinary,0,2.5,101
kullu,mandi,70,1500,5,19,0,HRTC Ordinary,0,3.0,101
kullu,mandi,70,1500,6,6,0,HRTC Ordinary,0,2.5,101
kullu,mandi,70,1500,6,10,0,HRTC Ordinary,0,2.5,101
kullu,mandi,70,1500,6,14,0,HRTC Ordinary,0,2.5,101
kullu,mandi,70,1500,6,19,0,HRTC Ordinary,0,3.0,101
kullu,mandi,70,1500,7,6,0,HRTC Ordinary,0,2.5,101
kullu,mandi,70,1500,7,10,2,HRTC Ordinary,0,6.0,101
kullu,mandi,70,1500,7,14,0,HRTC Ordinary,0,2.5,101
kullu,mandi,70,1500,7,19,0,HRTC Ordinary,0,3.0,101
kullu,mandi,70,1500,8,6,2,HRTC Ordinary,0,6.0,101
kullu,mandi,70,1500,8,10,2,HRTC Ordinary,0,6.0,101
kullu,mandi,70,1500,8,14,2,HRTC Ordinary,0,6.0,101
kullu,mandi,70,1500,8,19,1,HRTC Ordinary,0,4.0,101
kullu,mandi,70,1500,9,6,0,HRTC Ordinary,0,2.5,101
kullu,mandi,70,1500,9,10,0,HRTC Ordinary,0,2.5,101
kullu,mandi,70,1500,9,14,0,HRTC Ordinary,0,2.5,101
kullu,mandi,70,1500,9,19,0,HRTC Ordinary,0,3.0,101
kullu,mandi,70,1500,10,6,0,HRTC Ordinary,0,2.5,101
kullu,mandi,70,1500,10,10,0,HRTC Ordinary,0,2.5,101
kullu,mandi,70,1500,10,14,0,HRTC Ordinary,0,2.5,101
kullu,mandi,70,1500,10,19,0,HRTC Ordinary,0,3.0,101
kullu,mandi,70,1500,11,6,0,HRTC Ordinary,0,2.5,101
kullu,mandi,70,1500,11,10,0,HRTC Ordinary,0,2.5,101
kullu,mandi,70,1500,11,14,0,HRTC Ordinary,0,2.5,101
kullu,mandi,70,1500,11,19,0,HRTC Ordinary,0,3.0,101
kullu,mandi,70,1500,12,6,0,HRTC Ordinary,0,2.5,101
kullu,mandi,70,1500,12,10,0,HRTC Ordinary,0,2.5,101
kullu,mandi,70,1500,12,14,0,HRTC Ordinary,0,2.5,101
kullu,mandi,70,1500,12,19,0,HRTC Ordinary,0,3.0,101
kullu,mandi,70,1500,1,6,0,HRTC Himgaura AC,1,2.5,147
kullu,mandi,70,1500,1,10,0,HRTC Himgaura AC,1,2.5,147
kullu,mandi,70,1500,1,14,0,HRTC Himgaura AC,1,2.5,147
kullu,mandi,70,1500,1,19,0,HRTC Himgaura AC,1,3.0,147
kullu,mandi,70,1500,2,6,0,HRTC Himgaura AC,1,2.5,147
kullu,mandi,70,1500,2,10,0,HRTC Himgaura AC,1,2.5,147
kullu,mandi,70,1500,2,14,0,HRTC Himgaura AC,1,2.5,147
kullu,mandi,70,1500,2,19,0,HRTC Himgaura AC,1,3.0,147
kullu,mandi,70,1500,3,6,0,HRTC Himgaura AC,1,2.5,147
kullu,mandi,70,1500,3,10,0,HRTC Himgaura AC,1,2.5,147
kullu,mandi,70,1500,3,14,0,HRTC Himgaura AC,1,2.5,147
kullu,mandi,70,1500,3,19,0,HRTC Himgaura AC,1,3.0,147
kullu,mandi,70,1500,4,6,0,HRTC Himgaura AC,1,2.5,147
kullu,mandi,70,1500,4,10,0,HRTC Himgaura AC,1,2.5,147
kullu,mandi,70,1500,4,14,0,HRTC Himgaura AC,1,2.5,147
kullu,mandi,70,1500,4,19,0,HRTC Himgaura AC,1,3.0,147
kullu,mandi,70,1500,5,6,0,HRTC Himgaura AC,1,2.5,147
kullu,mandi,70,1500,5,10,0,HRTC Himgaura AC,1,2.5,147
kullu,mandi,70,1500,5,14,0,HRTC Himgaura AC,1,2.5,147
kullu,mandi,70,1500,5,19,0,HRTC Himgaura AC,1,3.0,147
kullu,mandi,70,1500,6,6,0,HRTC Himgaura AC,1,2.5,147
kullu,mandi,70,1500,6,10,0,HRTC Himgaura AC,1,2.5,147
kullu,mandi,70,1500,6,14,0,HRTC Himgaura AC,1,2.5,147
kullu,mandi,70,1500,6,19,0,HRTC Himgaura AC,1,3.0,147
kullu,mandi,70,1500,7,6,0,HRTC Himgaura AC,1,2.5,147
kullu,mandi,70,1500,7,10,0,HRTC Himgaura AC,1,2.5,147
kullu,mandi,70,1500,7,14,1,HRTC Himgaura AC,1,3.5,147
kullu,mandi,70,1500,7,19,1,HRTC Himgaura AC,1,4.0,147
kullu,mandi,70,1500,8,6,1,HRTC Himgaura AC,1,3.5,147
kullu,mandi,70,1500,8,10,2,HRTC Himgaura AC,1,6.0,147
kullu,mandi,70,1500,8,14,0,HRTC Himgaura AC,1,2.5,147
kullu,mandi,70,1500,8,19,1,HRTC Himgaura AC,1,4.0,147
kullu,mandi,70,1500,9,6,0,HRTC Himgaura AC,1,2.5,147
kullu,mandi,70,1500,9,10,0,HRTC Himgaura AC,1,2.5,147
kullu,mandi,70,1500,9,14,0,HRTC Himgaura AC,1,2.5,147
kullu,mandi,70,1500,9,19,0,HRTC Himgaura AC,1,3.0,147
kullu,mandi,70,1500,10,6,0,HRTC Himgaura AC,1,2.5,147
kullu,mandi,70,1500,10,10,0,HRTC Himgaura AC,1,2.5,147
kullu,mandi,70,1500,10,14,0,HRTC Himgaura AC,1,2.5,147
kullu,mandi,70,1500,10,19,0,HRTC Himgaura AC,1,3.0,147
kullu,mandi,70,1500,11,6,0,HRTC Himgaura AC,1,2.5,147
kullu,mandi,70,1500,11,10,0,HRTC Himgaura AC,1,2.5,147
kullu,mandi,70,1500,11,14,0,HRTC Himgaura AC,1,2.5,147
kullu,mandi,70,1500,11,19,0,HRTC Himgaura AC,1,3.0,147
kullu,mandi,70,1500,12,6,0,HRTC Himgaura AC,1,2.5,147
kullu,mandi,70,1500,12,10,0,HRTC Himgaura AC,1,2.5,147
kullu,mandi,70,1500,12,14,0,HRTC Himgaura AC,1,2.5,147
kullu,mandi,70,1500,12,19,0,HRTC Himgaura AC,1,3.0,147
kullu,mandi,70,1500,1,6,0,HRTC Himsuta Volvo,2,2.0,224
kullu,mandi,70,1500,1,10,0,HRTC Himsuta Volvo,2,2.0,224
kullu,mandi,70,1500,1,14,0,HRTC Himsuta Volvo,2,2.0,224
kullu,mandi,70,1500,1,19,0,HRTC Himsuta Volvo,2,2.5,224
kullu,mandi,70,1500,2,6,0,HRTC Himsuta Volvo,2,2.0,224
kullu,mandi,70,1500,2,10,0,HRTC Himsuta Volvo,2,2.0,224
kullu,mandi,70,1500,2,14,0,HRTC Himsuta Volvo,2,2.0,224
kullu,mandi,70,1500,2,19,0,HRTC Himsuta Volvo,2,2.5,224
kullu,mandi,70,1500,3,6,0,HRTC Himsuta Volvo,2,2.0,224
kullu,mandi,70,1500,3,10,0,HRTC Himsuta Volvo,2,2.0,224
kullu,mandi,70,1500,3,14,0,HRTC Himsuta Volvo,2,2.0,224
kullu,mandi,70,1500,3,19,0,HRTC Himsuta Volvo,2,2.5,224
kullu,mandi,70,1500,4,6,0,HRTC Himsuta Volvo,2,2.0,224
kullu,mandi,70,1500,4,10,0,HRTC Himsuta Volvo,2,2.0,224
kullu,mandi,70,1500,4,14,0,HRTC Himsuta Volvo,2,2.0,224
kullu,mandi,70,1500,4,19,0,HRTC Himsuta Volvo,2,2.5,224
kullu,mandi,70,1500,5,6,0,HRTC Himsuta Volvo,2,2.0,224
kullu,mandi,70,1500,5,10,0,HRTC Himsuta Volvo,2,2.0,224
kullu,mandi,70,1500,5,14,0,HRTC Himsuta Volvo,2,2.0,224
kullu,mandi,70,1500,5,19,0,HRTC Himsuta Volvo,2,2.5,224
kullu,mandi,70,1500,6,6,0,HRTC Himsuta Volvo,2,2.0,224
kullu,mandi,70,1500,6,10,0,HRTC Himsuta Volvo,2,2.0,224
kullu,mandi,70,1500,6,14,0,HRTC Himsuta Volvo,2,2.0,224
kullu,mandi,70,1500,6,19,0,HRTC Himsuta Volvo,2,2.5,224
kullu,mandi,70,1500,7,6,0,HRTC Himsuta Volvo,2,2.0,224
kullu,mandi,70,1500,7,10,1,HRTC Himsuta Volvo,2,3.0,224
kullu,mandi,70,1500,7,14,0,HRTC Himsuta Volvo,2,2.0,224
kullu,mandi,70,1500,7,19,0,HRTC Himsuta Volvo,2,2.5,224
kullu,mandi,70,1500,8,6,0,HRTC Himsuta Volvo,2,2.0,224
kullu,mandi,70,1500,8,10,1,HRTC Himsuta Volvo,2,3.0,224
kullu,mandi,70,1500,8,14,1,HRTC Himsuta Volvo,2,3.0,224
kullu,mandi,70,1500,8,19,1,HRTC Himsuta Volvo,2,3.5,224
kullu,mandi,70,1500,9,6,0,HRTC Himsuta Volvo,2,2.0,224
kullu,mandi,70,1500,9,10,0,HRTC Himsuta Volvo,2,2.0,224
kullu,mandi,70,1500,9,14,0,HRTC Himsuta Volvo,2,2.0,224
kullu,mandi,70,1500,9,19,0,HRTC Himsuta Volvo,2,2.5,224
kullu,mandi,70,1500,10,6,0,HRTC Himsuta Volvo,2,2.0,224
kullu,mandi,70,1500,10,10,0,HRTC Himsuta Volvo,2,2.0,224
kullu,mandi,70,1500,10,14,0,HRTC Himsuta Volvo,2,2.0,224
kullu,mandi,70,1500,10,19,0,HRTC Himsuta Volvo,2,2.5,224
kullu,mandi,70,1500,11,6,0,HRTC Himsuta Volvo,2,2.0,224
kullu,mandi,70,1500,11,10,0,HRTC Himsuta Volvo,2,2.0,224
kullu,mandi,70,1500,11,14,0,HRTC Himsuta Volvo,2,2.0,224
kullu,mandi,70,1500,11,19,0,HRTC Himsuta Volvo,2,2.5,224
kullu,mandi,70,1500,12,6,0,HRTC Himsuta Volvo,2,2.0,224
kullu,mandi,70,1500,12,10,0,HRTC Himsuta Volvo,2,2.0,224
kullu,mandi,70,1500,12,14,0,HRTC Himsuta Volvo,2,2.0,224
kullu,mandi,70,1500,12,19,0,HRTC Himsuta Volvo,2,2.5,224
kullu,manali,40,1500,1,6,0,HRTC Ordinary,0,1.5,58
kullu,manali,40,1500,1,10,0,HRTC Ordinary,0,1.5,58
kullu,manali,40,1500,1,14,0,HRTC Ordinary,0,1.5,58
kullu,manali,40,1500,1,19,0,HRTC Ordinary,0,2.0,58
kullu,manali,40,1500,2,6,0,HRTC Ordinary,0,1.5,58
kullu,manali,40,1500,2,10,0,HRTC Ordinary,0,1.5,58
kullu,manali,40,1500,2,14,0,HRTC Ordinary,0,1.5,58
kullu,manali,40,1500,2,19,0,HRTC Ordinary,0,2.0,58
kullu,manali,40,1500,3,6,0,HRTC Ordinary,0,1.5,58
kullu,manali,40,1500,3,10,0,HRTC Ordinary,0,1.5,58
kullu,manali,40,1500,3,14,0,HRTC Ordinary,0,1.5,58
kullu,manali,40,1500,3,19,0,HRTC Ordinary,0,2.0,58
kullu,manali,40,1500,4,6,0,HRTC Ordinary,0,1.5,58
kullu,manali,40,1500,4,10,0,HRTC Ordinary,0,1.5,58
kullu,manali,40,1500,4,14,0,HRTC Ordinary,0,1.5,58
kullu,manali,40,1500,4,19,0,HRTC Ordinary,0,2.0,58
kullu,manali,40,1500,5,6,0,HRTC Ordinary,0,1.5,58
kullu,manali,40,1500,5,10,0,HRTC Ordinary,0,1.5,58
kullu,manali,40,1500,5,14,0,HRTC Ordinary,0,1.5,58
kullu,manali,40,1500,5,19,0,HRTC Ordinary,0,2.0,58
kullu,manali,40,1500,6,6,0,HRTC Ordinary,0,1.5,58
kullu,manali,40,1500,6,10,0,HRTC Ordinary,0,1.5,58
kullu,manali,40,1500,6,14,0,HRTC Ordinary,0,1.5,58
kullu,manali,40,1500,6,19,0,HRTC Ordinary,0,2.0,58
kullu,manali,40,1500,7,6,2,HRTC Ordinary,0,5.0,58
kullu,manali,40,1500,7,10,0,HRTC Ordinary,0,1.5,58
kullu,manali,40,1500,7,14,0,HRTC Ordinary,0,1.5,58
kullu,manali,40,1500,7,19,2,HRTC Ordinary,0,5.5,58
kullu,manali,40,1500,8,6,0,HRTC Ordinary,0,1.5,58
kullu,manali,40,1500,8,10,2,HRTC Ordinary,0,5.0,58
kullu,manali,40,1500,8,14,0,HRTC Ordinary,0,1.5,58
kullu,manali,40,1500,8,19,2,HRTC Ordinary,0,5.5,58
kullu,manali,40,1500,9,6,0,HRTC Ordinary,0,1.5,58
kullu,manali,40,1500,9,10,0,HRTC Ordinary,0,1.5,58
kullu,manali,40,1500,9,14,0,HRTC Ordinary,0,1.5,58
kullu,manali,40,1500,9,19,0,HRTC Ordinary,0,2.0,58
kullu,manali,40,1500,10,6,0,HRTC Ordinary,0,1.5,58
kullu,manali,40,1500,10,10,0,HRTC Ordinary,0,1.5,58
kullu,manali,40,1500,10,14,0,HRTC Ordinary,0,1.5,58
kullu,manali,40,1500,10,19,0,HRTC Ordinary,0,2.0,58
kullu,manali,40,1500,11,6,0,HRTC Ordinary,0,1.5,58
kullu,manali,40,1500,11,10,0,HRTC Ordinary,0,1.5,58
kullu,manali,40,1500,11,14,0,HRTC Ordinary,0,1.5,58
kullu,manali,40,1500,11,19,0,HRTC Ordinary,0,2.0,58
kullu,manali,40,1500,12,6,0,HRTC Ordinary,0,1.5,58
kullu,manali,40,1500,12,10,0,HRTC Ordinary,0,1.5,58
kullu,manali,40,1500,12,14,0,HRTC Ordinary,0,1.5,58
kullu,manali,40,1500,12,19,0,HRTC Ordinary,0,2.0,58
kullu,manali,40,1500,1,6,0,HRTC Himgaura AC,1,1.5,84
kullu,manali,40,1500,1,10,0,HRTC Himgaura AC,1,1.5,84
kullu,manali,40,1500,1,14,0,HRTC Himgaura AC,1,1.5,84
kullu,manali,40,1500,1,19,0,HRTC Himgaura AC,1,2.0,84
kullu,manali,40,1500,2,6,0,HRTC Himgaura AC,1,1.5,84
kullu,manali,40,1500,2,10,0,HRTC Himgaura AC,1,1.5,84
kullu,manali,40,1500,2,14,0,HRTC Himgaura AC,1,1.5,84
kullu,manali,40,1500,2,19,0,HRTC Himgaura AC,1,2.0,84
kullu,manali,40,1500,3,6,0,HRTC Himgaura AC,1,1.5,84
kullu,manali,40,1500,3,10,0,HRTC Himgaura AC,1,1.5,84
kullu,manali,40,1500,3,14,0,HRTC Himgaura AC,1,1.5,84
kullu,manali,40,1500,3,19,0,HRTC Himgaura AC,1,2.0,84
kullu,manali,40,1500,4,6,0,HRTC Himgaura AC,1,1.5,84
kullu,manali,40,1500,4,10,0,HRTC Himgaura AC,1,1.5,84
kullu,manali,40,1500,4,14,0,HRTC Himgaura AC,1,1.5,84
kullu,manali,40,1500,4,19,0,HRTC Himgaura AC,1,2.0,84
kullu,manali,40,1500,5,6,0,HRTC Himgaura AC,1,1.5,84
kullu,manali,40,1500,5,10,0,HRTC Himgaura AC,1,1.5,84
kullu,manali,40,1500,5,14,0,HRTC Himgaura AC,1,1.5,84
kullu,manali,40,1500,5,19,0,HRTC Himgaura AC,1,2.0,84
kullu,manali,40,1500,6,6,0,HRTC Himgaura AC,1,1.5,84
kullu,manali,40,1500,6,10,0,HRTC Himgaura AC,1,1.5,84
kullu,manali,40,1500,6,14,0,HRTC Himgaura AC,1,1.5,84
kullu,manali,40,1500,6,19,0,HRTC Himgaura AC,1,2.0,84
kullu,manali,40,1500,7,6,0,HRTC Himgaura AC,1,1.5,84
kullu,manali,40,1500,7,10,2,HRTC Himgaura AC,1,5.0,84
kullu,manali,40,1500,7,14,1,HRTC Himgaura AC,1,2.5,84
kullu,manali,40,1500,7,19,2,HRTC Himgaura AC,1,5.5,84
kullu,manali,40,1500,8,6,0,HRTC Himgaura AC,1,1.5,84
kullu,manali,40,1500,8,10,1,HRTC Himgaura AC,1,2.5,84
kullu,manali,40,1500,8,14,2,HRTC Himgaura AC,1,5.0,84
kullu,manali,40,1500,8,19,1,HRTC Himgaura AC,1,3.0,84
kullu,manali,40,1500,9,6,0,HRTC Himgaura AC,1,1.5,84
kullu,manali,40,1500,9,10,0,HRTC Himgaura AC,1,1.5,84
kullu,manali,40,1500,9,14,0,HRTC Himgaura AC,1,1.5,84
kullu,manali,40,1500,9,19,0,HRTC Himgaura AC,1,2.0,84
kullu,manali,40,1500,10,6,0,HRTC Himgaura AC,1,1.5,84
kullu,manali,40,1500,10,10,0,HRTC Himgaura AC,1,1.5,84
kullu,manali,40,1500,10,14,0,HRTC Himgaura AC,1,1.5,84
kullu,manali,40,1500,10,19,0,HRTC Himgaura AC,1,2.0,84
kullu,manali,40,1500,11,6,0,HRTC Himgaura AC,1,1.5,84
kullu,manali,40,1500,11,10,0,HRTC Himgaura AC,1,1.5,84
kullu,manali,40,1500,11,14,0,HRTC Himgaura AC,1,1.5,84
kullu,manali,40,1500,11,19,0,HRTC Himgaura AC,1,2.0,84
kullu,manali,40,1500,12,6,0,HRTC Himgaura AC,1,1.5,84
kullu,manali,40,1500,12,10,0,HRTC Himgaura AC,1,1.5,84
kullu,manali,40,1500,12,14,0,HRTC Himgaura AC,1,1.5,84
kullu,manali,40,1500,12,19,0,HRTC Himgaura AC,1,2.0,84
kullu,manali,40,1500,1,6,0,HRTC Himsuta Volvo,2,1.0,128
kullu,manali,40,1500,1,10,0,HRTC Himsuta Volvo,2,1.0,128
kullu,manali,40,1500,1,14,0,HRTC Himsuta Volvo,2,1.0,128
kullu,manali,40,1500,1,19,0,HRTC Himsuta Volvo,2,1.5,128
kullu,manali,40,1500,2,6,0,HRTC Himsuta Volvo,2,1.0,128
kullu,manali,40,1500,2,10,0,HRTC Himsuta Volvo,2,1.0,128
kullu,manali,40,1500,2,14,0,HRTC Himsuta Volvo,2,1.0,128
kullu,manali,40,1500,2,19,0,HRTC Himsuta Volvo,2,1.5,128
kullu,manali,40,1500,3,6,0,HRTC Himsuta Volvo,2,1.0,128
kullu,manali,40,1500,3,10,0,HRTC Himsuta Volvo,2,1.0,128
kullu,manali,40,1500,3,14,0,HRTC Himsuta Volvo,2,1.0,128
kullu,manali,40,1500,3,19,0,HRTC Himsuta Volvo,2,1.5,128
kullu,manali,40,1500,4,6,0,HRTC Himsuta Volvo,2,1.0,128
kullu,manali,40,1500,4,10,0,HRTC Himsuta Volvo,2,1.0,128
kullu,manali,40,1500,4,14,0,HRTC Himsuta Volvo,2,1.0,128
kullu,manali,40,1500,4,19,0,HRTC Himsuta Volvo,2,1.5,128
kullu,manali,40,1500,5,6,0,HRTC Himsuta Volvo,2,1.0,128
kullu,manali,40,1500,5,10,0,HRTC Himsuta Volvo,2,1.0,128
kullu,manali,40,1500,5,14,0,HRTC Himsuta Volvo,2,1.0,128
kullu,manali,40,1500,5,19,0,HRTC Himsuta Volvo,2,1.5,128
kullu,manali,40,1500,6,6,0,HRTC Himsuta Volvo,2,1.0,128
kullu,manali,40,1500,6,10,0,HRTC Himsuta Volvo,2,1.0,128
kullu,manali,40,1500,6,14,0,HRTC Himsuta Volvo,2,1.0,128
kullu,manali,40,1500,6,19,0,HRTC Himsuta Volvo,2,1.5,128
kullu,manali,40,1500,7,6,1,HRTC Himsuta Volvo,2,2.0,128
kullu,manali,40,1500,7,10,1,HRTC Himsuta Volvo,2,2.0,128
kullu,manali,40,1500,7,14,1,HRTC Himsuta Volvo,2,2.0,128
kullu,manali,40,1500,7,19,1,HRTC Himsuta Volvo,2,2.5,128
kullu,manali,40,1500,8,6,1,HRTC Himsuta Volvo,2,2.0,128
kullu,manali,40,1500,8,10,2,HRTC Himsuta Volvo,2,4.5,128
kullu,manali,40,1500,8,14,0,HRTC Himsuta Volvo,2,1.0,128
kullu,manali,40,1500,8,19,0,HRTC Himsuta Volvo,2,1.5,128
kullu,manali,40,1500,9,6,0,HRTC Himsuta Volvo,2,1.0,128
kullu,manali,40,1500,9,10,0,HRTC Himsuta Volvo,2,1.0,128
kullu,manali,40,1500,9,14,0,HRTC Himsuta Volvo,2,1.0,128
kullu,manali,40,1500,9,19,0,HRTC Himsuta Volvo,2,1.5,128
kullu,manali,40,1500,10,6,0,HRTC Himsuta Volvo,2,1.0,128
kullu,manali,40,1500,10,10,0,HRTC Himsuta Volvo,2,1.0,128
kullu,manali,40,1500,10,14,0,HRTC Himsuta Volvo,2,1.0,128
kullu,manali,40,1500,10,19,0,HRTC Himsuta Volvo,2,1.5,128
kullu,manali,40,1500,11,6,0,HRTC Himsuta Volvo,2,1.0,128
kullu,manali,40,1500,11,10,0,HRTC Himsuta Volvo,2,1.0,128
kullu,manali,40,1500,11,14,0,HRTC Himsuta Volvo,2,1.0,128
kullu,manali,40,1500,11,19,0,HRTC Himsuta Volvo,2,1.5,128
kullu,manali,40,1500,12,6,0,HRTC Himsuta Volvo,2,1.0,128
kullu,manali,40,1500,12,10,0,HRTC Himsuta Volvo,2,1.0,128
kullu,manali,40,1500,12,14,0,HRTC Himsuta Volvo,2,1.0,128
kullu,manali,40,1500,12,19,0,HRTC Himsuta Volvo,2,1.5,128
manali,kullu,40,1500,1,6,0,HRTC Ordinary,0,1.5,58
manali,kullu,40,1500,1,10,0,HRTC Ordinary,0,1.5,58
manali,kullu,40,1500,1,14,0,HRTC Ordinary,0,1.5,58
manali,kullu,40,1500,1,19,0,HRTC Ordinary,0,2.0,58
manali,kullu,40,1500,2,6,0,HRTC Ordinary,0,1.5,58
manali,kullu,40,1500,2,10,0,HRTC Ordinary,0,1.5,58
manali,kullu,40,1500,2,14,0,HRTC Ordinary,0,1.5,58
manali,kullu,40,1500,2,19,0,HRTC Ordinary,0,2.0,58
manali,kullu,40,1500,3,6,0,HRTC Ordinary,0,1.5,58
manali,kullu,40,1500,3,10,0,HRTC Ordinary,0,1.5,58
manali,kullu,40,1500,3,14,0,HRTC Ordinary,0,1.5,58
manali,kullu,40,1500,3,19,0,HRTC Ordinary,0,2.0,58
manali,kullu,40,1500,4,6,0,HRTC Ordinary,0,1.5,58
manali,kullu,40,1500,4,10,0,HRTC Ordinary,0,1.5,58
manali,kullu,40,1500,4,14,0,HRTC Ordinary,0,1.5,58
manali,kullu,40,1500,4,19,0,HRTC Ordinary,0,2.0,58
manali,kullu,40,1500,5,6,0,HRTC Ordinary,0,1.5,58
manali,kullu,40,1500,5,10,0,HRTC Ordinary,0,1.5,58
manali,kullu,40,1500,5,14,0,HRTC Ordinary,0,1.5,58
manali,kullu,40,1500,5,19,0,HRTC Ordinary,0,2.0,58
manali,kullu,40,1500,6,6,0,HRTC Ordinary,0,1.5,58
manali,kullu,40,1500,6,10,0,HRTC Ordinary,0,1.5,58
manali,kullu,40,1500,6,14,0,HRTC Ordinary,0,1.5,58
manali,kullu,40,1500,6,19,0,HRTC Ordinary,0,2.0,58
manali,kullu,40,1500,7,6,2,HRTC Ordinary,0,5.0,58
manali,kullu,40,1500,7,10,2,HRTC Ordinary,0,5.0,58
manali,kullu,40,1500,7,14,1,HRTC Ordinary,0,2.5,58
manali,kullu,40,1500,7,19,1,HRTC Ordinary,0,3.0,58
manali,kullu,40,1500,8,6,0,HRTC Ordinary,0,1.5,58
manali,kullu,40,1500,8,10,0,HRTC Ordinary,0,1.5,58
manali,kullu,40,1500,8,14,1,HRTC Ordinary,0,2.5,58
manali,kullu,40,1500,8,19,0,HRTC Ordinary,0,2.0,58
manali,kullu,40,1500,9,6,0,HRTC Ordinary,0,1.5,58
manali,kullu,40,1500,9,10,0,HRTC Ordinary,0,1.5,58
manali,kullu,40,1500,9,14,0,HRTC Ordinary,0,1.5,58
manali,kullu,40,1500,9,19,0,HRTC Ordinary,0,2.0,58
manali,kullu,40,1500,10,6,0,HRTC Ordinary,0,1.5,58
manali,kullu,40,1500,10,10,0,HRTC Ordinary,0,1.5,58
manali,kullu,40,1500,10,14,0,HRTC Ordinary,0,1.5,58
manali,kullu,40,1500,10,19,0,HRTC Ordinary,0,2.0,58
manali,kullu,40,1500,11,6,0,HRTC Ordinary,0,1.5,58
manali,kullu,40,1500,11,10,0,HRTC Ordinary,0,1.5,58
manali,kullu,40,1500,11,14,0,HRTC Ordinary,0,1.5,58
manali,kullu,40,1500,11,19,0,HRTC Ordinary,0,2.0,58
manali,kullu,40,1500,12,6,0,HRTC Ordinary,0,1.5,58
manali,kullu,40,1500,12,10,0,HRTC Ordinary,0,1.5,58
manali,kullu,40,1500,12,14,0,HRTC Ordinary,0,1.5,58
manali,kullu,40,1500,12,19,0,HRTC Ordinary,0,2.0,58
manali,kullu,40,1500,1,6,0,HRTC Himgaura AC,1,1.5,84
manali,kullu,40,1500,1,10,0,HRTC Himgaura AC,1,1.5,84
manali,kullu,40,1500,1,14,0,HRTC Himgaura AC,1,1.5,84
manali,kullu,40,1500,1,19,0,HRTC Himgaura AC,1,2.0,84
manali,kullu,40,1500,2,6,0,HRTC Himgaura AC,1,1.5,84
manali,kullu,40,1500,2,10,0,HRTC Himgaura AC,1,1.5,84
manali,kullu,40,1500,2,14,0,HRTC Himgaura AC,1,1.5,84
manali,kullu,40,1500,2,19,0,HRTC Himgaura AC,1,2.0,84
manali,kullu,40,1500,3,6,0,HRTC Himgaura AC,1,1.5,84
manali,kullu,40,1500,3,10,0,HRTC Himgaura AC,1,1.5,84
manali,kullu,40,1500,3,14,0,HRTC Himgaura AC,1,1.5,84
manali,kullu,40,1500,3,19,0,HRTC Himgaura AC,1,2.0,84
manali,kullu,40,1500,4,6,0,HRTC Himgaura AC,1,1.5,84
manali,kullu,40,1500,4,10,0,HRTC Himgaura AC,1,1.5,84
manali,kullu,40,1500,4,14,0,HRTC Himgaura AC,1,1.5,84
manali,kullu,40,1500,4,19,0,HRTC Himgaura AC,1,2.0,84
manali,kullu,40,1500,5,6,0,HRTC Himgaura AC,1,1.5,84
manali,kullu,40,1500,5,10,0,HRTC Himgaura AC,1,1.5,84
manali,kullu,40,1500,5,14,0,HRTC Himgaura AC,1,1.5,84
manali,kullu,40,1500,5,19,0,HRTC Himgaura AC,1,2.0,84
manali,kullu,40,1500,6,6,0,HRTC Himgaura AC,1,1.5,84
manali,kullu,40,1500,6,10,0,HRTC Himgaura AC,1,1.5,84
manali,kullu,40,1500,6,14,0,HRTC Himgaura AC,1,1.5,84
manali,kullu,40,1500,6,19,0,HRTC Himgaura AC,1,2.0,84
manali,kullu,40,1500,7,6,1,HRTC Himgaura AC,1,2.5,84
manali,kullu,40,1500,7,10,0,HRTC Himgaura AC,1,1.5,84
manali,kullu,40,1500,7,14,2,HRTC Himgaura AC,1,5.0,84
manali,kullu,40,1500,7,19,2,HRTC Himgaura AC,1,5.5,84
manali,kullu,40,1500,8,6,1,HRTC Himgaura AC,1,2.5,84
manali,kullu,40,1500,8,10,1,HRTC Himgaura AC,1,2.5,84
manali,kullu,40,1500,8,14,0,HRTC Himgaura AC,1,1.5,84
manali,kullu,40,1500,8,19,2,HRTC Himgaura AC,1,5.5,84
manali,kullu,40,1500,9,6,0,HRTC Himgaura AC,1,1.5,84
manali,kullu,40,1500,9,10,0,HRTC Himgaura AC,1,1.5,84
manali,kullu,40,1500,9,14,0,HRTC Himgaura AC,1,1.5,84
manali,kullu,40,1500,9,19,0,HRTC Himgaura AC,1,2.0,84
manali,kullu,40,1500,10,6,0,HRTC Himgaura AC,1,1.5,84
manali,kullu,40,1500,10,10,0,HRTC Himgaura AC,1,1.5,84
manali,kullu,40,1500,10,14,0,HRTC Himgaura AC,1,1.5,84
manali,kullu,40,1500,10,19,0,HRTC Himgaura AC,1,2.0,84
manali,kullu,40,1500,11,6,0,HRTC Himgaura AC,1,1.5,84
manali,kullu,40,1500,11,10,0,HRTC Himgaura AC,1,1.5,84
manali,kullu,40,1500,11,14,0,HRTC Himgaura AC,1,1.5,84
manali,kullu,40,1500,11,19,0,HRTC Himgaura AC,1,2.0,84
manali,kullu,40,1500,12,6,0,HRTC Himgaura AC,1,1.5,84
manali,kullu,40,1500,12,10,0,HRTC Himgaura AC,1,1.5,84
manali,kullu,40,1500,12,14,0,HRTC Himgaura AC,1,1.5,84
manali,kullu,40,1500,12,19,0,HRTC Himgaura AC,1,2.0,84
manali,kullu,40,1500,1,6,0,HRTC Himsuta Volvo,2,1.0,128
manali,kullu,40,1500,1,10,0,HRTC Himsuta Volvo,2,1.0,128
manali,kullu,40,1500,1,14,0,HRTC Himsuta Volvo,2,1.0,128
manali,kullu,40,1500,1,19,0,HRTC Himsuta Volvo,2,1.5,128
manali,kullu,40,1500,2,6,0,HRTC Himsuta Volvo,2,1.0,128
manali,kullu,40,1500,2,10,0,HRTC Himsuta Volvo,2,1.0,128
manali,kullu,40,1500,2,14,0,HRTC Himsuta Volvo,2,1.0,128
manali,kullu,40,1500,2,19,0,HRTC Himsuta Volvo,2,1.5,128
manali,kullu,40,1500,3,6,0,HRTC Himsuta Volvo,2,1.0,128
manali,kullu,40,1500,3,10,0,HRTC Himsuta Volvo,2,1.0,128
manali,kullu,40,1500,3,14,0,HRTC Himsuta Volvo,2,1.0,128
manali,kullu,40,1500,3,19,0,HRTC Himsuta Volvo,2,1.5,128
manali,kullu,40,1500,4,6,0,HRTC Himsuta Volvo,2,1.0,128
manali,kullu,40,1500,4,10,0,HRTC Himsuta Volvo,2,1.0,128
manali,kullu,40,1500,4,14,0,HRTC Himsuta Volvo,2,1.0,128
manali,kullu,40,1500,4,19,0,HRTC Himsuta Volvo,2,1.5,128
manali,kullu,40,1500,5,6,0,HRTC Himsuta Volvo,2,1.0,128
manali,kullu,40,1500,5,10,0,HRTC Himsuta Volvo,2,1.0,128
manali,kullu,40,1500,5,14,0,HRTC Himsuta Volvo,2,1.0,128
manali,kullu,40,1500,5,19,0,HRTC Himsuta Volvo,2,1.5,128
manali,kullu,40,1500,6,6,0,HRTC Himsuta Volvo,2,1.0,128
manali,kullu,40,1500,6,10,0,HRTC Himsuta Volvo,2,1.0,128
manali,kullu,40,1500,6,14,0,HRTC Himsuta Volvo,2,1.0,128
manali,kullu,40,1500,6,19,0,HRTC Himsuta Volvo,2,1.5,128
manali,kullu,40,1500,7,6,1,HRTC Himsuta Volvo,2,2.0,128
manali,kullu,40,1500,7,10,0,HRTC Himsuta Volvo,2,1.0,128
manali,kullu,40,1500,7,14,2,HRTC Himsuta Volvo,2,4.5,128
manali,kullu,40,1500,7,19,2,HRTC Himsuta Volvo,2,5.0,128
manali,kullu,40,1500,8,6,2,HRTC Himsuta Volvo,2,4.5,128
manali,kullu,40,1500,8,10,1,HRTC Himsuta Volvo,2,2.0,128
manali,kullu,40,1500,8,14,1,HRTC Himsuta Volvo,2,2.0,128
manali,kullu,40,1500,8,19,1,HRTC Himsuta Volvo,2,2.5,128
manali,kullu,40,1500,9,6,0,HRTC Himsuta Volvo,2,1.0,128
manali,kullu,40,1500,9,10,0,HRTC Himsuta Volvo,2,1.0,128
manali,kullu,40,1500,9,14,0,HRTC Himsuta Volvo,2,1.0,128
manali,kullu,40,1500,9,19,0,HRTC Himsuta Volvo,2,1.5,128
manali,kullu,40,1500,10,6,0,HRTC Himsuta Volvo,2,1.0,128
manali,kullu,40,1500,10,10,0,HRTC Himsuta Volvo,2,1.0,128
manali,kullu,40,1500,10,14,0,HRTC Himsuta Volvo,2,1.0,128
manali,kullu,40,1500,10,19,0,HRTC Himsuta Volvo,2,1.5,128
manali,kullu,40,1500,11,6,0,HRTC Himsuta Volvo,2,1.0,128
manali,kullu,40,1500,11,10,0,HRTC Himsuta Volvo,2,1.0,128
manali,kullu,40,1500,11,14,0,HRTC Himsuta Volvo,2,1.0,128
manali,kullu,40,1500,11,19,0,HRTC Himsuta Volvo,2,1.5,128
manali,kullu,40,1500,12,6,0,HRTC Himsuta Volvo,2,1.0,128
manali,kullu,40,1500,12,10,0,HRTC Himsuta Volvo,2,1.0,128
manali,kullu,40,1500,12,14,0,HRTC Himsuta Volvo,2,1.0,128
manali,kullu,40,1500,12,19,0,HRTC Himsuta Volvo,2,1.5,128
dharamshala,chamba,130,1500,1,6,0,HRTC Ordinary,0,4.5,188
dharamshala,chamba,130,1500,1,10,0,HRTC Ordinary,0,4.5,188
dharamshala,chamba,130,1500,1,14,0,HRTC Ordinary,0,4.5,188
dharamshala,chamba,130,1500,1,19,0,HRTC Ordinary,0,5.0,188
dharamshala,chamba,130,1500,2,6,0,HRTC Ordinary,0,4.5,188
dharamshala,chamba,130,1500,2,10,0,HRTC Ordinary,0,4.5,188
dharamshala,chamba,130,1500,2,14,0,HRTC Ordinary,0,4.5,188
dharamshala,chamba,130,1500,2,19,0,HRTC Ordinary,0,5.0,188
dharamshala,chamba,130,1500,3,6,0,HRTC Ordinary,0,4.5,188
dharamshala,chamba,130,1500,3,10,0,HRTC Ordinary,0,4.5,188
dharamshala,chamba,130,1500,3,14,0,HRTC Ordinary,0,4.5,188
dharamshala,chamba,130,1500,3,19,0,HRTC Ordinary,0,5.0,188
dharamshala,chamba,130,1500,4,6,0,HRTC Ordinary,0,4.5,188
dharamshala,chamba,130,1500,4,10,0,HRTC Ordinary,0,4.5,188
dharamshala,chamba,130,1500,4,14,0,HRTC Ordinary,0,4.5,188
dharamshala,chamba,130,1500,4,19,0,HRTC Ordinary,0,5.0,188
dharamshala,chamba,130,1500,5,6,0,HRTC Ordinary,0,4.5,188
dharamshala,chamba,130,1500,5,10,0,HRTC Ordinary,0,4.5,188
dharamshala,chamba,130,1500,5,14,0,HRTC Ordinary,0,4.5,188
dharamshala,chamba,130,1500,5,19,0,HRTC Ordinary,0,5.0,188
dharamshala,chamba,130,1500,6,6,0,HRTC Ordinary,0,4.5,188
dharamshala,chamba,130,1500,6,10,0,HRTC Ordinary,0,4.5,188
dharamshala,chamba,130,1500,6,14,0,HRTC Ordinary,0,4.5,188
dharamshala,chamba,130,1500,6,19,0,HRTC Ordinary,0,5.0,188
dharamshala,chamba,130,1500,7,6,2,HRTC Ordinary,0,8.0,188
dharamshala,chamba,130,1500,7,10,2,HRTC Ordinary,0,8.0,188
dharamshala,chamba,130,1500,7,14,0,HRTC Ordinary,0,4.5,188
dharamshala,chamba,130,1500,7,19,0,HRTC Ordinary,0,5.0,188
dharamshala,chamba,130,1500,8,6,0,HRTC Ordinary,0,4.5,188
dharamshala,chamba,130,1500,8,10,2,HRTC Ordinary,0,8.0,188
dharamshala,chamba,130,1500,8,14,2,HRTC Ordinary,0,8.0,188
dharamshala,chamba,130,1500,8,19,0,HRTC Ordinary,0,5.0,188
dharamshala,chamba,130,1500,9,6,0,HRTC Ordinary,0,4.5,188
dharamshala,chamba,130,1500,9,10,0,HRTC Ordinary,0,4.5,188
dharamshala,chamba,130,1500,9,14,0,HRTC Ordinary,0,4.5,188
dharamshala,chamba,130,1500,9,19,0,HRTC Ordinary,0,5.0,188
dharamshala,chamba,130,1500,10,6,0,HRTC Ordinary,0,4.5,188
dharamshala,chamba,130,1500,10,10,0,HRTC Ordinary,0,4.5,188
dharamshala,chamba,130,1500,10,14,0,HRTC Ordinary,0,4.5,188
dharamshala,chamba,130,1500,10,19,0,HRTC Ordinary,0,5.0,188
dharamshala,chamba,130,1500,11,6,0,HRTC Ordinary,0,4.5,188
dharamshala,chamba,130,1500,11,10,0,HRTC Ordinary,0,4.5,188
dharamshala,chamba,130,1500,11,14,0,HRTC Ordinary,0,4.5,188
dharamshala,chamba,130,1500,11,19,0,HRTC Ordinary,0,5.0,188
dharamshala,chamba,130,1500,12,6,0,HRTC Ordinary,0,4.5,188
dharamshala,chamba,130,1500,12,10,0,HRTC Ordinary,0,4.5,188
dharamshala,chamba,130,1500,12,14,0,HRTC Ordinary,0,4.5,188
dharamshala,chamba,130,1500,12,19,0,HRTC Ordinary,0,5.0,188
chamba,dharamshala,130,1500,1,6,0,HRTC Ordinary,0,4.5,188
chamba,dharamshala,130,1500,1,10,0,HRTC Ordinary,0,4.5,188
chamba,dharamshala,130,1500,1,14,0,HRTC Ordinary,0,4.5,188
chamba,dharamshala,130,1500,1,19,0,HRTC Ordinary,0,5.0,188
chamba,dharamshala,130,1500,2,6,0,HRTC Ordinary,0,4.5,188
chamba,dharamshala,130,1500,2,10,0,HRTC Ordinary,0,4.5,188
chamba,dharamshala,130,1500,2,14,0,HRTC Ordinary,0,4.5,188
chamba,dharamshala,130,1500,2,19,0,HRTC Ordinary,0,5.0,188
chamba,dharamshala,130,1500,3,6,0,HRTC Ordinary,0,4.5,188
chamba,dharamshala,130,1500,3,10,0,HRTC Ordinary,0,4.5,188
chamba,dharamshala,130,1500,3,14,0,HRTC Ordinary,0,4.5,188
chamba,dharamshala,130,1500,3,19,0,HRTC Ordinary,0,5.0,188
chamba,dharamshala,130,1500,4,6,0,HRTC Ordinary,0,4.5,188
chamba,dharamshala,130,1500,4,10,0,HRTC Ordinary,0,4.5,188
chamba,dharamshala,130,1500,4,14,0,HRTC Ordinary,0,4.5,188
chamba,dharamshala,130,1500,4,19,0,HRTC Ordinary,0,5.0,188
chamba,dharamshala,130,1500,5,6,0,HRTC Ordinary,0,4.5,188
chamba,dharamshala,130,1500,5,10,0,HRTC Ordinary,0,4.5,188
chamba,dharamshala,130,1500,5,14,0,HRTC Ordinary,0,4.5,188
chamba,dharamshala,130,1500,5,19,0,HRTC Ordinary,0,5.0,188
chamba,dharamshala,130,1500,6,6,0,HRTC Ordinary,0,4.5,188
chamba,dharamshala,130,1500,6,10,0,HRTC Ordinary,0,4.5,188
chamba,dharamshala,130,1500,6,14,0,HRTC Ordinary,0,4.5,188
chamba,dharamshala,130,1500,6,19,0,HRTC Ordinary,0,5.0,188
chamba,dharamshala,130,1500,7,6,1,HRTC Ordinary,0,5.5,188
chamba,dharamshala,130,1500,7,10,0,HRTC Ordinary,0,4.5,188
chamba,dharamshala,130,1500,7,14,2,HRTC Ordinary,0,8.0,188
chamba,dharamshala,130,1500,7,19,2,HRTC Ordinary,0,8.5,188
chamba,dharamshala,130,1500,8,6,2,HRTC Ordinary,0,8.0,188
chamba,dharamshala,130,1500,8,10,1,HRTC Ordinary,0,5.5,188
chamba,dharamshala,130,1500,8,14,1,HRTC Ordinary,0,5.5,188
chamba,dharamshala,130,1500,8,19,0,HRTC Ordinary,0,5.0,188
chamba,dharamshala,130,1500,9,6,0,HRTC Ordinary,0,4.5,188
chamba,dharamshala,130,1500,9,10,0,HRTC Ordinary,0,4.5,188
chamba,dharamshala,130,1500,9,14,0,HRTC Ordinary,0,4.5,188
chamba,dharamshala,130,1500,9,19,0,HRTC Ordinary,0,5.0,188
chamba,dharamshala,130,1500,10,6,0,HRTC Ordinary,0,4.5,188
chamba,dharamshala,130,1500,10,10,0,HRTC Ordinary,0,4.5,188
chamba,dharamshala,130,1500,10,14,0,HRTC Ordinary,0,4.5,188
chamba,dharamshala,130,1500,10,19,0,HRTC Ordinary,0,5.0,188
chamba,dharamshala,130,1500,11,6,0,HRTC Ordinary,0,4.5,188
chamba,dharamshala,130,1500,11,10,0,HRTC Ordinary,0,4.5,188
chamba,dharamshala,130,1500,11,14,0,HRTC Ordinary,0,4.5,188
chamba,dharamshala,130,1500,11,19,0,HRTC Ordinary,0,5.0,188
chamba,dharamshala,130,1500,12,6,0,HRTC Ordinary,0,4.5,188
chamba,dharamshala,130,1500,12,10,0,HRTC Ordinary,0,4.5,188
chamba,dharamshala,130,1500,12,14,0,HRTC Ordinary,0,4.5,188
chamba,dharamshala,130,1500,12,19,0,HRTC Ordinary,0,5.0,188
shimla,reckong peo,225,1500,1,6,0,HRTC Ordinary,0,9.0,326
shimla,reckong peo,225,1500,1,10,0,HRTC Ordinary,0,9.0,326
shimla,reckong peo,225,1500,1,14,0,HRTC Ordinary,0,9.0,326
shimla,reckong peo,225,1500,1,19,0,HRTC Ordinary,0,9.5,326
shimla,reckong peo,225,1500,2,6,0,HRTC Ordinary,0,9.0,326
shimla,reckong peo,225,1500,2,10,0,HRTC Ordinary,0,9.0,326
shimla,reckong peo,225,1500,2,14,0,HRTC Ordinary,0,9.0,326
shimla,reckong peo,225,1500,2,19,0,HRTC Ordinary,0,9.5,326
shimla,reckong peo,225,1500,3,6,0,HRTC Ordinary,0,9.0,326
shimla,reckong peo,225,1500,3,10,0,HRTC Ordinary,0,9.0,326
shimla,reckong peo,225,1500,3,14,0,HRTC Ordinary,0,9.0,326
shimla,reckong peo,225,1500,3,19,0,HRTC Ordinary,0,9.5,326
shimla,reckong peo,225,1500,4,6,0,HRTC Ordinary,0,9.0,326
shimla,reckong peo,225,1500,4,10,0,HRTC Ordinary,0,9.0,326
shimla,reckong peo,225,1500,4,14,0,HRTC Ordinary,0,9.0,326
shimla,reckong peo,225,1500,4,19,0,HRTC Ordinary,0,9.5,326
shimla,reckong peo,225,1500,5,6,0,HRTC Ordinary,0,9.0,326
shimla,reckong peo,225,1500,5,10,0,HRTC Ordinary,0,9.0,326
shimla,reckong peo,225,1500,5,14,0,HRTC Ordinary,0,9.0,326
shimla,reckong peo,225,1500,5,19,0,HRTC Ordinary,0,9.5,326
shimla,reckong peo,225,1500,6,6,0,HRTC Ordinary,0,9.0,326
shimla,reckong peo,225,1500,6,10,0,HRTC Ordinary,0,9.0,326
shimla,reckong peo,225,1500,6,14,0,HRTC Ordinary,0,9.0,326
shimla,reckong peo,225,1500,6,19,0,HRTC Ordinary,0,9.5,326
shimla,reckong peo,225,1500,7,6,0,HRTC Ordinary,0,9.0,326
shimla,reckong peo,225,1500,7,10,2,HRTC Ordinary,0,12.5,326
shimla,reckong peo,225,1500,7,14,2,HRTC Ordinary,0,12.5,326
shimla,reckong peo,225,1500,7,19,2,HRTC Ordinary,0,13.0,326
shimla,reckong peo,225,1500,8,6,2,HRTC Ordinary,0,12.5,326
shimla,reckong peo,225,1500,8,10,1,HRTC Ordinary,0,10.0,326
shimla,reckong peo,225,1500,8,14,1,HRTC Ordinary,0,10.0,326
shimla,reckong peo,225,1500,8,19,2,HRTC Ordinary,0,13.0,326
shimla,reckong peo,225,1500,9,6,0,HRTC Ordinary,0,9.0,326
shimla,reckong peo,225,1500,9,10,0,HRTC Ordinary,0,9.0,326
shimla,reckong peo,225,1500,9,14,0,HRTC Ordinary,0,9.0,326
shimla,reckong peo,225,1500,9,19,0,HRTC Ordinary,0,9.5,326
shimla,reckong peo,225,1500,10,6,0,HRTC Ordinary,0,9.0,326
shimla,reckong peo,225,1500,10,10,0,HRTC Ordinary,0,9.0,326
shimla,reckong peo,225,1500,10,14,0,HRTC Ordinary,0,9.0,326
shimla,reckong peo,225,1500,10,19,0,HRTC Ordinary,0,9.5,326
shimla,reckong peo,225,1500,11,6,0,HRTC Ordinary,0,9.0,326
shimla,reckong peo,225,1500,11,10,0,HRTC Ordinary,0,9.0,326
shimla,reckong peo,225,1500,11,14,0,HRTC Ordinary,0,9.0,326
shimla,reckong peo,225,1500,11,19,0,HRTC Ordinary,0,9.5,326
shimla,reckong peo,225,1500,12,6,0,HRTC Ordinary,0,9.0,326
shimla,reckong peo,225,1500,12,10,0,HRTC Ordinary,0,9.0,326
shimla,reckong peo,225,1500,12,14,0,HRTC Ordinary,0,9.0,326
shimla,reckong peo,225,1500,12,19,0,HRTC Ordinary,0,9.5,326
reckong peo,shimla,225,1500,1,6,0,HRTC Ordinary,0,9.0,326
reckong peo,shimla,225,1500,1,10,0,HRTC Ordinary,0,9.0,326
reckong peo,shimla,225,1500,1,14,0,HRTC Ordinary,0,9.0,326
reckong peo,shimla,225,1500,1,19,0,HRTC Ordinary,0,9.5,326
reckong peo,shimla,225,1500,2,6,0,HRTC Ordinary,0,9.0,326
reckong peo,shimla,225,1500,2,10,0,HRTC Ordinary,0,9.0,326
reckong peo,shimla,225,1500,2,14,0,HRTC Ordinary,0,9.0,326
reckong peo,shimla,225,1500,2,19,0,HRTC Ordinary,0,9.5,326
reckong peo,shimla,225,1500,3,6,0,HRTC Ordinary,0,9.0,326
reckong peo,shimla,225,1500,3,10,0,HRTC Ordinary,0,9.0,326
reckong peo,shimla,225,1500,3,14,0,HRTC Ordinary,0,9.0,326
reckong peo,shimla,225,1500,3,19,0,HRTC Ordinary,0,9.5,326
reckong peo,shimla,225,1500,4,6,0,HRTC Ordinary,0,9.0,326
reckong peo,shimla,225,1500,4,10,0,HRTC Ordinary,0,9.0,326
reckong peo,shimla,225,1500,4,14,0,HRTC Ordinary,0,9.0,326
reckong peo,shimla,225,1500,4,19,0,HRTC Ordinary,0,9.5,326
reckong peo,shimla,225,1500,5,6,0,HRTC Ordinary,0,9.0,326
reckong peo,shimla,225,1500,5,10,0,HRTC Ordinary,0,9.0,326
reckong peo,shimla,225,1500,5,14,0,HRTC Ordinary,0,9.0,326
reckong peo,shimla,225,1500,5,19,0,HRTC Ordinary,0,9.5,326
reckong peo,shimla,225,1500,6,6,0,HRTC Ordinary,0,9.0,326
reckong peo,shimla,225,1500,6,10,0,HRTC Ordinary,0,9.0,326
reckong peo,shimla,225,1500,6,14,0,HRTC Ordinary,0,9.0,326
reckong peo,shimla,225,1500,6,19,0,HRTC Ordinary,0,9.5,326
reckong peo,shimla,225,1500,7,6,2,HRTC Ordinary,0,12.5,326
reckong peo,shimla,225,1500,7,10,0,HRTC Ordinary,0,9.0,326
reckong peo,shimla,225,1500,7,14,1,HRTC Ordinary,0,10.0,326
reckong peo,shimla,225,1500,7,19,0,HRTC Ordinary,0,9.5,326
reckong peo,shimla,225,1500,8,6,2,HRTC Ordinary,0,12.5,326
reckong peo,shimla,225,1500,8,10,1,HRTC Ordinary,0,10.0,326
reckong peo,shimla,225,1500,8,14,0,HRTC Ordinary,0,9.0,326
reckong peo,shimla,225,1500,8,19,1,HRTC Ordinary,0,10.5,326
reckong peo,shimla,225,1500,9,6,0,HRTC Ordinary,0,9.0,326
reckong peo,shimla,225,1500,9,10,0,HRTC Ordinary,0,9.0,326
reckong peo,shimla,225,1500,9,14,0,HRTC Ordinary,0,9.0,326
reckong peo,shimla,225,1500,9,19,0,HRTC Ordinary,0,9.5,326
reckong peo,shimla,225,1500,10,6,0,HRTC Ordinary,0,9.0,326
reckong peo,shimla,225,1500,10,10,0,HRTC Ordinary,0,9.0,326
reckong peo,shimla,225,1500,10,14,0,HRTC Ordinary,0,9.0,326
reckong peo,shimla,225,1500,10,19,0,HRTC Ordinary,0,9.5,326
reckong peo,shimla,225,1500,11,6,0,HRTC Ordinary,0,9.0,326
reckong peo,shimla,225,1500,11,10,0,HRTC Ordinary,0,9.0,326
reckong peo,shimla,225,1500,11,14,0,HRTC Ordinary,0,9.0,326
reckong peo,shimla,225,1500,11,19,0,HRTC Ordinary,0,9.5,326
reckong peo,shimla,225,1500,12,6,0,HRTC Ordinary,0,9.0,326
reckong peo,shimla,225,1500,12,10,0,HRTC Ordinary,0,9.0,326
reckong peo,shimla,225,1500,12,14,0,HRTC Ordinary,0,9.0,326
reckong peo,shimla,225,1500,12,19,0,HRTC Ordinary,0,9.5,326
reckong peo,kaza,200,3800,1,6,1,HRTC Ordinary,0,11.5,290
reckong peo,kaza,200,3800,1,10,1,HRTC Ordinary,0,11.5,290
reckong peo,kaza,200,3800,1,14,0,HRTC Ordinary,0,10.0,290
reckong peo,kaza,200,3800,1,19,1,HRTC Ordinary,0,12.0,290
reckong peo,kaza,200,3800,2,6,1,HRTC Ordinary,0,11.5,290
reckong peo,kaza,200,3800,2,10,1,HRTC Ordinary,0,11.5,290
reckong peo,kaza,200,3800,2,14,1,HRTC Ordinary,0,11.5,290
reckong peo,kaza,200,3800,2,19,2,HRTC Ordinary,0,15.5,290
reckong peo,kaza,200,3800,3,6,0,HRTC Ordinary,0,10.0,290
reckong peo,kaza,200,3800,3,10,0,HRTC Ordinary,0,10.0,290
reckong peo,kaza,200,3800,3,14,0,HRTC Ordinary,0,10.0,290
reckong peo,kaza,200,3800,3,19,0,HRTC Ordinary,0,10.5,290
reckong peo,kaza,200,3800,4,6,0,HRTC Ordinary,0,10.0,290
reckong peo,kaza,200,3800,4,10,0,HRTC Ordinary,0,10.0,290
reckong peo,kaza,200,3800,4,14,0,HRTC Ordinary,0,10.0,290
reckong peo,kaza,200,3800,4,19,0,HRTC Ordinary,0,10.5,290
reckong peo,kaza,200,3800,5,6,0,HRTC Ordinary,0,10.0,290
reckong peo,kaza,200,3800,5,10,0,HRTC Ordinary,0,10.0,290
reckong peo,kaza,200,3800,5,14,0,HRTC Ordinary,0,10.0,290
reckong peo,kaza,200,3800,5,19,0,HRTC Ordinary,0,10.5,290
reckong peo,kaza,200,3800,6,6,0,HRTC Ordinary,0,10.0,290
reckong peo,kaza,200,3800,6,10,0,HRTC Ordinary,0,10.0,290
reckong peo,kaza,200,3800,6,14,0,HRTC Ordinary,0,10.0,290
reckong peo,kaza,200,3800,6,19,0,HRTC Ordinary,0,10.5,290
reckong peo,kaza,200,3800,7,6,1,HRTC Ordinary,0,11.0,290
reckong peo,kaza,200,3800,7,10,1,HRTC Ordinary,0,11.0,290
reckong peo,kaza,200,3800,7,14,2,HRTC Ordinary,0,13.5,290
reckong peo,kaza,200,3800,7,19,1,HRTC Ordinary,0,11.5,290
reckong peo,kaza,200,3800,8,6,0,HRTC Ordinary,0,10.0,290
reckong peo,kaza,200,3800,8,10,0,HRTC Ordinary,0,10.0,290
reckong peo,kaza,200,3800,8,14,1,HRTC Ordinary,0,11.0,290
reckong peo,kaza,200,3800,8,19,1,HRTC Ordinary,0,11.5,290
reckong peo,kaza,200,3800,9,6,0,HRTC Ordinary,0,10.0,290
reckong peo,kaza,200,3800,9,10,0,HRTC Ordinary,0,10.0,290
reckong peo,kaza,200,3800,9,14,0,HRTC Ordinary,0,10.0,290
reckong peo,kaza,200,3800,9,19,0,HRTC Ordinary,0,10.5,290
reckong peo,kaza,200,3800,10,6,0,HRTC Ordinary,0,10.0,290
reckong peo,kaza,200,3800,10,10,0,HRTC Ordinary,0,10.0,290
reckong peo,kaza,200,3800,10,14,0,HRTC Ordinary,0,10.0,290
reckong peo,kaza,200,3800,10,19,0,HRTC Ordinary,0,10.5,290
reckong peo,kaza,200,3800,11,6,0,HRTC Ordinary,0,10.0,290
reckong peo,kaza,200,3800,11,10,0,HRTC Ordinary,0,10.0,290
reckong peo,kaza,200,3800,11,14,0,HRTC Ordinary,0,10.0,290
reckong peo,kaza,200,3800,11,19,0,HRTC Ordinary,0,10.5,290
reckong peo,kaza,200,3800,12,6,1,HRTC Ordinary,0,11.5,290
reckong peo,kaza,200,3800,12,10,0,HRTC Ordinary,0,10.0,290
reckong peo,kaza,200,3800,12,14,0,HRTC Ordinary,0,10.0,290
reckong peo,kaza,200,3800,12,19,0,HRTC Ordinary,0,10.5,290
kaza,reckong peo,200,3800,1,6,1,HRTC Ordinary,0,11.5,290
kaza,reckong peo,200,3800,1,10,1,HRTC Ordinary,0,11.5,290
kaza,reckong peo,200,3800,1,14,1,HRTC Ordinary,0,11.5,290
kaza,reckong peo,200,3800,1,19,1,HRTC Ordinary,0,12.0,290
kaza,reckong peo,200,3800,2,6,2,HRTC Ordinary,0,15.0,290
kaza,reckong peo,200,3800,2,10,1,HRTC Ordinary,0,11.5,290
kaza,reckong peo,200,3800,2,14,1,HRTC Ordinary,0,11.5,290
kaza,reckong peo,200,3800,2,19,1,HRTC Ordinary,0,12.0,290
kaza,reckong peo,200,3800,3,6,0,HRTC Ordinary,0,10.0,290
kaza,reckong peo,200,3800,3,10,0,HRTC Ordinary,0,10.0,290
kaza,reckong peo,200,3800,3,14,0,HRTC Ordinary,0,10.0,290
kaza,reckong peo,200,3800,3,19,0,HRTC Ordinary,0,10.5,290
kaza,reckong peo,200,3800,4,6,0,HRTC Ordinary,0,10.0,290
kaza,reckong peo,200,3800,4,10,0,HRTC Ordinary,0,10.0,290
kaza,reckong peo,200,3800,4,14,0,HRTC Ordinary,0,10.0,290
kaza,reckong peo,200,3800,4,19,0,HRTC Ordinary,0,10.5,290
kaza,reckong peo,200,3800,5,6,0,HRTC Ordinary,0,10.0,290
kaza,reckong peo,200,3800,5,10,0,HRTC Ordinary,0,10.0,290
kaza,reckong peo,200,3800,5,14,0,HRTC Ordinary,0,10.0,290
kaza,reckong peo,200,3800,5,19,0,HRTC Ordinary,0,10.5,290
kaza,reckong peo,200,3800,6,6,0,HRTC Ordinary,0,10.0,290
kaza,reckong peo,200,3800,6,10,0,HRTC Ordinary,0,10.0,290
kaza,reckong peo,200,3800,6,14,0,HRTC Ordinary,0,10.0,290
kaza,reckong peo,200,3800,6,19,0,HRTC Ordinary,0,10.5,290
kaza,reckong peo,200,3800,7,6,0,HRTC Ordinary,0,10.0,290
kaza,reckong peo,200,3800,7,10,1,HRTC Ordinary,0,11.0,290
kaza,reckong peo,200,3800,7,14,2,HRTC Ordinary,0,13.5,290
kaza,reckong peo,200,3800,7,19,2,HRTC Ordinary,0,14.0,290
kaza,reckong peo,200,3800,8,6,0,HRTC Ordinary,0,10.0,290
kaza,reckong peo,200,3800,8,10,2,HRTC Ordinary,0,13.5,290
kaza,reckong peo,200,3800,8,14,1,HRTC Ordinary,0,11.0,290
kaza,reckong peo,200,3800,8,19,0,HRTC Ordinary,0,10.5,290
kaza,reckong peo,200,3800,9,6,0,HRTC Ordinary,0,10.0,290
kaza,reckong peo,200,3800,9,10,0,HRTC Ordinary,0,10.0,290
kaza,reckong peo,200,3800,9,14,0,HRTC Ordinary,0,10.0,290
kaza,reckong peo,200,3800,9,19,0,HRTC Ordinary,0,10.5,290
kaza,reckong peo,200,3800,10,6,0,HRTC Ordinary,0,10.0,290
kaza,reckong peo,200,3800,10,10,0,HRTC Ordinary,0,10.0,290
kaza,reckong peo,200,3800,10,14,0,HRTC Ordinary,0,10.0,290
kaza,reckong peo,200,3800,10,19,0,HRTC Ordinary,0,10.5,290
kaza,reckong peo,200,3800,11,6,0,HRTC Ordinary,0,10.0,290
kaza,reckong peo,200,3800,11,10,0,HRTC Ordinary,0,10.0,290
kaza,reckong peo,200,3800,11,14,0,HRTC Ordinary,0,10.0,290
kaza,reckong peo,200,3800,11,19,0,HRTC Ordinary,0,10.5,290
kaza,reckong peo,200,3800,12,6,1,HRTC Ordinary,0,11.5,290
kaza,reckong peo,200,3800,12,10,2,HRTC Ordinary,0,15.0,290
kaza,reckong peo,200,3800,12,14,1,HRTC Ordinary,0,11.5,290
kaza,reckong peo,200,3800,12,19,1,HRTC Ordinary,0,12.0,290
shimla,kaza,420,3800,1,6,1,HRTC Ordinary,0,19.5,609
shimla,kaza,420,3800,1,10,0,HRTC Ordinary,0,18.0,609
shimla,kaza,420,3800,1,14,0,HRTC Ordinary,0,18.0,609
shimla,kaza,420,3800,1,19,0,HRTC Ordinary,0,18.5,609
shimla,kaza,420,3800,2,6,0,HRTC Ordinary,0,18.0,609
shimla,kaza,420,3800,2,10,0,HRTC Ordinary,0,18.0,609
shimla,kaza,420,3800,2,14,0,HRTC Ordinary,0,18.0,609
shimla,kaza,420,3800,2,19,1,HRTC Ordinary,0,20.0,609
shimla,kaza,420,3800,3,6,0,HRTC Ordinary,0,18.0,609
shimla,kaza,420,3800,3,10,0,HRTC Ordinary,0,18.0,609
shimla,kaza,420,3800,3,14,0,HRTC Ordinary,0,18.0,609
shimla,kaza,420,3800,3,19,0,HRTC Ordinary,0,18.5,609
shimla,kaza,420,3800,4,6,0,HRTC Ordinary,0,18.0,609
shimla,kaza,420,3800,4,10,0,HRTC Ordinary,0,18.0,609
shimla,kaza,420,3800,4,14,0,HRTC Ordinary,0,18.0,609
shimla,kaza,420,3800,4,19,0,HRTC Ordinary,0,18.5,609
shimla,kaza,420,3800,5,6,0,HRTC Ordinary,0,18.0,609
shimla,kaza,420,3800,5,10,0,HRTC Ordinary,0,18.0,609
shimla,kaza,420,3800,5,14,0,HRTC Ordinary,0,18.0,609
shimla,kaza,420,3800,5,19,0,HRTC Ordinary,0,18.5,609
shimla,kaza,420,3800,6,6,0,HRTC Ordinary,0,18.0,609
shimla,kaza,420,3800,6,10,0,HRTC Ordinary,0,18.0,609
shimla,kaza,420,3800,6,14,0,HRTC Ordinary,0,18.0,609
shimla,kaza,420,3800,6,19,0,HRTC Ordinary,0,18.5,609
shimla,kaza,420,3800,7,6,0,HRTC Ordinary,0,18.0,609
shimla,kaza,420,3800,7,10,0,HRTC Ordinary,0,18.0,609
shimla,kaza,420,3800,7,14,2,HRTC Ordinary,0,21.5,609
shimla,kaza,420,3800,7,19,1,HRTC Ordinary,0,19.5,609
shimla,kaza,420,3800,8,6,1,HRTC Ordinary,0,19.0,609
shimla,kaza,420,3800,8,10,0,HRTC Ordinary,0,18.0,609
shimla,kaza,420,3800,8,14,0,HRTC Ordinary,0,18.0,609
shimla,kaza,420,3800,8,19,0,HRTC Ordinary,0,18.5,609
shimla,kaza,420,3800,9,6,0,HRTC Ordinary,0,18.0,609
shimla,kaza,420,3800,9,10,0,HRTC Ordinary,0,18.0,609
shimla,kaza,420,3800,9,14,0,HRTC Ordinary,0,18.0,609
shimla,kaza,420,3800,9,19,0,HRTC Ordinary,0,18.5,609
shimla,kaza,420,3800,10,6,0,HRTC Ordinary,0,18.0,609
shimla,kaza,420,3800,10,10,0,HRTC Ordinary,0,18.0,609
shimla,kaza,420,3800,10,14,0,HRTC Ordinary,0,18.0,609
shimla,kaza,420,3800,10,19,0,HRTC Ordinary,0,18.5,609
shimla,kaza,420,3800,11,6,0,HRTC Ordinary,0,18.0,609
shimla,kaza,420,3800,11,10,0,HRTC Ordinary,0,18.0,609
shimla,kaza,420,3800,11,14,0,HRTC Ordinary,0,18.0,609
shimla,kaza,420,3800,11,19,0,HRTC Ordinary,0,18.5,609
shimla,kaza,420,3800,12,6,0,HRTC Ordinary,0,18.0,609
shimla,kaza,420,3800,12,10,0,HRTC Ordinary,0,18.0,609
shimla,kaza,420,3800,12,14,0,HRTC Ordinary,0,18.0,609
shimla,kaza,420,3800,12,19,0,HRTC Ordinary,0,18.5,609
kaza,shimla,420,3800,1,6,0,HRTC Ordinary,0,18.0,609
kaza,shimla,420,3800,1,10,1,HRTC Ordinary,0,19.5,609
kaza,shimla,420,3800,1,14,0,HRTC Ordinary,0,18.0,609
kaza,shimla,420,3800,1,19,1,HRTC Ordinary,0,20.0,609
kaza,shimla,420,3800,2,6,1,HRTC Ordinary,0,19.5,609
kaza,shimla,420,3800,2,10,1,HRTC Ordinary,0,19.5,609
kaza,shimla,420,3800,2,14,0,HRTC Ordinary,0,18.0,609
kaza,shimla,420,3800,2,19,1,HRTC Ordinary,0,20.0,609
kaza,shimla,420,3800,3,6,0,HRTC Ordinary,0,18.0,609
kaza,shimla,420,3800,3,10,0,HRTC Ordinary,0,18.0,609
kaza,shimla,420,3800,3,14,0,HRTC Ordinary,0,18.0,609
kaza,shimla,420,3800,3,19,0,HRTC Ordinary,0,18.5,609
kaza,shimla,420,3800,4,6,0,HRTC Ordinary,0,18.0,609
kaza,shimla,420,3800,4,10,0,HRTC Ordinary,0,18.0,609
kaza,shimla,420,3800,4,14,0,HRTC Ordinary,0,18.0,609
kaza,shimla,420,3800,4,19,0,HRTC Ordinary,0,18.5,609
kaza,shimla,420,3800,5,6,0,HRTC Ordinary,0,18.0,609
kaza,shimla,420,3800,5,10,0,HRTC Ordinary,0,18.0,609
kaza,shimla,420,3800,5,14,0,HRTC Ordinary,0,18.0,609
kaza,shimla,420,3800,5,19,0,HRTC Ordinary,0,18.5,609
kaza,shimla,420,3800,6,6,0,HRTC Ordinary,0,18.0,609
kaza,shimla,420,3800,6,10,0,HRTC Ordinary,0,18.0,609
kaza,shimla,420,3800,6,14,0,HRTC Ordinary,0,18.0,609
kaza,shimla,420,3800,6,19,0,HRTC Ordinary,0,18.5,609
kaza,shimla,420,3800,7,6,1,HRTC Ordinary,0,19.0,609
kaza,shimla,420,3800,7,10,0,HRTC Ordinary,0,18.0,609
kaza,shimla,420,3800,7,14,2,HRTC Ordinary,0,21.5,609
kaza,shimla,420,3800,7,19,2,HRTC Ordinary,0,22.0,609
kaza,shimla,420,3800,8,6,0,HRTC Ordinary,0,18.0,609
kaza,shimla,420,3800,8,10,0,HRTC Ordinary,0,18.0,609
kaza,shimla,420,3800,8,14,2,HRTC Ordinary,0,21.5,609
kaza,shimla,420,3800,8,19,1,HRTC Ordinary,0,19.5,609
kaza,shimla,420,3800,9,6,0,HRTC Ordinary,0,18.0,609
kaza,shimla,420,3800,9,10,0,HRTC Ordinary,0,18.0,609
kaza,shimla,420,3800,9,14,0,HRTC Ordinary,0,18.0,609
kaza,shimla,420,3800,9,19,0,HRTC Ordinary,0,18.5,609
kaza,shimla,420,3800,10,6,0,HRTC Ordinary,0,18.0,609
kaza,shimla,420,3800,10,10,0,HRTC Ordinary,0,18.0,609
kaza,shimla,420,3800,10,14,0,HRTC Ordinary,0,18.0,609
kaza,shimla,420,3800,10,19,0,HRTC Ordinary,0,18.5,609
kaza,shimla,420,3800,11,6,0,HRTC Ordinary,0,18.0,609
kaza,shimla,420,3800,11,10,0,HRTC Ordinary,0,18.0,609
kaza,shimla,420,3800,11,14,0,HRTC Ordinary,0,18.0,609
kaza,shimla,420,3800,11,19,0,HRTC Ordinary,0,18.5,609
kaza,shimla,420,3800,12,6,0,HRTC Ordinary,0,18.0,609
kaza,shimla,420,3800,12,10,0,HRTC Ordinary,0,18.0,609
kaza,shimla,420,3800,12,14,1,HRTC Ordinary,0,19.5,609
kaza,shimla,420,3800,12,19,1,HRTC Ordinary,0,20.0,609
manali,keylong,71,1500,1,6,0,HRTC Ordinary,0,2.5,102
manali,keylong,71,1500,1,10,0,HRTC Ordinary,0,2.5,102
manali,keylong,71,1500,1,14,0,HRTC Ordinary,0,2.5,102
manali,keylong,71,1500,1,19,0,HRTC Ordinary,0,3.0,102
manali,keylong,71,1500,2,6,0,HRTC Ordinary,0,2.5,102
manali,keylong,71,1500,2,10,0,HRTC Ordinary,0,2.5,102
manali,keylong,71,1500,2,14,0,HRTC Ordinary,0,2.5,102
manali,keylong,71,1500,2,19,0,HRTC Ordinary,0,3.0,102
manali,keylong,71,1500,3,6,0,HRTC Ordinary,0,2.5,102
manali,keylong,71,1500,3,10,0,HRTC Ordinary,0,2.5,102
manali,keylong,71,1500,3,14,0,HRTC Ordinary,0,2.5,102
manali,keylong,71,1500,3,19,0,HRTC Ordinary,0,3.0,102
manali,keylong,71,1500,4,6,0,HRTC Ordinary,0,2.5,102
manali,keylong,71,1500,4,10,0,HRTC Ordinary,0,2.5,102
manali,keylong,71,1500,4,14,0,HRTC Ordinary,0,2.5,102
manali,keylong,71,1500,4,19,0,HRTC Ordinary,0,3.0,102
manali,keylong,71,1500,5,6,0,HRTC Ordinary,0,2.5,102
manali,keylong,71,1500,5,10,0,HRTC Ordinary,0,2.5,102
manali,keylong,71,1500,5,14,0,HRTC Ordinary,0,2.5,102
manali,keylong,71,1500,5,19,0,HRTC Ordinary,0,3.0,102
manali,keylong,71,1500,6,6,0,HRTC Ordinary,0,2.5,102
manali,keylong,71,1500,6,10,0,HRTC Ordinary,0,2.5,102
manali,keylong,71,1500,6,14,0,HRTC Ordinary,0,2.5,102
manali,keylong,71,1500,6,19,0,HRTC Ordinary,0,3.0,102
manali,keylong,71,1500,7,6,1,HRTC Ordinary,0,3.5,102
manali,keylong,71,1500,7,10,0,HRTC Ordinary,0,2.5,102
manali,keylong,71,1500,7,14,1,HRTC Ordinary,0,3.5,102
manali,keylong,71,1500,7,19,1,HRTC Ordinary,0,4.0,102
manali,keylong,71,1500,8,6,0,HRTC Ordinary,0,2.5,102
manali,keylong,71,1500,8,10,0,HRTC Ordinary,0,2.5,102
manali,keylong,71,1500,8,14,1,HRTC Ordinary,0,3.5,102
manali,keylong,71,1500,8,19,2,HRTC Ordinary,0,6.5,102
manali,keylong,71,1500,9,6,0,HRTC Ordinary,0,2.5,102
manali,keylong,71,1500,9,10,0,HRTC Ordinary,0,2.5,102
manali,keylong,71,1500,9,14,0,HRTC Ordinary,0,2.5,102
manali,keylong,71,1500,9,19,0,HRTC Ordinary,0,3.0,102
manali,keylong,71,1500,10,6,0,HRTC Ordinary,0,2.5,102
manali,keylong,71,1500,10,10,0,HRTC Ordinary,0,2.5,102
manali,keylong,71,1500,10,14,0,HRTC Ordinary,0,2.5,102
manali,keylong,71,1500,10,19,0,HRTC Ordinary,0,3.0,102
manali,keylong,71,1500,11,6,0,HRTC Ordinary,0,2.5,102
manali,keylong,71,1500,11,10,0,HRTC Ordinary,0,2.5,102
manali,keylong,71,1500,11,14,0,HRTC Ordinary,0,2.5,102
manali,keylong,71,1500,11,19,0,HRTC Ordinary,0,3.0,102
manali,keylong,71,1500,12,6,0,HRTC Ordinary,0,2.5,102
manali,keylong,71,1500,12,10,0,HRTC Ordinary,0,2.5,102
manali,keylong,71,1500,12,14,0,HRTC Ordinary,0,2.5,102
manali,keylong,71,1500,12,19,0,HRTC Ordinary,0,3.0,102
keylong,manali,71,1500,1,6,0,HRTC Ordinary,0,2.5,102
keylong,manali,71,1500,1,10,0,HRTC Ordinary,0,2.5,102
keylong,manali,71,1500,1,14,0,HRTC Ordinary,0,2.5,102
keylong,manali,71,1500,1,19,0,HRTC Ordinary,0,3.0,102
keylong,manali,71,1500,2,6,0,HRTC Ordinary,0,2.5,102
keylong,manali,71,1500,2,10,0,HRTC Ordinary,0,2.5,102
keylong,manali,71,1500,2,14,0,HRTC Ordinary,0,2.5,102
keylong,manali,71,1500,2,19,0,HRTC Ordinary,0,3.0,102
keylong,manali,71,1500,3,6,0,HRTC Ordinary,0,2.5,102
keylong,manali,71,1500,3,10,0,HRTC Ordinary,0,2.5,102
keylong,manali,71,1500,3,14,0,HRTC Ordinary,0,2.5,102
keylong,manali,71,1500,3,19,0,HRTC Ordinary,0,3.0,102
keylong,manali,71,1500,4,6,0,HRTC Ordinary,0,2.5,102
keylong,manali,71,1500,4,10,0,HRTC Ordinary,0,2.5,102
keylong,manali,71,1500,4,14,0,HRTC Ordinary,0,2.5,102
keylong,manali,71,1500,4,19,0,HRTC Ordinary,0,3.0,102
keylong,manali,71,1500,5,6,0,HRTC Ordinary,0,2.5,102
keylong,manali,71,1500,5,10,0,HRTC Ordinary,0,2.5,102
keylong,manali,71,1500,5,14,0,HRTC Ordinary,0,2.5,102
keylong,manali,71,1500,5,19,0,HRTC Ordinary,0,3.0,102
keylong,manali,71,1500,6,6,0,HRTC Ordinary,0,2.5,102
keylong,manali,71,1500,6,10,0,HRTC Ordinary,0,2.5,102
keylong,manali,71,1500,6,14,0,HRTC Ordinary,0,2.5,102
keylong,manali,71,1500,6,19,0,HRTC Ordinary,0,3.0,102
keylong,manali,71,1500,7,6,1,HRTC Ordinary,0,3.5,102
keylong,manali,71,1500,7,10,1,HRTC Ordinary,0,3.5,102
keylong,manali,71,1500,7,14,0,HRTC Ordinary,0,2.5,102
keylong,manali,71,1500,7,19,1,HRTC Ordinary,0,4.0,102
keylong,manali,71,1500,8,6,1,HRTC Ordinary,0,3.5,102
keylong,manali,71,1500,8,10,0,HRTC Ordinary,0,2.5,102
keylong,manali,71,1500,8,14,0,HRTC Ordinary,0,2.5,102
keylong,manali,71,1500,8,19,0,HRTC Ordinary,0,3.0,102
keylong,manali,71,1500,9,6,0,HRTC Ordinary,0,2.5,102
keylong,manali,71,1500,9,10,0,HRTC Ordinary,0,2.5,102
keylong,manali,71,1500,9,14,0,HRTC Ordinary,0,2.5,102
keylong,manali,71,1500,9,19,0,HRTC Ordinary,0,3.0,102
keylong,manali,71,1500,10,6,0,HRTC Ordinary,0,2.5,102
keylong,manali,71,1500,10,10,0,HRTC Ordinary,0,2.5,102
keylong,manali,71,1500,10,14,0,HRTC Ordinary,0,2.5,102
keylong,manali,71,1500,10,19,0,HRTC Ordinary,0,3.0,102
keylong,manali,71,1500,11,6,0,HRTC Ordinary,0,2.5,102
keylong,manali,71,1500,11,10,0,HRTC Ordinary,0,2.5,102
keylong,manali,71,1500,11,14,0,HRTC Ordinary,0,2.5,102
keylong,manali,71,1500,11,19,0,HRTC Ordinary,0,3.0,102
keylong,manali,71,1500,12,6,0,HRTC Ordinary,0,2.5,102
keylong,manali,71,1500,12,10,0,HRTC Ordinary,0,2.5,102
keylong,manali,71,1500,12,14,0,HRTC Ordinary,0,2.5,102
keylong,manali,71,1500,12,19,0,HRTC Ordinary,0,3.0,102
manali,kaza,200,3800,1,6,0,HRTC Ordinary,0,11.0,290
manali,kaza,200,3800,1,10,1,HRTC Ordinary,0,12.5,290
manali,kaza,200,3800,1,14,0,HRTC Ordinary,0,11.0,290
manali,kaza,200,3800,1,19,1,HRTC Ordinary,0,13.0,290
manali,kaza,200,3800,2,6,0,HRTC Ordinary,0,11.0,290
manali,kaza,200,3800,2,10,2,HRTC Ordinary,0,16.0,290
manali,kaza,200,3800,2,14,1,HRTC Ordinary,0,12.5,290
manali,kaza,200,3800,2,19,1,HRTC Ordinary,0,13.0,290
manali,kaza,200,3800,3,6,0,HRTC Ordinary,0,11.0,290
manali,kaza,200,3800,3,10,0,HRTC Ordinary,0,11.0,290
manali,kaza,200,3800,3,14,0,HRTC Ordinary,0,11.0,290
manali,kaza,200,3800,3,19,0,HRTC Ordinary,0,11.5,290
manali,kaza,200,3800,4,6,0,HRTC Ordinary,0,11.0,290
manali,kaza,200,3800,4,10,0,HRTC Ordinary,0,11.0,290
manali,kaza,200,3800,4,14,0,HRTC Ordinary,0,11.0,290
manali,kaza,200,3800,4,19,0,HRTC Ordinary,0,11.5,290
manali,kaza,200,3800,5,6,0,HRTC Ordinary,0,11.0,290
manali,kaza,200,3800,5,10,0,HRTC Ordinary,0,11.0,290
manali,kaza,200,3800,5,14,0,HRTC Ordinary,0,11.0,290
manali,kaza,200,3800,5,19,0,HRTC Ordinary,0,11.5,290
manali,kaza,200,3800,6,6,0,HRTC Ordinary,0,11.0,290
manali,kaza,200,3800,6,10,0,HRTC Ordinary,0,11.0,290
manali,kaza,200,3800,6,14,0,HRTC Ordinary,0,11.0,290
manali,kaza,200,3800,6,19,0,HRTC Ordinary,0,11.5,290
manali,kaza,200,3800,7,6,1,HRTC Ordinary,0,12.0,290
manali,kaza,200,3800,7,10,1,HRTC Ordinary,0,12.0,290
manali,kaza,200,3800,7,14,0,HRTC Ordinary,0,11.0,290
manali,kaza,200,3800,7,19,1,HRTC Ordinary,0,12.5,290
manali,kaza,200,3800,8,6,1,HRTC Ordinary,0,12.0,290
manali,kaza,200,3800,8,10,1,HRTC Ordinary,0,12.0,290
manali,kaza,200,3800,8,14,1,HRTC Ordinary,0,12.0,290
manali,kaza,200,3800,8,19,0,HRTC Ordinary,0,11.5,290
manali,kaza,200,3800,9,6,0,HRTC Ordinary,0,11.0,290
manali,kaza,200,3800,9,10,0,HRTC Ordinary,0,11.0,290
manali,kaza,200,3800,9,14,0,HRTC Ordinary,0,11.0,290
manali,kaza,200,3800,9,19,0,HRTC Ordinary,0,11.5,290
manali,kaza,200,3800,10,6,0,HRTC Ordinary,0,11.0,290
manali,kaza,200,3800,10,10,0,HRTC Ordinary,0,11.0,290
manali,kaza,200,3800,10,14,0,HRTC Ordinary,0,11.0,290
manali,kaza,200,3800,10,19,0,HRTC Ordinary,0,11.5,290
manali,kaza,200,3800,11,6,0,HRTC Ordinary,0,11.0,290
manali,kaza,200,3800,11,10,0,HRTC Ordinary,0,11.0,290
manali,kaza,200,3800,11,14,0,HRTC Ordinary,0,11.0,290
manali,kaza,200,3800,11,19,0,HRTC Ordinary,0,11.5,290
manali,kaza,200,3800,12,6,0,HRTC Ordinary,0,11.0,290
manali,kaza,200,3800,12,10,1,HRTC Ordinary,0,12.5,290
manali,kaza,200,3800,12,14,1,HRTC Ordinary,0,12.5,290
manali,kaza,200,3800,12,19,1,HRTC Ordinary,0,13.0,290
kaza,manali,200,3800,1,6,1,HRTC Ordinary,0,12.5,290
kaza,manali,200,3800,1,10,2,HRTC Ordinary,0,16.0,290
kaza,manali,200,3800,1,14,1,HRTC Ordinary,0,12.5,290
kaza,manali,200,3800,1,19,0,HRTC Ordinary,0,11.5,290
kaza,manali,200,3800,2,6,0,HRTC Ordinary,0,11.0,290
kaza,manali,200,3800,2,10,0,HRTC Ordinary,0,11.0,290
kaza,manali,200,3800,2,14,0,HRTC Ordinary,0,11.0,290
kaza,manali,200,3800,2,19,0,HRTC Ordinary,0,11.5,290
kaza,manali,200,3800,3,6,0,HRTC Ordinary,0,11.0,290
kaza,manali,200,3800,3,10,0,HRTC Ordinary,0,11.0,290
kaza,manali,200,3800,3,14,0,HRTC Ordinary,0,11.0,290
kaza,manali,200,3800,3,19,0,HRTC Ordinary,0,11.5,290
kaza,manali,200,3800,4,6,0,HRTC Ordinary,0,11.0,290
kaza,manali,200,3800,4,10,0,HRTC Ordinary,0,11.0,290
kaza,manali,200,3800,4,14,0,HRTC Ordinary,0,11.0,290
kaza,manali,200,3800,4,19,0,HRTC Ordinary,0,11.5,290
kaza,manali,200,3800,5,6,0,HRTC Ordinary,0,11.0,290
kaza,manali,200,3800,5,10,0,HRTC Ordinary,0,11.0,290
kaza,manali,200,3800,5,14,0,HRTC Ordinary,0,11.0,290
kaza,manali,200,3800,5,19,0,HRTC Ordinary,0,11.5,290
kaza,manali,200,3800,6,6,0,HRTC Ordinary,0,11.0,290
kaza,manali,200,3800,6,10,0,HRTC Ordinary,0,11.0,290
kaza,manali,200,3800,6,14,0,HRTC Ordinary,0,11.0,290
kaza,manali,200,3800,6,19,0,HRTC Ordinary,0,11.5,290
kaza,manali,200,3800,7,6,0,HRTC Ordinary,0,11.0,290
kaza,manali,200,3800,7,10,0,HRTC Ordinary,0,11.0,290
kaza,manali,200,3800,7,14,0,HRTC Ordinary,0,11.0,290
kaza,manali,200,3800,7,19,2,HRTC Ordinary,0,15.0,290
kaza,manali,200,3800,8,6,0,HRTC Ordinary,0,11.0,290
kaza,manali,200,3800,8,10,1,HRTC Ordinary,0,12.0,290
kaza,manali,200,3800,8,14,1,HRTC Ordinary,0,12.0,290
kaza,manali,200,3800,8,19,2,HRTC Ordinary,0,15.0,290
kaza,manali,200,3800,9,6,0,HRTC Ordinary,0,11.0,290
kaza,manali,200,3800,9,10,0,HRTC Ordinary,0,11.0,290
kaza,manali,200,3800,9,14,0,HRTC Ordinary,0,11.0,290
kaza,manali,200,3800,9,19,0,HRTC Ordinary,0,11.5,290
kaza,manali,200,3800,10,6,0,HRTC Ordinary,0,11.0,290
kaza,manali,200,3800,10,10,0,HRTC Ordinary,0,11.0,290
kaza,manali,200,3800,10,14,0,HRTC Ordinary,0,11.0,290
kaza,manali,200,3800,10,19,0,HRTC Ordinary,0,11.5,290
kaza,manali,200,3800,11,6,0,HRTC Ordinary,0,11.0,290
kaza,manali,200,3800,11,10,0,HRTC Ordinary,0,11.0,290
kaza,manali,200,3800,11,14,0,HRTC Ordinary,0,11.0,290
kaza,manali,200,3800,11,19,0,HRTC Ordinary,0,11.5,290
kaza,manali,200,3800,12,6,0,HRTC Ordinary,0,11.0,290
kaza,manali,200,3800,12,10,1,HRTC Ordinary,0,12.5,290
kaza,manali,200,3800,12,14,2,HRTC Ordinary,0,16.0,290
kaza,manali,200,3800,12,19,2,HRTC Ordinary,0,16.5,290
chamba,dalhousie,55,1500,1,6,0,HRTC Ordinary,0,2.0,79
chamba,dalhousie,55,1500,1,10,0,HRTC Ordinary,0,2.0,79
chamba,dalhousie,55,1500,1,14,0,HRTC Ordinary,0,2.0,79
chamba,dalhousie,55,1500,1,19,0,HRTC Ordinary,0,2.5,79
chamba,dalhousie,55,1500,2,6,0,HRTC Ordinary,0,2.0,79
chamba,dalhousie,55,1500,2,10,0,HRTC Ordinary,0,2.0,79
chamba,dalhousie,55,1500,2,14,0,HRTC Ordinary,0,2.0,79
chamba,dalhousie,55,1500,2,19,0,HRTC Ordinary,0,2.5,79
chamba,dalhousie,55,1500,3,6,0,HRTC Ordinary,0,2.0,79
chamba,dalhousie,55,1500,3,10,0,HRTC Ordinary,0,2.0,79
chamba,dalhousie,55,1500,3,14,0,HRTC Ordinary,0,2.0,79
chamba,dalhousie,55,1500,3,19,0,HRTC Ordinary,0,2.5,79
chamba,dalhousie,55,1500,4,6,0,HRTC Ordinary,0,2.0,79
chamba,dalhousie,55,1500,4,10,0,HRTC Ordinary,0,2.0,79
chamba,dalhousie,55,1500,4,14,0,HRTC Ordinary,0,2.0,79
chamba,dalhousie,55,1500,4,19,0,HRTC Ordinary,0,2.5,79
chamba,dalhousie,55,1500,5,6,0,HRTC Ordinary,0,2.0,79
chamba,dalhousie,55,1500,5,10,0,HRTC Ordinary,0,2.0,79
chamba,dalhousie,55,1500,5,14,0,HRTC Ordinary,0,2.0,79
chamba,dalhousie,55,1500,5,19,0,HRTC Ordinary,0,2.5,79
chamba,dalhousie,55,1500,6,6,0,HRTC Ordinary,0,2.0,79
chamba,dalhousie,55,1500,6,10,0,HRTC Ordinary,0,2.0,79
chamba,dalhousie,55,1500,6,14,0,HRTC Ordinary,0,2.0,79
chamba,dalhousie,55,1500,6,19,0,HRTC Ordinary,0,2.5,79
chamba,dalhousie,55,1500,7,6,2,HRTC Ordinary,0,5.5,79
chamba,dalhousie,55,1500,7,10,0,HRTC Ordinary,0,2.0,79
chamba,dalhousie,55,1500,7,14,0,HRTC Ordinary,0,2.0,79
chamba,dalhousie,55,1500,7,19,1,HRTC Ordinary,0,3.5,79
chamba,dalhousie,55,1500,8,6,2,HRTC Ordinary,0,5.5,79
chamba,dalhousie,55,1500,8,10,1,HRTC Ordinary,0,3.0,79
chamba,dalhousie,55,1500,8,14,1,HRTC Ordinary,0,3.0,79
chamba,dalhousie,55,1500,8,19,0,HRTC Ordinary,0,2.5,79
chamba,dalhousie,55,1500,9,6,0,HRTC Ordinary,0,2.0,79
chamba,dalhousie,55,1500,9,10,0,HRTC Ordinary,0,2.0,79
chamba,dalhousie,55,1500,9,14,0,HRTC Ordinary,0,2.0,79
chamba,dalhousie,55,1500,9,19,0,HRTC Ordinary,0,2.5,79
chamba,dalhousie,55,1500,10,6,0,HRTC Ordinary,0,2.0,79
chamba,dalhousie,55,1500,10,10,0,HRTC Ordinary,0,2.0,79
chamba,dalhousie,55,1500,10,14,0,HRTC Ordinary,0,2.0,79
chamba,dalhousie,55,1500,10,19,0,HRTC Ordinary,0,2.5,79
chamba,dalhousie,55,1500,11,6,0,HRTC Ordinary,0,2.0,79
chamba,dalhousie,55,1500,11,10,0,HRTC Ordinary,0,2.0,79
chamba,dalhousie,55,1500,11,14,0,HRTC Ordinary,0,2.0,79
chamba,dalhousie,55,1500,11,19,0,HRTC Ordinary,0,2.5,79
chamba,dalhousie,55,1500,12,6,0,HRTC Ordinary,0,2.0,79
chamba,dalhousie,55,1500,12,10,0,HRTC Ordinary,0,2.0,79
chamba,dalhousie,55,1500,12,14,0,HRTC Ordinary,0,2.0,79
chamba,dalhousie,55,1500,12,19,0,HRTC Ordinary,0,2.5,79
dalhousie,chamba,55,1500,1,6,0,HRTC Ordinary,0,2.0,79
dalhousie,chamba,55,1500,1,10,0,HRTC Ordinary,0,2.0,79
dalhousie,chamba,55,1500,1,14,0,HRTC Ordinary,0,2.0,79
dalhousie,chamba,55,1500,1,19,0,HRTC Ordinary,0,2.5,79
dalhousie,chamba,55,1500,2,6,0,HRTC Ordinary,0,2.0,79
dalhousie,chamba,55,1500,2,10,0,HRTC Ordinary,0,2.0,79
dalhousie,chamba,55,1500,2,14,0,HRTC Ordinary,0,2.0,79
dalhousie,chamba,55,1500,2,19,0,HRTC Ordinary,0,2.5,79
dalhousie,chamba,55,1500,3,6,0,HRTC Ordinary,0,2.0,79
dalhousie,chamba,55,1500,3,10,0,HRTC Ordinary,0,2.0,79
dalhousie,chamba,55,1500,3,14,0,HRTC Ordinary,0,2.0,79
dalhousie,chamba,55,1500,3,19,0,HRTC Ordinary,0,2.5,79
dalhousie,chamba,55,1500,4,6,0,HRTC Ordinary,0,2.0,79
dalhousie,chamba,55,1500,4,10,0,HRTC Ordinary,0,2.0,79
dalhousie,chamba,55,1500,4,14,0,HRTC Ordinary,0,2.0,79
dalhousie,chamba,55,1500,4,19,0,HRTC Ordinary,0,2.5,79
dalhousie,chamba,55,1500,5,6,0,HRTC Ordinary,0,2.0,79
dalhousie,chamba,55,1500,5,10,0,HRTC Ordinary,0,2.0,79
dalhousie,chamba,55,1500,5,14,0,HRTC Ordinary,0,2.0,79
dalhousie,chamba,55,1500,5,19,0,HRTC Ordinary,0,2.5,79
dalhousie,chamba,55,1500,6,6,0,HRTC Ordinary,0,2.0,79
dalhousie,chamba,55,1500,6,10,0,HRTC Ordinary,0,2.0,79
dalhousie,chamba,55,1500,6,14,0,HRTC Ordinary,0,2.0,79
dalhousie,chamba,55,1500,6,19,0,HRTC Ordinary,0,2.5,79
dalhousie,chamba,55,1500,7,6,1,HRTC Ordinary,0,3.0,79
dalhousie,chamba,55,1500,7,10,0,HRTC Ordinary,0,2.0,79
dalhousie,chamba,55,1500,7,14,0,HRTC Ordinary,0,2.0,79
dalhousie,chamba,55,1500,7,19,1,HRTC Ordinary,0,3.5,79
dalhousie,chamba,55,1500,8,6,1,HRTC Ordinary,0,3.0,79
dalhousie,chamba,55,1500,8,10,0,HRTC Ordinary,0,2.0,79
dalhousie,chamba,55,1500,8,14,0,HRTC Ordinary,0,2.0,79
dalhousie,chamba,55,1500,8,19,1,HRTC Ordinary,0,3.5,79
dalhousie,chamba,55,1500,9,6,0,HRTC Ordinary,0,2.0,79
dalhousie,chamba,55,1500,9,10,0,HRTC Ordinary,0,2.0,79
dalhousie,chamba,55,1500,9,14,0,HRTC Ordinary,0,2.0,79
dalhousie,chamba,55,1500,9,19,0,HRTC Ordinary,0,2.5,79
dalhousie,chamba,55,1500,10,6,0,HRTC Ordinary,0,2.0,79
dalhousie,chamba,55,1500,10,10,0,HRTC Ordinary,0,2.0,79
dalhousie,chamba,55,1500,10,14,0,HRTC Ordinary,0,2.0,79
dalhousie,chamba,55,1500,10,19,0,HRTC Ordinary,0,2.5,79
dalhousie,chamba,55,1500,11,6,0,HRTC Ordinary,0,2.0,79
dalhousie,chamba,55,1500,11,10,0,HRTC Ordinary,0,2.0,79
dalhousie,chamba,55,1500,11,14,0,HRTC Ordinary,0,2.0,79
dalhousie,chamba,55,1500,11,19,0,HRTC Ordinary,0,2.5,79
dalhousie,chamba,55,1500,12,6,0,HRTC Ordinary,0,2.0,79
dalhousie,chamba,55,1500,12,10,0,HRTC Ordinary,0,2.0,79
dalhousie,chamba,55,1500,12,14,0,HRTC Ordinary,0,2.0,79
dalhousie,chamba,55,1500,12,19,0,HRTC Ordinary,0,2.5,79
